age,gender,income,education,marital_status,household_size,region,urban_rural,total_purchases_12m,total_spend_12m,avg_order_value,days_since_last_purchase,product_categories_purchased,returns_rate,discount_usage_rate,loyalty_program_member,email_open_rate,email_click_rate,website_visits_30d,avg_session_duration,mobile_app_usage,social_media_engagement,push_notification_enabled,sms_opt_in,purchased_product_a
49,Male,60701,Bachelor,Married,2,Southwest,Urban,13,576.94,44.38,18,5,0.038,0.501,0,0.236,0.045,11,15.17,6,15.55,1,1,0
39,Male,37033,High School,Married,4,Southwest,Suburban,14,741.65,52.98,25,1,0.029,0.436,0,0.338,0.05,8,3.49,13,24.27,0,0,0
51,Male,63185,Master,Widowed,1,Southeast,Suburban,25,2045.2,81.81,24,2,0.047,0.416,1,0.138,0.057,9,5.75,13,44.28,1,0,0
64,Male,104063,Bachelor,Married,4,Midwest,Suburban,10,889.58,88.96,28,1,0.306,0.223,0,0.267,0.029,10,5.5,5,10.69,0,0,0
38,Male,83414,Bachelor,Married,1,Northeast,Suburban,22,2071.67,94.17,21,5,0.054,0.722,1,0.14,0.042,9,5.68,7,48.87,0,0,0
38,Female,68653,High School,Married,2,West,Suburban,14,486.22,34.73,28,4,0.049,0.584,0,0.312,0.082,5,7.49,11,28.71,1,0,0
65,Female,97201,Bachelor,Divorced,4,West,Suburban,15,1083.71,72.25,34,5,0.136,0.19,1,0.266,0.053,9,4.41,13,19.26,0,0,0
53,Female,66003,Master,Widowed,2,Southwest,Suburban,16,1475.74,92.23,32,5,0.206,0.566,0,0.32,0.083,4,5.41,10,0.0,1,0,1
34,Male,52399,Bachelor,Divorced,4,West,Urban,12,467.93,38.99,38,2,0.231,0.391,1,0.212,0.04,14,4.61,12,82.37,1,1,0
50,Male,113156,PhD,Divorced,1,Northeast,Rural,23,657.74,28.6,29,4,0.081,0.549,1,0.204,0.03,16,14.66,15,8.36,1,0,1
35,Male,100632,PhD,Widowed,1,Southeast,Rural,18,1151.65,63.98,14,2,0.107,0.796,0,0.353,0.096,14,4.44,12,54.76,1,0,1
35,Other,50258,High School,Married,5,Southeast,Suburban,14,894.26,63.88,42,7,0.03,0.266,0,0.441,0.201,8,4.17,11,26.52,0,0,1
45,Female,67133,High School,Married,3,Midwest,Urban,18,1118.71,62.15,23,5,0.071,0.267,0,0.228,0.077,10,3.81,5,18.95,0,0,0
18,Female,70174,Master,Divorced,2,Southeast,Urban,13,512.06,39.39,38,3,0.069,0.212,0,0.247,0.08,9,5.1,18,49.34,0,0,0
18,Male,56811,Bachelor,Single,2,Midwest,Urban,9,395.77,43.97,33,3,0.143,0.524,0,0.431,0.159,8,4.26,9,44.79,1,0,0
33,Female,42414,High School,Married,5,Southwest,Urban,7,172.17,24.6,29,3,0.195,0.333,0,0.316,0.089,6,5.44,7,4.78,0,0,0
26,Male,76130,Bachelor,Married,6,Northeast,Suburban,30,1314.14,43.8,19,5,0.051,0.493,1,0.448,0.197,13,3.8,17,54.14,0,0,1
46,Female,70938,Bachelor,Divorced,1,Northeast,Urban,14,670.45,47.89,21,2,0.024,0.693,0,0.325,0.075,8,17.92,13,25.3,0,0,0
28,Female,58040,Master,Married,6,Northeast,Urban,20,1222.59,61.13,18,2,0.095,0.296,0,0.228,0.053,13,6.95,24,34.1,0,0,0
20,Other,30035,High School,Married,3,Southwest,Suburban,12,180.0,15.0,16,9,0.063,0.583,0,0.311,0.061,9,7.25,19,36.31,1,1,0
63,Female,70773,High School,Widowed,2,Southeast,Rural,13,1205.12,92.7,38,7,0.162,0.783,0,0.336,0.045,9,7.34,6,17.58,1,0,0
38,Male,115910,PhD,Married,2,Southeast,Urban,14,1202.39,85.88,37,7,0.02,0.697,0,0.237,0.055,11,4.28,14,41.28,1,0,0
43,Female,89365,Master,Single,1,West,Suburban,18,945.89,52.55,35,5,0.077,0.417,1,0.423,0.183,15,9.27,12,2.31,0,0,0
20,Female,53807,Bachelor,Single,1,Northeast,Rural,18,673.79,37.43,35,5,0.177,0.746,1,0.234,0.097,16,4.21,15,60.23,0,0,0
33,Male,63270,Master,Married,6,Midwest,Rural,17,831.98,48.94,31,5,0.091,0.197,1,0.208,0.097,8,4.0,11,23.96,1,1,0
43,Male,86782,Bachelor,Married,1,Southwest,Suburban,12,882.19,73.52,27,1,0.054,0.656,0,0.187,0.063,8,3.14,13,38.48,0,0,1
24,Male,65020,Master,Single,4,Midwest,Urban,18,1179.66,65.54,20,3,0.33,0.475,0,0.191,0.035,5,3.58,7,41.66,1,1,0
47,Male,76699,Bachelor,Married,5,Midwest,Urban,12,773.67,64.47,30,3,0.083,0.52,0,0.421,0.089,13,5.82,10,40.24,1,0,0
32,Male,88402,Bachelor,Divorced,2,Northeast,Urban,15,886.39,59.09,15,2,0.047,0.495,0,0.15,0.028,9,6.54,16,18.07,1,1,0
37,Female,92831,Master,Married,2,Southeast,Suburban,10,761.96,76.2,63,2,0.063,0.46,0,0.266,0.033,9,7.5,11,31.53,1,1,0
32,Male,41776,Bachelor,Divorced,2,Midwest,Urban,12,180.0,15.0,48,3,0.04,0.599,0,0.233,0.069,10,10.32,9,44.35,0,1,0
69,Male,99257,PhD,Widowed,4,Northeast,Suburban,16,885.14,55.32,15,6,0.041,0.579,0,0.157,0.061,11,10.5,3,0.0,1,1,0
41,Female,72435,Bachelor,Married,3,West,Urban,11,579.63,52.69,58,1,0.019,0.33,0,0.224,0.088,7,4.98,12,27.47,0,1,0
26,Female,73208,PhD,Single,3,Southeast,Suburban,16,636.15,39.76,37,1,0.18,0.317,0,0.371,0.151,6,4.43,12,72.02,1,1,0
54,Female,123528,PhD,Divorced,2,Southeast,Urban,24,2097.35,87.39,27,7,0.019,0.354,1,0.337,0.048,14,4.13,2,0.0,0,0,0
23,Male,59633,Bachelor,Married,2,Southeast,Suburban,9,297.5,33.06,33,3,0.4,0.807,0,0.219,0.057,10,3.51,20,58.81,1,1,1
45,Female,94080,Master,Married,4,West,Suburban,28,3116.42,111.3,12,5,0.026,0.529,1,0.318,0.116,12,3.72,7,44.31,0,0,1
18,Female,44398,Bachelor,Single,3,Southwest,Suburban,11,253.51,23.05,36,1,0.287,0.598,0,0.229,0.037,10,8.52,15,21.63,1,0,0
22,Male,114320,PhD,Single,5,Midwest,Urban,15,1760.77,117.38,19,5,0.021,0.522,0,0.387,0.117,9,4.33,16,60.81,1,1,1
44,Male,118438,Bachelor,Single,1,Midwest,Urban,25,1227.86,49.11,16,2,0.09,0.767,1,0.34,0.08,10,5.35,14,31.62,0,1,0
53,Female,93821,Master,Married,5,Southeast,Urban,16,1872.2,117.01,11,4,0.185,0.602,0,0.285,0.088,8,10.39,6,16.06,1,0,1
44,Female,81095,Bachelor,Married,1,Midwest,Suburban,22,1809.0,82.23,28,6,0.078,0.62,1,0.297,0.14,10,4.79,9,4.35,1,1,1
40,Other,59061,High School,Married,5,Southeast,Urban,5,376.81,75.36,45,3,0.052,0.889,0,0.293,0.1,2,5.18,6,59.34,1,0,0
37,Female,51304,High School,Widowed,2,Southeast,Suburban,9,255.11,28.35,45,4,0.117,0.508,0,0.259,0.093,3,4.28,8,57.57,0,1,0
19,Female,43318,Bachelor,Single,5,Southeast,Urban,6,271.23,45.21,98,1,0.163,0.645,0,0.241,0.028,9,4.31,11,39.09,1,0,0
31,Female,64125,Master,Divorced,2,Northeast,Urban,11,626.05,56.91,52,5,0.048,0.876,0,0.103,0.033,6,11.77,11,11.51,0,1,0
35,Male,51566,Bachelor,Married,5,Northeast,Suburban,13,698.98,53.77,43,6,0.109,0.588,1,0.218,0.034,13,5.15,14,21.46,0,1,0
57,Male,92278,Bachelor,Divorced,2,Northeast,Suburban,7,711.14,101.59,64,4,0.092,0.346,0,0.264,0.103,9,3.75,5,30.79,0,0,0
47,Male,70404,Bachelor,Married,2,Southeast,Urban,26,2054.74,79.03,15,2,0.045,0.79,1,0.266,0.098,11,5.37,9,36.35,0,0,0
18,Female,20000,Bachelor,Single,3,West,Suburban,7,256.8,36.69,53,2,0.025,0.802,0,0.073,0.012,5,12.38,22,34.12,1,0,0
46,Female,69072,High School,Divorced,1,Midwest,Suburban,20,1690.36,84.52,10,3,0.064,0.387,1,0.443,0.105,7,3.38,10,0.81,0,0,1
36,Female,83826,Master,Divorced,2,West,Urban,13,1242.49,95.58,15,1,0.271,0.674,0,0.223,0.078,7,3.45,7,18.94,0,1,1
31,Male,115600,PhD,Married,2,Southeast,Urban,15,1146.62,76.44,40,4,0.118,0.697,0,0.336,0.08,12,3.29,11,42.24,1,0,1
51,Female,86996,Bachelor,Single,1,Southeast,Suburban,9,553.98,61.55,40,5,0.245,0.85,0,0.252,0.047,2,6.59,7,16.38,0,1,1
57,Male,49019,High School,Divorced,5,Southwest,Rural,6,586.46,97.74,30,2,0.095,0.474,0,0.375,0.065,8,3.84,11,0.0,0,1,0
55,Male,36154,High School,Married,3,Midwest,Urban,10,432.8,43.28,49,1,0.162,0.573,0,0.423,0.123,12,12.42,9,58.64,0,0,1
29,Female,68007,Master,Single,1,Midwest,Suburban,17,869.45,51.14,30,1,0.053,0.363,1,0.517,0.127,6,18.08,16,56.33,1,1,0
37,Female,60823,Bachelor,Divorced,4,Midwest,Rural,14,802.5,57.32,20,2,0.111,0.59,0,0.362,0.084,9,11.45,13,9.61,1,0,0
46,Other,106547,Master,Married,6,Midwest,Suburban,16,1676.2,104.76,23,5,0.224,0.6,0,0.271,0.133,6,7.09,12,17.17,1,1,0
56,Male,85266,Bachelor,Divorced,3,Southwest,Urban,15,1305.01,87.0,31,2,0.087,0.655,0,0.349,0.107,11,3.72,7,46.48,0,0,0
34,Female,99805,Master,Divorced,2,Southwest,Suburban,16,1238.25,77.39,29,3,0.165,0.609,0,0.116,0.036,7,3.78,8,12.05,1,1,0
39,Male,51927,Bachelor,Married,5,West,Urban,8,545.56,68.2,51,1,0.111,0.385,0,0.342,0.146,13,7.06,14,42.69,0,0,0
25,Male,75078,Bachelor,Single,3,West,Suburban,14,1015.63,72.54,25,3,0.023,0.485,0,0.275,0.084,16,6.41,14,28.34,1,0,1
24,Female,70614,Bachelor,Single,2,Midwest,Urban,13,812.01,62.46,15,3,0.094,0.483,0,0.098,0.011,8,6.01,15,23.41,1,0,0
54,Female,38526,High School,Married,6,Northeast,Urban,6,259.57,43.26,27,2,0.051,0.373,0,0.231,0.095,10,11.9,6,25.01,1,0,0
62,Female,110039,Bachelor,Divorced,3,Northeast,Urban,20,1759.61,87.98,20,1,0.054,0.783,0,0.408,0.16,15,6.32,9,5.09,0,0,0
40,Male,89001,Master,Married,4,Northeast,Suburban,26,1720.61,66.18,10,5,0.206,0.53,1,0.195,0.051,9,4.17,14,6.47,1,0,1
57,Female,92080,Bachelor,Married,5,Northeast,Rural,12,929.43,77.45,53,4,0.088,0.557,0,0.273,0.034,12,3.62,10,31.08,0,0,1
47,Male,80226,Master,Single,2,Southeast,Suburban,12,829.47,69.12,41,2,0.037,0.76,0,0.138,0.022,13,6.36,7,27.68,0,0,1
32,Female,85328,Bachelor,Married,4,Northeast,Urban,20,873.04,43.65,23,9,0.112,0.678,1,0.286,0.134,15,3.06,14,45.99,0,0,0
47,Male,45412,High School,Married,4,Midwest,Suburban,9,379.08,42.12,40,4,0.011,0.52,0,0.245,0.087,6,11.71,17,48.08,0,1,0
65,Male,105081,Bachelor,Divorced,3,Southeast,Suburban,15,1160.59,77.37,22,4,0.133,0.606,0,0.05,0.021,9,3.03,5,0.0,0,1,0
41,Female,85709,Bachelor,Married,1,Midwest,Suburban,8,880.39,110.05,31,2,0.254,0.386,0,0.26,0.045,13,4.39,11,35.02,0,1,0
65,Female,77987,Bachelor,Single,2,Northeast,Suburban,27,1776.41,65.79,7,10,0.139,0.36,1,0.333,0.102,15,10.58,4,0.0,0,0,0
18,Male,69750,High School,Single,2,West,Rural,13,914.42,70.34,37,2,0.143,0.582,0,0.149,0.047,7,4.66,14,70.08,0,0,0
54,Male,87272,Bachelor,Widowed,4,West,Urban,9,1049.96,116.66,60,1,0.088,0.564,0,0.253,0.062,8,3.78,7,13.17,1,1,0
43,Female,69808,High School,Single,3,Southeast,Urban,17,566.43,33.32,36,3,0.07,0.41,0,0.357,0.102,5,3.48,10,35.15,1,1,0
37,Male,32293,High School,Married,6,West,Urban,6,92.75,15.46,82,2,0.113,0.552,0,0.187,0.061,11,6.63,6,18.68,1,0,0
43,Male,106765,Bachelor,Married,4,Southeast,Suburban,24,1627.58,67.82,26,1,0.045,0.361,1,0.197,0.025,13,3.58,15,29.19,1,0,1
18,Male,36631,Bachelor,Married,6,West,Rural,7,291.58,41.65,90,3,0.008,0.365,0,0.186,0.063,5,5.21,13,14.23,0,1,0
38,Male,116373,PhD,Single,2,Midwest,Rural,12,1002.53,83.54,54,3,0.091,0.401,0,0.313,0.038,6,4.21,11,14.47,0,0,0
47,Female,63278,Bachelor,Divorced,3,Southeast,Rural,10,514.22,51.42,46,7,0.052,0.413,0,0.366,0.165,11,9.74,10,32.61,1,0,0
64,Female,97515,Master,Married,3,Northeast,Urban,27,1460.27,54.08,10,4,0.05,0.773,1,0.277,0.076,15,6.58,6,12.87,1,0,0
34,Female,79631,Bachelor,Divorced,1,Northeast,Suburban,18,1607.31,89.3,12,3,0.005,0.442,1,0.227,0.067,13,4.27,10,25.6,1,0,1
29,Other,94213,Master,Single,2,West,Suburban,13,884.34,68.03,51,2,0.12,0.516,0,0.34,0.073,10,3.17,12,51.04,1,0,0
34,Male,48730,Bachelor,Married,5,Midwest,Rural,25,1951.29,78.05,13,2,0.1,0.561,1,0.319,0.156,18,5.2,10,45.8,0,0,0
55,Male,130957,PhD,Divorced,3,Southeast,Urban,14,1051.93,75.14,13,2,0.2,0.525,0,0.264,0.061,16,4.81,7,28.2,1,0,0
46,Male,93074,Bachelor,Married,6,Midwest,Urban,27,3124.73,115.73,14,6,0.248,0.413,1,0.105,0.028,16,4.52,8,15.56,1,1,0
34,Male,68730,Master,Married,5,Northeast,Rural,13,403.64,31.05,42,2,0.178,0.948,0,0.357,0.109,7,4.32,5,25.1,0,0,0
49,Male,103779,Bachelor,Married,6,Northeast,Suburban,28,2284.79,81.6,23,5,0.118,0.428,1,0.293,0.112,15,5.22,7,36.82,0,0,1
43,Female,38147,High School,Single,2,West,Rural,8,232.85,29.11,49,2,0.078,0.396,0,0.291,0.067,8,3.44,12,16.87,0,0,0
56,Female,76028,Bachelor,Divorced,5,Midwest,Urban,19,1305.78,68.73,17,3,0.091,0.536,1,0.405,0.197,9,5.12,9,34.92,1,0,1
31,Male,57585,High School,Single,2,Southeast,Rural,16,627.24,39.2,35,3,0.103,0.544,1,0.291,0.079,9,3.2,12,72.99,1,0,0
37,Female,57396,Bachelor,Single,3,West,Suburban,12,189.49,15.79,35,1,0.101,0.445,0,0.057,0.011,10,7.55,4,0.0,1,0,0
36,Female,58357,High School,Married,2,Southeast,Suburban,22,958.42,43.56,9,1,0.119,0.422,1,0.356,0.082,10,5.2,16,19.22,0,1,1
20,Female,60216,Bachelor,Single,2,Southeast,Suburban,18,1656.54,92.03,35,1,0.075,0.453,0,0.366,0.154,13,5.77,13,35.18,0,0,0
46,Female,104593,PhD,Widowed,3,Southeast,Suburban,14,872.14,62.3,36,2,0.052,0.405,0,0.25,0.075,9,11.08,9,32.71,0,0,0
45,Female,89086,Bachelor,Divorced,2,Midwest,Suburban,10,847.12,84.71,18,2,0.047,0.464,0,0.392,0.108,5,4.18,5,41.48,0,0,0
42,Female,85774,Master,Married,3,Midwest,Urban,13,949.01,73.0,13,4,0.119,0.276,0,0.526,0.058,7,3.85,8,26.93,0,0,0
38,Female,74473,Bachelor,Divorced,2,Northeast,Suburban,10,581.43,58.14,20,5,0.055,0.398,0,0.392,0.174,11,3.06,18,35.9,0,0,0
20,Female,73797,Bachelor,Married,6,Southwest,Suburban,8,862.13,107.77,70,1,0.029,0.62,0,0.14,0.05,10,7.07,11,36.95,1,0,0
35,Male,110460,PhD,Married,3,West,Urban,6,473.64,78.94,63,2,0.112,0.511,0,0.307,0.146,4,18.58,16,6.84,1,0,0
36,Male,96190,Master,Divorced,2,Midwest,Urban,16,1303.74,81.48,21,3,0.078,0.399,0,0.371,0.049,17,7.23,12,45.4,0,1,1
29,Female,61562,Master,Single,2,West,Suburban,17,1062.4,62.49,17,3,0.17,0.33,1,0.381,0.157,10,12.25,12,43.76,0,0,0
39,Male,79671,Bachelor,Married,2,Southeast,Urban,27,2736.06,101.34,16,2,0.053,0.405,1,0.266,0.102,16,4.19,11,13.8,1,0,0
48,Male,65822,Bachelor,Married,6,Southeast,Urban,11,362.33,32.94,18,4,0.276,0.503,0,0.377,0.118,9,5.79,6,1.47,0,1,0
70,Female,62378,High School,Divorced,3,Southwest,Rural,22,2333.59,106.07,22,10,0.031,0.66,1,0.273,0.047,3,3.19,5,15.99,0,0,0
44,Male,74724,Bachelor,Single,2,Southeast,Urban,18,1759.52,97.75,20,1,0.032,0.372,1,0.396,0.048,10,9.28,12,33.54,1,1,0
45,Female,63035,Bachelor,Married,4,Northeast,Urban,13,903.12,69.47,46,3,0.057,0.82,0,0.262,0.067,17,6.96,12,36.34,1,1,1
40,Female,99459,Master,Married,4,Northeast,Suburban,14,1289.3,92.09,39,1,0.162,0.339,0,0.356,0.147,8,10.87,13,17.36,1,0,1
18,Other,82218,Master,Single,4,Southwest,Suburban,11,732.02,66.55,16,3,0.157,0.231,0,0.315,0.077,10,5.9,14,55.84,0,0,0
41,Female,44860,Bachelor,Married,3,Northeast,Suburban,12,665.18,55.43,21,4,0.068,0.377,0,0.165,0.07,8,3.99,11,20.89,0,1,0
42,Male,46775,High School,Married,3,Southeast,Rural,7,432.51,61.79,55,3,0.095,0.671,0,0.274,0.129,6,5.4,9,56.98,1,0,0
78,Female,96103,Master,Married,3,Northeast,Suburban,16,958.07,59.88,31,3,0.211,0.382,0,0.22,0.055,9,10.85,2,12.61,0,0,0
39,Female,49860,High School,Single,1,Southwest,Suburban,15,1279.77,85.32,35,3,0.081,0.295,0,0.25,0.069,7,13.7,11,36.88,1,1,0
46,Other,84227,Bachelor,Married,4,Midwest,Suburban,12,919.15,76.6,48,2,0.068,0.324,0,0.172,0.034,9,4.3,5,23.75,0,0,1
41,Male,54765,High School,Married,4,Southeast,Suburban,13,782.79,60.21,14,1,0.303,0.273,0,0.454,0.111,14,3.44,3,41.17,0,0,1
24,Male,50953,Bachelor,Single,1,Southwest,Urban,13,495.85,38.14,13,5,0.124,0.683,1,0.331,0.089,4,4.66,8,26.42,0,0,0
59,Female,137302,PhD,Married,6,Southwest,Rural,20,2440.92,122.05,24,6,0.084,0.403,0,0.185,0.086,8,10.81,7,25.46,1,0,0
53,Male,33427,High School,Married,5,Midwest,Urban,20,915.89,45.79,27,4,0.211,0.729,1,0.226,0.043,13,10.53,12,36.95,1,1,0
53,Female,101553,Bachelor,Single,3,Southeast,Suburban,10,702.73,70.27,55,4,0.226,0.486,0,0.481,0.198,10,17.08,9,15.34,0,0,0
28,Male,54835,Bachelor,Single,2,Midwest,Suburban,12,428.36,35.7,20,3,0.11,0.625,0,0.176,0.043,7,3.83,18,61.48,1,0,0
63,Male,119828,PhD,Divorced,1,West,Rural,28,2427.14,86.68,24,7,0.103,0.207,1,0.29,0.029,9,3.76,9,2.42,0,1,0
20,Male,63689,Master,Single,2,Northeast,Urban,7,269.15,38.45,38,4,0.108,0.74,0,0.269,0.104,7,6.3,14,36.74,1,1,1
50,Male,88743,High School,Divorced,3,Southeast,Suburban,14,1138.03,81.29,21,3,0.157,0.531,0,0.408,0.098,9,8.51,13,5.51,1,0,0
74,Female,66335,High School,Single,3,Southeast,Urban,29,2281.0,78.66,8,6,0.325,0.566,1,0.292,0.068,7,3.35,4,0.0,0,0,1
27,Female,62376,Bachelor,Single,1,Southwest,Rural,9,479.95,53.33,20,5,0.033,0.844,0,0.165,0.08,13,6.37,13,36.55,0,1,0
33,Male,74911,Bachelor,Married,3,Southwest,Suburban,5,360.89,72.18,104,4,0.119,0.272,0,0.308,0.048,6,19.28,15,51.31,0,1,0
43,Female,50834,Bachelor,Married,1,Southeast,Urban,11,878.02,79.82,15,2,0.006,0.364,0,0.311,0.079,11,11.3,8,0.0,1,0,0
34,Male,39001,High School,Married,1,Southeast,Suburban,22,1012.96,46.04,18,7,0.154,0.697,1,0.23,0.107,7,4.66,9,48.61,0,1,0
18,Female,37777,High School,Married,3,West,Urban,15,701.7,46.78,14,4,0.087,0.442,0,0.174,0.078,17,5.67,8,29.6,1,1,0
43,Male,61700,Bachelor,Married,4,Southwest,Urban,7,426.72,60.96,25,3,0.336,0.654,0,0.317,0.128,10,4.0,12,0.0,1,0,0
26,Female,49166,Bachelor,Single,1,West,Suburban,13,595.03,45.77,49,5,0.052,0.423,1,0.221,0.032,8,8.34,15,49.45,1,1,0
49,Female,89552,Master,Married,4,West,Urban,9,609.69,67.74,63,2,0.235,0.64,0,0.309,0.101,7,5.48,8,31.76,1,0,0
28,Female,57743,High School,Married,3,Southeast,Rural,24,1043.91,43.5,15,4,0.162,0.656,1,0.29,0.116,18,4.7,7,23.5,0,0,1
65,Female,72459,High School,Widowed,1,Northeast,Suburban,14,1047.47,74.82,28,1,0.168,0.544,0,0.304,0.095,10,6.32,2,13.95,0,0,0
30,Female,110776,PhD,Married,3,Midwest,Suburban,12,1007.48,83.96,50,1,0.176,0.35,0,0.177,0.034,9,7.85,14,39.09,1,0,1
37,Other,55233,Bachelor,Married,4,Southeast,Rural,8,556.74,69.59,68,2,0.077,0.496,0,0.255,0.104,6,3.55,14,19.87,1,0,1
54,Female,80021,Master,Married,6,Midwest,Suburban,18,1628.02,90.45,29,5,0.188,0.584,0,0.19,0.063,6,9.79,6,12.88,1,0,0
23,Female,87895,Bachelor,Married,2,Midwest,Suburban,11,582.28,52.93,39,3,0.092,0.38,0,0.163,0.035,8,3.44,20,45.95,1,0,1
45,Female,66730,Bachelor,Widowed,3,West,Urban,13,606.19,46.63,36,2,0.256,0.325,0,0.375,0.169,11,10.65,7,28.62,0,0,0
61,Male,84736,Master,Divorced,3,Northeast,Rural,12,1034.47,86.21,30,2,0.038,0.564,0,0.307,0.036,10,3.61,3,17.25,1,0,0
18,Female,28869,Bachelor,Single,1,Southeast,Rural,6,236.08,39.35,67,2,0.194,0.844,0,0.387,0.129,8,3.03,16,74.2,1,0,1
44,Male,106926,Master,Single,1,Midwest,Urban,20,1701.55,85.08,22,4,0.316,0.534,1,0.154,0.05,11,6.11,9,18.42,0,0,1
45,Female,71480,Bachelor,Married,4,West,Urban,10,674.11,67.41,59,3,0.163,0.439,0,0.268,0.081,8,4.16,7,23.85,1,0,0
53,Female,79194,Bachelor,Divorced,2,West,Rural,21,1063.37,50.64,13,7,0.051,0.492,0,0.237,0.117,11,6.75,3,28.29,1,0,1
23,Female,56611,Bachelor,Married,5,Midwest,Suburban,13,889.54,68.43,22,5,0.157,0.463,0,0.418,0.099,8,3.31,17,45.33,0,1,0
22,Male,73394,Bachelor,Single,3,Northeast,Suburban,12,860.1,71.68,22,2,0.142,0.403,0,0.181,0.045,7,5.55,8,49.63,0,0,0
49,Male,62107,High School,Married,4,Southeast,Suburban,22,899.45,40.88,21,4,0.027,0.306,1,0.247,0.077,8,7.14,9,33.24,0,1,1
46,Female,112560,Bachelor,Married,5,West,Suburban,24,1991.43,82.98,22,3,0.038,0.289,1,0.427,0.186,7,5.63,11,0.0,1,1,1
45,Female,78606,Bachelor,Married,4,Midwest,Rural,17,1141.08,67.12,17,3,0.17,0.332,1,0.467,0.138,10,4.51,6,42.99,0,0,0
47,Male,94126,Bachelor,Single,1,Southwest,Rural,19,1748.27,92.01,27,2,0.046,0.668,1,0.083,0.033,11,6.51,8,18.11,0,0,1
31,Male,92478,Master,Married,3,Southeast,Rural,27,2691.94,99.7,18,4,0.019,0.303,1,0.307,0.137,15,24.92,19,23.47,0,0,1
45,Female,76053,Bachelor,Married,2,Northeast,Rural,16,1085.75,67.86,21,1,0.037,0.497,0,0.202,0.05,11,4.05,7,47.06,0,1,1
46,Female,98595,PhD,Single,2,Midwest,Urban,21,959.35,45.68,14,7,0.123,0.423,1,0.414,0.197,10,4.26,4,28.13,0,1,0
31,Male,70379,Bachelor,Married,3,West,Urban,12,956.54,79.71,51,3,0.159,0.384,0,0.355,0.127,9,7.17,8,45.09,0,1,1
69,Male,103451,Bachelor,Single,1,West,Rural,15,1885.3,125.69,30,2,0.089,0.332,0,0.19,0.094,8,11.59,10,23.94,0,0,0
49,Male,86211,Master,Married,3,West,Urban,18,1574.34,87.46,29,3,0.285,0.377,0,0.219,0.023,17,4.56,8,23.94,0,1,1
24,Other,62295,Bachelor,Married,3,Midwest,Suburban,9,501.22,55.69,68,1,0.099,0.541,0,0.214,0.062,13,6.43,9,44.38,0,0,0
51,Male,99943,Bachelor,Widowed,3,Midwest,Rural,6,527.95,87.99,42,4,0.13,0.585,0,0.308,0.033,5,10.66,6,33.05,0,0,0
27,Male,78249,High School,Single,1,West,Suburban,13,1106.68,85.13,26,4,0.019,0.517,0,0.132,0.034,9,12.33,10,47.06,0,0,0
53,Male,95815,Bachelor,Divorced,2,Northeast,Suburban,7,561.17,80.17,52,1,0.082,0.418,0,0.222,0.091,7,11.29,6,27.23,1,0,0
59,Male,115741,Bachelor,Married,5,West,Urban,13,1484.2,114.17,22,1,0.086,0.573,0,0.341,0.111,10,5.69,8,31.98,1,0,1
29,Female,84359,PhD,Married,4,Midwest,Urban,23,1139.25,49.53,26,5,0.361,0.353,1,0.227,0.072,19,4.3,12,40.7,0,1,0
56,Male,95928,Bachelor,Divorced,2,West,Suburban,13,908.48,69.88,16,3,0.159,0.585,0,0.287,0.054,13,4.95,9,13.63,1,0,0
48,Male,114077,Master,Single,2,Southwest,Urban,15,1443.31,96.22,19,1,0.068,0.181,0,0.191,0.081,9,5.36,8,48.45,0,1,1
54,Male,70355,Bachelor,Married,6,Northeast,Rural,8,633.15,79.14,31,2,0.07,0.696,0,0.269,0.113,7,5.29,11,20.06,0,1,0
70,Male,89316,Bachelor,Married,4,Northeast,Urban,25,1592.88,63.72,27,2,0.107,0.688,1,0.245,0.042,14,3.47,2,0.0,0,0,1
38,Male,97068,Bachelor,Married,2,Southeast,Suburban,17,1181.16,69.48,29,2,0.093,0.788,1,0.317,0.037,6,6.68,6,33.32,1,0,0
30,Female,64973,Master,Married,4,Southeast,Urban,23,1130.56,49.15,23,3,0.232,0.666,1,0.326,0.155,18,6.2,13,47.23,0,0,1
28,Female,57883,Master,Single,2,Midwest,Suburban,13,572.64,44.05,17,3,0.047,0.284,0,0.197,0.078,9,18.29,13,16.96,1,0,1
29,Female,86719,Bachelor,Single,2,Midwest,Urban,17,1423.57,83.74,16,6,0.052,0.538,0,0.415,0.091,9,10.65,11,60.12,0,0,1
40,Female,90551,Bachelor,Widowed,2,Midwest,Urban,23,1714.08,74.53,26,3,0.126,0.424,1,0.14,0.023,17,3.72,12,34.07,0,0,0
47,Female,84681,Bachelor,Divorced,2,Northeast,Suburban,18,1769.14,98.29,25,3,0.089,0.372,0,0.235,0.078,10,8.26,7,12.29,0,0,0
46,Male,61714,High School,Married,4,West,Rural,12,467.81,38.98,15,2,0.01,0.405,0,0.128,0.058,11,5.77,5,41.32,1,0,0
54,Female,77222,Bachelor,Divorced,2,Midwest,Urban,18,1178.41,65.47,25,5,0.033,0.727,0,0.347,0.061,14,3.83,6,28.16,1,1,1
42,Female,93429,Master,Divorced,2,West,Urban,15,1371.47,91.43,27,7,0.129,0.42,1,0.259,0.037,6,3.44,17,30.08,1,0,1
63,Female,114697,Bachelor,Widowed,3,Northeast,Suburban,16,1507.74,94.23,15,1,0.042,0.584,0,0.212,0.025,11,4.69,6,28.35,0,1,0
38,Female,89578,Master,Single,2,West,Rural,29,1531.92,52.82,16,5,0.119,0.513,1,0.25,0.06,16,7.76,14,48.62,0,1,0
80,Male,137104,Bachelor,Married,3,Northeast,Urban,24,2918.28,121.59,11,2,0.022,0.315,0,0.082,0.021,17,5.14,6,37.77,1,1,1
51,Female,67930,Bachelor,Married,3,Southwest,Urban,17,1120.0,65.88,34,3,0.097,0.432,1,0.18,0.087,10,13.16,5,17.62,1,0,0
29,Female,48504,High School,Single,1,Southwest,Urban,9,833.34,92.59,52,3,0.014,0.462,0,0.421,0.09,9,5.03,21,60.13,1,0,0
25,Other,70004,Master,Single,2,West,Urban,9,561.24,62.36,65,1,0.08,0.799,0,0.318,0.126,4,11.17,9,30.31,1,0,0
49,Male,78522,Master,Married,5,Southeast,Urban,12,1109.05,92.42,31,7,0.151,0.753,0,0.334,0.142,11,3.57,11,12.45,0,1,0
38,Male,68703,Bachelor,Married,3,Northeast,Suburban,13,743.39,57.18,33,5,0.135,0.655,0,0.386,0.104,7,5.24,12,51.96,1,0,0
52,Male,73459,High School,Married,2,West,Suburban,23,1426.17,62.01,24,4,0.158,0.357,1,0.286,0.051,14,19.08,5,26.08,1,0,0
49,Female,72663,High School,Married,4,Southeast,Suburban,16,1219.39,76.21,28,1,0.158,0.742,1,0.294,0.09,15,6.44,8,13.61,1,0,0
40,Male,90156,High School,Single,4,Southeast,Urban,21,861.7,41.03,22,7,0.107,0.542,0,0.154,0.049,21,14.1,10,24.38,1,0,1
29,Male,70767,Bachelor,Married,3,Midwest,Suburban,9,225.02,25.0,48,2,0.275,0.313,0,0.153,0.061,7,3.14,12,26.64,0,0,0
19,Other,88052,Master,Married,5,Northeast,Urban,20,1209.72,60.49,21,4,0.023,0.526,0,0.352,0.065,15,4.12,13,66.55,1,0,1
35,Male,54591,High School,Married,4,Southeast,Urban,24,751.3,31.3,24,6,0.291,0.578,1,0.152,0.061,15,4.61,8,38.16,0,1,0
54,Female,123970,Master,Widowed,4,Southeast,Suburban,34,1593.68,46.87,12,6,0.155,0.613,1,0.188,0.041,14,16.53,8,1.26,0,1,1
45,Male,112576,Bachelor,Single,4,Southeast,Urban,13,1314.8,101.14,48,3,0.166,0.447,0,0.174,0.024,8,6.45,9,31.69,0,0,1
23,Female,81966,Master,Married,2,Midwest,Rural,22,1213.54,55.16,27,5,0.113,0.175,1,0.255,0.059,9,3.62,12,48.8,1,0,1
44,Female,90910,PhD,Single,4,Southeast,Urban,18,1234.47,68.58,29,1,0.057,0.454,0,0.286,0.044,10,3.11,6,34.97,0,1,0
47,Female,54967,High School,Married,3,West,Suburban,7,421.87,60.27,84,1,0.112,0.517,0,0.276,0.135,6,4.57,12,41.2,0,0,0
28,Female,97229,PhD,Single,2,West,Suburban,7,620.93,88.7,59,5,0.144,0.294,0,0.05,0.02,5,8.91,12,4.34,1,0,0
44,Male,67647,High School,Married,2,Northeast,Suburban,24,1667.56,69.48,25,1,0.4,0.415,1,0.286,0.069,15,9.08,9,39.73,1,0,0
42,Male,84676,Bachelor,Married,5,West,Suburban,11,840.18,76.38,26,3,0.127,0.812,0,0.332,0.089,11,6.24,10,41.54,1,0,0
24,Male,81702,Master,Single,1,West,Urban,9,722.16,80.24,22,8,0.126,0.22,0,0.3,0.073,7,12.7,16,28.54,0,0,0
47,Female,108304,PhD,Married,2,Southwest,Urban,19,1408.99,74.16,27,7,0.043,0.649,0,0.202,0.043,8,3.52,7,30.74,0,1,0
50,Female,71057,Bachelor,Widowed,3,West,Urban,22,1128.04,51.27,15,10,0.073,0.464,0,0.404,0.2,12,8.67,6,48.21,0,0,1
58,Male,93017,Bachelor,Married,4,Southeast,Suburban,31,935.22,30.17,16,6,0.032,0.47,1,0.294,0.046,8,9.3,8,11.94,0,1,0
57,Female,129024,Master,Married,2,West,Suburban,14,1501.89,107.28,14,2,0.24,0.611,0,0.25,0.042,10,5.4,9,23.41,1,1,0
21,Male,87698,Master,Single,1,Southwest,Suburban,11,661.51,60.14,58,3,0.051,0.623,0,0.349,0.061,8,8.48,15,45.24,1,0,0
27,Female,55220,High School,Married,6,Southeast,Urban,17,1653.76,97.28,25,1,0.086,0.766,1,0.219,0.09,14,4.09,9,57.35,1,0,0
49,Other,110243,Master,Married,4,Southwest,Rural,25,2496.97,99.88,7,3,0.205,0.733,1,0.38,0.123,11,5.72,11,9.57,1,0,1
49,Male,74234,Bachelor,Married,3,Midwest,Urban,19,1636.26,86.12,22,2,0.075,0.853,1,0.274,0.041,8,3.93,4,30.37,1,0,1
49,Female,72176,Bachelor,Married,3,Southeast,Urban,25,2005.07,80.2,23,2,0.057,0.665,1,0.149,0.032,12,5.81,10,22.0,0,0,0
80,Male,93383,Bachelor,Married,6,Northeast,Rural,18,1571.49,87.31,34,4,0.165,0.446,0,0.219,0.066,10,7.58,2,0.0,0,1,0
50,Female,78720,Bachelor,Married,4,Southwest,Urban,15,1183.2,78.88,27,2,0.028,0.4,0,0.415,0.182,5,3.01,8,14.7,1,0,0
59,Female,111469,PhD,Married,3,Southwest,Rural,28,2719.25,97.12,8,4,0.18,0.177,1,0.204,0.035,24,3.38,9,32.86,0,1,1
56,Male,103524,Bachelor,Married,2,Midwest,Urban,14,1193.66,85.26,45,6,0.207,0.492,0,0.273,0.036,9,5.64,11,27.26,0,1,0
51,Male,104270,PhD,Married,1,Midwest,Urban,23,1605.54,69.81,29,6,0.005,0.52,1,0.277,0.129,17,3.41,4,21.84,1,0,1
37,Male,43159,High School,Single,2,Southeast,Urban,12,336.07,28.01,16,1,0.276,0.534,0,0.187,0.054,11,4.73,14,56.81,0,0,0
53,Female,127138,Master,Married,2,Midwest,Suburban,30,3060.77,102.03,7,7,0.189,0.532,1,0.191,0.095,21,11.34,9,26.77,1,0,0
30,Female,72829,Master,Married,4,West,Suburban,15,1383.68,92.25,30,4,0.111,0.485,1,0.266,0.039,10,7.08,17,58.94,0,0,0
38,Male,73302,Bachelor,Widowed,2,West,Urban,19,1218.71,64.14,23,3,0.181,0.437,0,0.306,0.067,12,4.18,14,48.63,0,0,1
34,Female,74569,Bachelor,Married,3,Southwest,Urban,23,1617.2,70.31,21,6,0.048,0.575,1,0.201,0.034,17,3.13,13,44.08,0,1,0
43,Female,57949,Bachelor,Married,3,West,Urban,14,456.73,32.62,23,4,0.159,0.847,1,0.467,0.204,12,4.48,8,23.88,0,1,0
76,Male,134932,Master,Single,1,West,Urban,32,2828.37,88.39,6,4,0.242,0.246,1,0.268,0.038,15,16.52,3,21.47,0,1,1
18,Male,79556,Master,Single,3,Northeast,Rural,12,542.41,45.2,38,1,0.105,0.53,0,0.145,0.059,8,4.71,16,75.65,1,1,1
52,Female,90575,High School,Divorced,4,Southeast,Suburban,9,468.9,52.1,26,7,0.105,0.343,0,0.385,0.113,5,3.86,8,0.0,0,1,0
18,Female,59811,Master,Single,1,Northeast,Suburban,10,618.8,61.88,33,4,0.1,0.634,0,0.327,0.145,8,5.31,13,33.14,0,1,0
34,Male,69286,Bachelor,Single,1,Midwest,Urban,20,1269.83,63.49,23,5,0.058,0.213,1,0.464,0.065,18,8.38,11,56.93,0,0,0
58,Male,87590,Bachelor,Married,4,West,Urban,12,1074.58,89.55,22,3,0.136,0.358,0,0.271,0.043,10,10.81,6,14.22,1,0,1
42,Male,93158,Master,Married,5,Northeast,Suburban,12,1102.84,91.9,36,5,0.054,0.621,0,0.278,0.123,5,3.33,10,27.54,1,0,0
25,Female,38780,Bachelor,Married,4,West,Rural,11,351.02,31.91,47,4,0.102,0.883,0,0.316,0.096,4,4.62,19,53.22,1,1,0
31,Male,82062,Master,Single,1,Midwest,Rural,15,484.79,32.32,13,1,0.147,0.787,0,0.299,0.067,15,10.87,12,13.99,0,0,1
52,Male,60803,Bachelor,Married,5,Southwest,Suburban,9,372.89,41.43,52,4,0.061,0.348,0,0.256,0.056,13,4.81,10,25.57,0,0,0
31,Female,55775,High School,Married,6,Northeast,Urban,25,1091.9,43.68,17,4,0.149,0.374,1,0.232,0.06,13,4.95,9,35.39,1,0,1
45,Female,44670,Bachelor,Widowed,3,Northeast,Urban,14,887.26,63.38,15,6,0.016,0.349,1,0.269,0.081,7,10.69,12,33.11,0,0,0
42,Male,31426,High School,Divorced,5,Midwest,Suburban,9,521.65,57.96,56,8,0.23,0.798,0,0.313,0.038,12,5.46,5,28.25,0,0,1
32,Male,93478,Master,Married,3,West,Urban,16,1212.92,75.81,20,5,0.114,0.324,0,0.255,0.03,9,3.59,9,22.53,1,0,0
74,Female,91597,Bachelor,Divorced,3,West,Rural,31,2808.64,90.6,8,1,0.182,0.351,1,0.05,0.015,12,4.4,3,11.26,0,1,1
51,Male,66582,Bachelor,Divorced,1,Southwest,Suburban,21,2405.26,114.54,15,8,0.08,0.472,1,0.32,0.07,16,7.31,12,24.41,1,0,0
18,Male,59062,High School,Married,4,Southeast,Rural,14,800.26,57.16,32,4,0.262,0.406,1,0.372,0.121,9,4.65,16,31.53,1,0,0
44,Female,80714,Bachelor,Divorced,1,Southeast,Suburban,15,985.41,65.69,31,5,0.188,0.413,1,0.225,0.098,11,6.27,5,31.23,0,0,1
32,Male,94281,Master,Divorced,1,West,Suburban,15,904.92,60.33,17,1,0.139,0.358,0,0.278,0.06,2,4.48,9,10.78,1,0,0
54,Female,66306,High School,Single,2,Northeast,Urban,14,973.4,69.53,46,3,0.093,0.324,0,0.252,0.089,14,11.67,3,24.78,1,0,1
30,Female,104794,Bachelor,Single,4,Southwest,Suburban,17,1787.46,105.14,20,5,0.266,0.391,0,0.312,0.099,11,9.13,12,33.98,1,0,1
40,Male,93532,PhD,Married,6,Midwest,Urban,26,1736.62,66.79,12,3,0.101,0.624,1,0.377,0.077,10,3.89,10,18.3,1,0,1
49,Male,105967,Bachelor,Married,4,Midwest,Suburban,22,1653.54,75.16,12,3,0.22,0.578,0,0.398,0.141,16,7.15,14,17.66,0,1,1
54,Female,97879,Master,Single,1,Midwest,Suburban,21,1438.67,68.51,11,3,0.05,0.376,0,0.229,0.11,14,3.37,6,27.32,1,0,0
23,Female,20000,High School,Single,2,West,Suburban,11,186.82,16.98,60,5,0.018,0.641,1,0.292,0.123,12,4.81,17,46.99,0,1,1
36,Female,76642,Bachelor,Divorced,3,West,Suburban,34,2414.17,71.01,15,6,0.019,0.687,1,0.459,0.057,20,6.31,15,2.61,0,0,0
34,Female,87521,Master,Single,1,West,Suburban,11,848.75,77.16,51,1,0.213,0.365,0,0.229,0.043,11,15.29,13,52.16,1,0,0
32,Male,65430,Master,Married,5,Southeast,Urban,23,1423.43,61.89,16,4,0.174,0.612,1,0.27,0.064,16,8.76,13,47.82,0,0,0
68,Female,81166,Bachelor,Single,2,Northeast,Rural,18,1932.55,107.36,21,5,0.159,0.553,0,0.232,0.101,14,4.77,7,28.68,1,0,1
48,Male,78629,Bachelor,Single,2,West,Urban,11,850.5,77.32,60,2,0.052,0.573,0,0.395,0.137,7,13.77,9,11.23,0,1,0
23,Male,64246,Bachelor,Single,1,Northeast,Rural,14,557.13,39.79,19,1,0.062,0.713,0,0.197,0.071,7,3.95,12,47.06,1,0,0
55,Male,32540,High School,Single,2,Midwest,Suburban,14,824.83,58.92,24,1,0.103,0.409,1,0.548,0.176,14,10.16,8,1.2,0,1,1
73,Male,129796,Master,Divorced,1,Southeast,Rural,37,3260.03,88.11,7,8,0.205,0.28,1,0.322,0.06,13,5.87,4,15.98,0,0,1
57,Female,78782,Bachelor,Widowed,3,Midwest,Suburban,5,314.07,62.81,56,1,0.16,0.336,0,0.273,0.041,5,14.43,9,27.42,0,1,0
19,Male,35823,Bachelor,Married,3,Southeast,Suburban,11,488.86,44.44,45,5,0.099,0.46,0,0.415,0.075,10,5.47,11,41.09,1,0,0
34,Male,96915,Master,Single,1,West,Suburban,28,2037.05,72.75,12,6,0.132,0.64,1,0.14,0.043,19,3.06,10,44.51,1,0,1
61,Male,89045,Bachelor,Married,2,West,Suburban,14,1118.9,79.92,44,4,0.278,0.357,0,0.152,0.06,7,4.61,3,25.69,0,1,0
31,Female,83642,Bachelor,Single,3,Southeast,Urban,29,3309.75,114.13,6,6,0.05,0.53,1,0.248,0.121,9,4.25,11,52.01,1,1,1
48,Female,100569,Master,Married,3,Northeast,Suburban,20,1458.35,72.92,17,5,0.032,0.293,1,0.288,0.143,10,19.1,5,49.84,0,0,0
53,Male,97977,Master,Married,3,Southwest,Urban,13,1050.0,80.77,46,1,0.196,0.606,0,0.267,0.034,5,4.65,11,23.53,0,0,1
28,Male,60709,Bachelor,Married,5,Southeast,Suburban,22,1430.9,65.04,22,2,0.054,0.62,1,0.342,0.169,8,5.29,14,48.69,1,0,0
41,Male,65640,High School,Single,1,West,Urban,12,630.8,52.57,46,8,0.194,0.35,0,0.211,0.052,10,15.1,9,11.88,1,1,1
18,Female,48797,Bachelor,Single,1,Northeast,Urban,20,927.39,46.37,17,1,0.122,0.314,1,0.31,0.154,10,11.27,19,49.11,0,0,0
26,Female,63611,Master,Married,3,Northeast,Rural,8,653.4,81.68,42,3,0.077,0.333,0,0.277,0.106,9,3.65,14,51.92,1,0,0
38,Female,80148,Bachelor,Married,4,Southwest,Rural,16,957.89,59.87,39,4,0.173,0.808,0,0.375,0.157,10,10.29,6,32.91,0,1,0
23,Female,71832,Master,Married,3,Southwest,Suburban,18,866.79,48.16,31,3,0.072,0.836,0,0.308,0.136,11,7.23,17,42.45,0,0,1
66,Male,123903,PhD,Widowed,3,Midwest,Rural,14,1786.54,127.61,26,7,0.077,0.519,0,0.17,0.028,11,3.35,4,1.89,0,0,1
20,Female,87940,Master,Single,2,Southeast,Urban,17,847.71,49.87,16,1,0.033,0.952,0,0.37,0.101,10,3.07,18,38.66,0,0,1
35,Female,66891,Bachelor,Married,4,Southeast,Urban,9,730.02,81.11,24,2,0.094,0.739,0,0.287,0.059,10,13.29,13,17.01,1,1,0
43,Male,90225,Master,Married,2,Southeast,Urban,19,1350.6,71.08,32,4,0.083,0.757,0,0.228,0.033,15,5.22,8,21.06,0,0,1
63,Male,82005,Bachelor,Married,6,Southeast,Urban,13,607.07,46.7,40,3,0.146,0.704,0,0.396,0.07,9,9.3,8,14.93,0,1,0
20,Female,63061,Bachelor,Single,1,West,Urban,24,1295.88,53.99,20,5,0.186,0.614,1,0.089,0.011,17,3.27,20,38.87,0,1,0
59,Female,78047,High School,Divorced,3,Northeast,Suburban,12,774.13,64.51,46,2,0.044,0.484,0,0.103,0.026,8,10.4,11,6.33,1,0,0
42,Male,87711,Bachelor,Married,3,Southeast,Urban,22,907.56,41.25,29,4,0.165,0.425,1,0.307,0.058,13,6.35,7,39.05,0,1,0
27,Female,83513,PhD,Single,1,Southwest,Urban,17,1365.33,80.31,33,6,0.096,0.672,0,0.224,0.063,9,3.89,11,41.88,1,0,0
48,Female,57132,High School,Married,4,Northeast,Suburban,9,585.98,65.11,41,3,0.14,0.309,0,0.449,0.122,15,4.18,11,40.53,0,1,1
44,Male,72682,High School,Married,5,West,Urban,14,831.24,59.37,18,2,0.184,0.503,0,0.334,0.114,9,19.22,11,21.62,1,0,0
32,Male,99983,PhD,Single,2,Southwest,Suburban,13,1162.98,89.46,40,1,0.066,0.629,0,0.236,0.114,6,5.77,13,32.69,1,0,0
43,Male,46406,High School,Married,3,Northeast,Urban,7,400.99,57.28,39,3,0.188,0.252,0,0.282,0.136,11,3.76,7,0.0,1,0,0
36,Female,103998,Master,Single,2,West,Rural,25,2696.81,107.87,23,2,0.198,0.595,1,0.411,0.186,15,7.37,15,60.15,1,1,1
43,Male,49523,Bachelor,Married,4,Midwest,Urban,10,332.02,33.2,33,2,0.258,0.267,0,0.316,0.066,8,3.33,3,32.73,1,0,0
51,Male,78164,High School,Divorced,4,Southwest,Rural,12,758.76,63.23,20,2,0.108,0.321,0,0.331,0.15,8,8.64,8,41.93,0,0,0
65,Female,103621,PhD,Divorced,3,West,Suburban,22,2240.32,101.83,13,4,0.104,0.345,1,0.308,0.038,15,11.39,2,24.41,0,1,1
23,Female,72286,High School,Single,2,West,Urban,7,538.79,76.97,41,4,0.176,0.603,0,0.422,0.152,5,3.84,13,62.67,0,0,0
73,Male,75831,Bachelor,Single,3,Southeast,Urban,5,109.42,21.88,64,2,0.086,0.28,0,0.286,0.103,4,5.5,0,22.86,0,0,0
18,Male,72283,Bachelor,Single,3,Southeast,Suburban,14,458.6,32.76,21,4,0.088,0.37,0,0.226,0.033,16,11.92,14,7.2,1,0,0
39,Female,55575,High School,Single,1,Southeast,Rural,8,462.42,57.8,33,6,0.179,0.496,0,0.263,0.087,5,9.53,13,0.0,0,0,0
50,Female,60100,High School,Married,5,Southwest,Urban,8,742.77,92.85,44,1,0.052,0.586,0,0.283,0.043,0,3.14,8,40.06,0,0,0
46,Female,65180,High School,Single,1,West,Urban,21,1133.06,53.96,29,2,0.031,0.649,1,0.338,0.163,15,3.61,15,38.01,1,1,0
32,Male,60678,High School,Married,5,Northeast,Suburban,12,879.81,73.32,17,3,0.116,0.657,0,0.201,0.058,9,19.5,19,41.91,0,0,0
38,Female,72433,Master,Single,2,Northeast,Suburban,12,814.42,67.87,26,4,0.02,0.415,0,0.269,0.114,5,4.19,12,37.46,1,1,0
34,Female,55563,Bachelor,Married,5,West,Rural,7,485.52,69.36,61,5,0.125,0.692,0,0.477,0.142,7,5.99,14,59.58,1,1,0
33,Female,76744,Bachelor,Married,2,Southeast,Suburban,12,1077.44,89.79,50,1,0.038,0.955,0,0.211,0.037,4,3.15,11,28.28,1,1,0
54,Female,58189,Bachelor,Married,6,Southeast,Urban,4,311.91,77.98,67,1,0.052,0.293,0,0.209,0.031,4,3.64,9,21.54,0,1,0
47,Male,99436,PhD,Single,3,Southeast,Rural,18,1762.17,97.9,19,6,0.074,0.38,0,0.434,0.103,8,5.22,6,29.69,0,1,0
31,Male,141010,PhD,Divorced,4,Southeast,Suburban,27,2381.57,88.21,22,8,0.067,0.428,1,0.267,0.127,10,3.98,17,27.11,1,1,1
55,Female,85079,Master,Widowed,2,West,Suburban,22,1529.33,69.51,16,4,0.241,0.551,1,0.34,0.039,9,6.63,5,34.06,0,1,0
46,Female,109617,Master,Single,2,West,Suburban,14,1332.5,95.18,43,9,0.045,0.518,0,0.511,0.12,5,14.71,5,31.7,1,0,0
54,Female,75010,Bachelor,Divorced,1,Southeast,Urban,14,1080.15,77.15,28,4,0.25,0.224,0,0.264,0.081,18,8.04,7,1.69,1,1,1
51,Male,89035,Bachelor,Divorced,5,West,Urban,24,2073.88,86.41,19,6,0.12,0.247,1,0.323,0.099,13,6.64,9,19.63,0,1,0
29,Female,73615,Bachelor,Single,4,Southeast,Urban,17,534.35,31.43,27,6,0.161,0.759,1,0.188,0.035,15,3.12,18,50.01,1,0,0
33,Female,83934,Bachelor,Married,6,West,Rural,17,1630.44,95.91,13,3,0.062,0.451,0,0.25,0.065,13,10.26,12,26.95,0,0,1
53,Male,79996,Bachelor,Married,6,Southeast,Suburban,16,574.91,35.93,22,5,0.128,0.437,0,0.277,0.034,10,6.58,10,51.98,0,0,0
51,Male,111233,Bachelor,Married,4,West,Urban,9,635.39,70.6,31,2,0.131,0.536,0,0.098,0.041,5,4.02,7,45.35,1,0,0
41,Female,94559,PhD,Married,4,Southeast,Suburban,11,893.04,81.19,46,2,0.265,0.336,0,0.395,0.187,8,8.02,4,9.24,1,0,0
43,Female,93513,Master,Divorced,2,Southeast,Suburban,13,990.19,76.17,49,4,0.048,0.702,0,0.354,0.108,5,8.07,5,27.42,1,0,1
61,Female,93079,Bachelor,Divorced,3,West,Urban,23,2413.02,104.91,12,7,0.038,0.387,1,0.296,0.119,9,7.06,7,12.21,1,0,1
33,Female,65170,Master,Single,1,Southeast,Suburban,15,587.54,39.17,14,3,0.038,0.625,0,0.337,0.116,7,7.04,11,37.12,1,0,1
50,Male,76311,Bachelor,Married,3,West,Suburban,12,730.48,60.87,35,2,0.163,0.499,0,0.106,0.023,8,5.73,6,15.54,0,0,0
38,Male,58422,High School,Married,4,Northeast,Urban,7,138.78,19.83,49,2,0.148,0.274,0,0.356,0.148,5,5.49,17,28.28,0,0,1
38,Female,64518,Bachelor,Single,2,Northeast,Rural,9,584.02,64.89,20,1,0.128,0.421,0,0.159,0.045,8,3.11,11,49.95,0,0,0
58,Female,123613,Bachelor,Married,4,West,Suburban,13,1139.38,87.64,49,1,0.023,0.359,0,0.211,0.099,5,9.93,6,50.38,1,0,0
54,Female,56220,High School,Widowed,2,Midwest,Urban,12,399.72,33.31,53,4,0.095,0.656,1,0.346,0.119,7,14.16,7,23.99,1,1,0
54,Female,116491,Master,Married,4,Midwest,Rural,25,2860.73,114.43,24,2,0.171,0.406,0,0.153,0.036,16,14.41,6,6.54,0,0,0
61,Male,102246,Bachelor,Married,3,Northeast,Urban,21,2157.18,102.72,15,4,0.191,0.697,1,0.29,0.131,11,6.76,6,17.15,1,0,0
42,Female,73992,Bachelor,Single,2,Midwest,Rural,16,1095.0,68.44,14,3,0.288,0.289,0,0.495,0.172,12,7.1,11,43.92,1,0,0
52,Male,54221,High School,Married,2,Southeast,Urban,17,1357.97,79.88,28,3,0.079,0.445,0,0.256,0.065,6,6.36,8,32.47,1,0,0
37,Male,43676,High School,Married,5,Midwest,Suburban,15,749.84,49.99,21,4,0.13,0.812,1,0.369,0.142,3,4.94,12,19.61,1,0,0
46,Male,84630,Master,Married,2,Southwest,Suburban,8,692.72,86.59,32,1,0.078,0.435,0,0.1,0.044,8,10.58,8,12.02,0,1,0
40,Male,45813,Bachelor,Married,3,Southwest,Urban,18,1263.03,70.17,28,1,0.108,0.47,1,0.44,0.048,13,3.0,14,41.42,0,0,1
43,Male,89948,PhD,Single,5,West,Suburban,13,696.83,53.6,42,4,0.113,0.479,0,0.277,0.061,12,4.27,13,38.82,0,0,1
50,Male,88362,PhD,Single,2,Southwest,Suburban,16,1325.28,82.83,27,3,0.035,0.466,0,0.247,0.047,8,13.37,20,22.15,0,0,0
29,Male,83988,Bachelor,Single,2,Southeast,Suburban,7,527.53,75.36,44,5,0.23,0.593,0,0.21,0.048,10,3.72,19,2.64,1,1,0
73,Male,108276,Bachelor,Single,3,Southeast,Urban,18,1145.81,63.66,24,7,0.081,0.557,1,0.053,0.023,13,11.55,3,15.88,0,0,1
26,Female,88189,Master,Married,2,Midwest,Rural,24,1165.08,48.55,20,6,0.156,0.233,1,0.275,0.074,18,9.11,11,28.85,0,0,1
23,Male,97832,PhD,Single,2,Southeast,Suburban,8,710.99,88.87,23,3,0.155,0.403,0,0.108,0.025,5,7.14,19,48.58,0,0,0
59,Male,90304,Bachelor,Divorced,4,Southeast,Urban,27,1876.87,69.51,15,3,0.175,0.434,1,0.115,0.038,17,6.99,10,44.53,0,0,1
53,Female,119910,Master,Married,5,West,Suburban,22,1334.46,60.66,22,6,0.074,0.55,0,0.198,0.04,5,5.22,6,18.25,0,0,0
51,Female,87238,Master,Married,2,West,Suburban,19,1618.96,85.21,12,5,0.206,0.323,1,0.33,0.119,16,3.11,10,0.0,0,0,0
51,Female,83000,Bachelor,Divorced,2,Midwest,Rural,13,1172.56,90.2,30,4,0.193,0.178,0,0.132,0.015,14,6.95,12,16.5,1,1,0
41,Male,84605,Bachelor,Married,4,Midwest,Urban,12,586.58,48.88,28,4,0.083,0.344,0,0.197,0.047,7,4.08,5,53.58,1,0,1
28,Female,58181,Master,Married,5,Midwest,Urban,12,708.72,59.06,50,6,0.165,0.576,0,0.4,0.118,16,3.93,17,51.16,1,0,0
43,Male,121448,Bachelor,Married,2,Southwest,Urban,12,1453.11,121.09,34,2,0.081,0.444,0,0.288,0.089,17,4.33,7,16.91,1,0,0
31,Male,50828,High School,Married,3,West,Rural,13,483.42,37.19,29,2,0.026,0.406,0,0.359,0.045,7,4.69,13,29.74,1,0,0
56,Male,87529,Bachelor,Divorced,4,Southwest,Suburban,11,1186.99,107.91,26,2,0.127,0.633,0,0.281,0.121,5,3.83,9,14.99,0,1,1
39,Female,75653,High School,Married,3,Northeast,Urban,19,1165.65,61.35,35,4,0.096,0.574,1,0.355,0.09,7,18.71,10,0.0,0,0,0
29,Male,77524,Bachelor,Single,2,Southwest,Suburban,7,471.51,67.36,88,6,0.148,0.732,0,0.306,0.086,10,7.05,17,24.27,1,1,0
37,Male,100771,PhD,Married,5,Southwest,Urban,20,1049.84,52.49,18,4,0.247,0.496,0,0.333,0.161,7,5.05,10,22.84,1,1,1
48,Male,65951,High School,Divorced,2,Northeast,Urban,15,537.18,35.81,43,3,0.057,0.894,0,0.417,0.16,11,3.19,8,30.45,0,0,1
33,Female,44437,Bachelor,Married,3,Northeast,Suburban,21,821.08,39.1,23,5,0.021,0.595,1,0.152,0.058,14,10.41,12,28.86,1,0,0
29,Female,55453,Bachelor,Single,1,West,Urban,21,1584.24,75.44,27,8,0.234,0.765,1,0.349,0.113,10,4.81,18,17.8,1,0,1
45,Male,84358,Bachelor,Single,2,Midwest,Suburban,10,1189.91,118.99,21,3,0.104,0.352,0,0.329,0.159,8,6.96,8,34.23,0,0,1
45,Female,83258,Bachelor,Married,2,West,Suburban,7,866.23,123.75,24,5,0.132,0.483,0,0.171,0.085,6,8.83,10,49.7,1,1,1
34,Female,86117,Bachelor,Married,4,Southeast,Suburban,12,847.12,70.59,35,1,0.087,0.551,0,0.259,0.062,6,7.0,8,20.16,1,1,0
34,Female,65992,Bachelor,Divorced,6,Northeast,Urban,25,1396.69,55.87,8,4,0.041,0.795,1,0.245,0.083,14,7.94,13,37.84,1,1,1
45,Male,40790,High School,Married,3,Northeast,Suburban,8,245.68,30.71,74,1,0.045,0.515,0,0.219,0.023,8,5.43,12,9.33,1,1,0
20,Female,72450,Bachelor,Married,6,Midwest,Urban,15,1327.78,88.52,39,8,0.072,0.541,0,0.272,0.111,8,3.21,11,28.8,1,0,0
20,Male,78141,Bachelor,Single,2,Midwest,Suburban,16,872.79,54.55,33,2,0.154,0.464,0,0.307,0.138,9,11.27,10,38.1,0,0,1
31,Female,108873,PhD,Married,3,West,Urban,22,1753.24,79.69,8,6,0.108,0.199,1,0.495,0.161,19,3.55,19,7.19,1,0,0
38,Male,68545,Bachelor,Divorced,3,Southwest,Suburban,9,667.9,74.21,43,2,0.096,0.21,0,0.286,0.048,8,14.67,8,17.84,0,0,0
46,Male,78065,High School,Single,4,West,Suburban,24,1873.42,78.06,9,3,0.078,0.565,1,0.185,0.049,21,8.45,13,48.47,1,0,1
64,Male,158233,Master,Single,6,Northeast,Suburban,34,3294.82,96.91,19,3,0.041,0.631,1,0.317,0.112,19,7.38,3,9.53,0,0,0
54,Female,85527,Bachelor,Married,1,Northeast,Suburban,23,1629.8,70.86,21,3,0.154,0.38,1,0.453,0.203,16,6.09,8,20.67,0,1,0
39,Male,52123,Bachelor,Married,6,Northeast,Suburban,5,221.92,44.38,44,4,0.024,0.618,0,0.154,0.054,5,11.12,16,16.39,1,0,1
41,Female,64605,Bachelor,Married,4,Midwest,Urban,12,547.84,45.65,37,3,0.077,0.517,0,0.216,0.084,7,9.7,12,57.14,1,0,0
26,Male,70782,Bachelor,Single,2,Southeast,Suburban,7,314.21,44.89,30,2,0.149,0.269,0,0.165,0.05,9,4.5,15,32.34,1,0,1
41,Female,64327,Master,Married,4,Southwest,Rural,9,294.59,32.73,26,4,0.025,0.264,0,0.059,0.018,11,5.12,7,49.92,0,0,0
37,Female,102741,PhD,Married,4,Northeast,Urban,13,1151.91,88.61,16,2,0.094,0.647,0,0.343,0.063,5,4.23,11,35.72,1,1,1
46,Female,83105,Bachelor,Married,3,Northeast,Urban,22,1468.27,66.74,28,3,0.099,0.475,0,0.222,0.062,10,4.12,8,35.61,0,0,0
29,Female,86826,Bachelor,Single,1,Midwest,Urban,22,1115.45,50.7,20,8,0.129,0.706,1,0.263,0.075,8,7.45,11,32.81,1,0,1
49,Female,99452,Bachelor,Married,3,Southeast,Suburban,28,1544.71,55.17,12,2,0.025,0.679,1,0.378,0.046,10,13.21,4,26.08,0,0,0
64,Male,134768,PhD,Divorced,3,West,Urban,16,1160.21,72.51,10,2,0.098,0.416,0,0.145,0.063,6,10.75,11,13.77,1,0,0
40,Female,70159,PhD,Divorced,5,West,Rural,15,792.55,52.84,27,2,0.036,0.442,0,0.225,0.079,5,4.02,15,14.74,1,0,0
48,Male,77815,High School,Married,4,Northeast,Suburban,17,1554.16,91.42,25,6,0.17,0.372,0,0.22,0.028,11,13.94,7,44.23,1,0,0
52,Female,77782,High School,Divorced,2,West,Urban,21,1160.57,55.27,16,3,0.032,0.553,1,0.065,0.03,19,5.38,8,31.98,1,0,1
35,Female,72439,Bachelor,Married,4,Midwest,Rural,21,1624.82,77.37,20,9,0.127,0.378,1,0.225,0.075,8,4.6,13,34.95,1,0,1
45,Male,35646,High School,Single,2,Midwest,Urban,9,711.3,79.03,23,2,0.105,0.546,0,0.122,0.032,8,3.91,5,33.19,0,1,0
42,Male,62548,Bachelor,Single,1,Northeast,Urban,15,969.65,64.64,42,7,0.039,0.659,1,0.313,0.052,8,7.36,6,43.65,0,0,0
43,Male,42497,High School,Divorced,1,Southwest,Urban,13,467.37,35.95,23,5,0.201,0.532,0,0.36,0.08,9,5.37,9,53.81,0,0,1
30,Female,34374,Bachelor,Divorced,2,Northeast,Urban,9,408.57,45.4,70,4,0.047,0.536,0,0.123,0.033,7,5.84,16,35.05,0,0,0
42,Female,104156,PhD,Widowed,3,Southeast,Suburban,16,1299.38,81.21,26,4,0.231,0.424,0,0.458,0.156,4,4.17,14,41.58,1,1,0
49,Female,97832,PhD,Single,6,Northeast,Urban,25,2836.71,113.47,25,2,0.067,0.397,1,0.399,0.187,15,7.45,13,2.34,1,0,1
63,Female,130379,Bachelor,Married,3,Midwest,Suburban,24,1453.0,60.54,19,9,0.093,0.332,0,0.254,0.027,9,3.5,4,1.18,1,0,0
56,Female,82868,Bachelor,Married,5,Southwest,Suburban,14,1312.45,93.75,42,2,0.106,0.465,0,0.167,0.039,11,11.95,13,0.0,0,0,0
74,Male,134206,Master,Divorced,5,West,Urban,16,995.87,62.24,11,2,0.034,0.286,0,0.226,0.047,14,6.69,4,24.51,0,0,0
30,Male,26063,High School,Married,4,Southwest,Suburban,19,1126.03,59.26,14,4,0.124,0.601,1,0.453,0.193,13,5.44,8,37.14,0,1,1
55,Female,76648,Bachelor,Divorced,4,West,Suburban,19,1142.62,60.14,18,3,0.091,0.237,0,0.317,0.088,10,3.74,7,36.53,1,0,1
44,Female,77253,Bachelor,Married,5,Southwest,Rural,13,1366.87,105.14,24,3,0.061,0.617,0,0.194,0.072,7,6.26,13,40.05,1,0,1
74,Female,71177,High School,Married,2,Southeast,Urban,27,2134.69,79.06,25,6,0.188,0.203,1,0.159,0.058,16,4.34,4,17.27,0,0,1
29,Male,57466,Bachelor,Single,2,Midwest,Urban,15,1053.04,70.2,24,4,0.329,0.407,1,0.133,0.016,16,10.22,10,21.78,0,0,0
29,Male,45530,High School,Single,2,Midwest,Rural,13,441.08,33.93,51,3,0.071,0.577,0,0.106,0.024,12,5.9,13,45.83,1,1,1
33,Male,78491,Master,Married,6,Midwest,Urban,11,1158.86,105.35,44,3,0.141,0.439,0,0.324,0.15,5,3.01,5,20.4,0,0,1
18,Male,82826,Bachelor,Single,3,Midwest,Urban,18,2298.86,127.71,33,7,0.076,0.56,0,0.133,0.053,7,5.14,15,39.82,0,0,1
34,Male,73473,Bachelor,Married,3,Southwest,Suburban,15,1604.48,106.97,24,1,0.091,0.459,1,0.336,0.156,9,11.65,7,42.15,1,0,0
30,Female,56792,High School,Married,2,Northeast,Urban,9,345.01,38.33,28,4,0.007,0.894,0,0.402,0.136,9,4.56,11,49.95,1,0,0
44,Male,98894,Master,Divorced,3,Southwest,Suburban,23,1739.94,75.65,8,4,0.059,0.293,1,0.575,0.21,8,3.92,9,14.09,1,0,0
47,Female,87389,Bachelor,Divorced,5,Northeast,Rural,19,948.54,49.92,27,5,0.029,0.334,0,0.308,0.146,12,3.27,14,28.26,0,0,0
70,Male,95356,Bachelor,Married,2,Northeast,Suburban,11,720.36,65.49,59,4,0.049,0.234,0,0.05,0.021,5,4.69,5,1.77,1,1,0
56,Female,80588,Bachelor,Single,1,Midwest,Suburban,20,1519.29,75.96,11,3,0.138,0.315,0,0.39,0.087,11,12.9,6,11.02,1,1,0
33,Male,69502,Bachelor,Single,2,Midwest,Urban,14,1110.81,79.34,40,4,0.064,0.422,0,0.28,0.095,11,4.42,14,31.15,0,1,0
28,Male,80352,Bachelor,Divorced,1,Northeast,Suburban,19,1535.91,80.84,19,3,0.155,0.524,0,0.22,0.026,10,3.89,19,37.24,1,0,0
49,Male,111693,Master,Married,5,Midwest,Suburban,16,822.89,51.43,42,6,0.061,0.686,0,0.301,0.138,6,5.14,8,35.4,0,1,1
22,Other,39594,High School,Single,1,Midwest,Urban,16,785.12,49.07,38,2,0.063,0.699,1,0.175,0.079,16,5.63,19,38.23,1,0,0
69,Female,92317,High School,Divorced,1,Northeast,Urban,19,1643.69,86.51,15,2,0.085,0.276,1,0.369,0.076,9,13.78,8,30.32,1,1,1
59,Male,99881,Master,Married,4,Southwest,Suburban,10,989.14,98.91,54,3,0.037,0.291,0,0.271,0.053,10,5.23,10,25.93,1,0,1
34,Male,68308,Bachelor,Divorced,3,Southeast,Suburban,20,1454.35,72.72,27,2,0.069,0.901,1,0.333,0.124,10,13.69,9,47.81,1,1,0
18,Female,47897,Bachelor,Single,1,West,Suburban,19,1210.71,63.72,30,6,0.025,0.439,1,0.235,0.024,6,3.1,12,56.77,1,0,0
62,Male,87475,Bachelor,Married,6,Southeast,Suburban,12,827.7,68.97,17,3,0.136,0.406,0,0.331,0.087,14,3.47,8,26.9,0,0,0
40,Male,92719,Bachelor,Married,3,Midwest,Urban,17,1390.55,81.8,34,1,0.059,0.538,0,0.284,0.062,12,3.9,17,33.27,0,0,1
60,Female,104986,Master,Widowed,1,West,Urban,25,3354.63,134.19,12,2,0.026,0.31,1,0.199,0.025,13,5.11,4,10.52,0,0,0
18,Female,57029,Bachelor,Married,6,West,Rural,12,991.84,82.65,38,3,0.247,0.613,0,0.323,0.071,8,4.07,16,33.43,1,1,1
33,Male,45291,Bachelor,Married,4,West,Suburban,6,359.64,59.94,35,5,0.194,0.273,0,0.455,0.106,9,11.38,13,22.24,1,0,1
42,Male,84561,Master,Single,4,Northeast,Suburban,15,1302.82,86.85,30,2,0.13,0.353,0,0.291,0.125,9,3.02,11,27.66,0,0,0
42,Female,70580,Bachelor,Married,2,Northeast,Urban,11,734.88,66.81,56,5,0.029,0.256,0,0.487,0.207,8,23.32,12,48.22,1,0,0
35,Male,56162,Bachelor,Widowed,4,Midwest,Urban,15,892.51,59.5,17,3,0.147,0.617,0,0.423,0.189,13,4.96,16,17.88,1,0,0
51,Male,81724,Bachelor,Married,2,Southeast,Urban,14,1258.19,89.87,43,3,0.115,0.568,0,0.313,0.047,12,4.62,8,13.76,0,0,1
25,Female,54162,Bachelor,Married,1,West,Urban,11,496.12,45.1,35,1,0.071,0.399,0,0.416,0.074,6,7.91,16,31.13,1,0,0
39,Female,102999,PhD,Married,5,Southeast,Suburban,9,710.19,78.91,35,2,0.121,0.506,0,0.211,0.035,7,6.8,11,49.85,1,1,0
43,Male,91822,Master,Married,4,Southeast,Suburban,18,873.16,48.51,11,5,0.036,0.8,0,0.495,0.171,11,4.7,4,57.31,1,1,1
49,Other,50463,High School,Married,3,Midwest,Urban,9,636.81,70.76,47,4,0.218,0.356,0,0.229,0.048,9,3.28,7,48.06,0,0,1
52,Female,61219,High School,Divorced,3,West,Rural,21,1722.03,82.0,13,4,0.084,0.715,1,0.05,0.021,15,9.52,8,40.86,1,1,0
25,Male,46760,High School,Married,3,Southeast,Suburban,13,850.74,65.44,49,5,0.114,0.316,0,0.269,0.128,9,7.14,15,21.18,1,1,0
18,Other,72764,Bachelor,Single,2,West,Suburban,14,863.75,61.7,20,5,0.136,0.441,0,0.297,0.032,15,29.17,18,36.84,1,0,0
61,Male,78250,High School,Married,5,Midwest,Urban,18,1228.35,68.24,26,3,0.142,0.486,0,0.284,0.081,10,6.01,3,0.0,0,0,0
46,Male,67470,Bachelor,Married,1,West,Urban,11,733.4,66.67,40,1,0.011,0.672,0,0.254,0.125,8,3.05,8,16.79,0,0,1
30,Female,85585,Master,Single,3,Midwest,Suburban,13,1230.98,94.69,26,2,0.124,0.357,0,0.24,0.077,12,6.07,16,43.59,0,0,0
65,Male,133213,Master,Widowed,3,West,Urban,23,2698.71,117.34,27,3,0.137,0.236,1,0.139,0.058,9,7.44,5,14.43,1,0,1
43,Male,73750,High School,Married,4,Northeast,Urban,14,534.53,38.18,18,8,0.205,0.652,0,0.227,0.071,9,4.06,9,41.46,0,1,0
59,Male,96012,Bachelor,Divorced,3,West,Urban,12,725.3,60.44,48,4,0.132,0.765,0,0.404,0.161,9,6.93,6,49.58,1,0,0
43,Male,85883,Bachelor,Married,6,Midwest,Urban,13,1061.2,81.63,21,2,0.1,0.75,0,0.409,0.067,13,4.64,10,37.84,0,0,1
72,Female,134799,Master,Divorced,3,Midwest,Suburban,19,1341.96,70.63,10,1,0.199,0.454,0,0.265,0.097,15,7.48,6,0.0,0,1,0
68,Female,126134,Master,Widowed,3,Northeast,Suburban,13,1448.72,111.44,49,2,0.14,0.629,0,0.174,0.074,11,17.99,4,7.79,1,0,0
38,Other,109501,PhD,Married,4,Southwest,Urban,34,2694.27,79.24,15,5,0.08,0.517,1,0.233,0.091,16,9.58,6,58.63,1,1,0
56,Male,101429,Bachelor,Widowed,3,Northeast,Urban,16,1517.73,94.86,31,1,0.086,0.621,0,0.296,0.067,9,11.45,8,5.9,0,0,1
51,Male,65175,Bachelor,Married,3,Southeast,Rural,10,632.72,63.27,29,7,0.012,0.69,0,0.248,0.058,13,13.49,7,30.46,1,0,0
62,Male,52666,High School,Married,3,Northeast,Urban,10,543.58,54.36,23,4,0.276,0.334,0,0.293,0.144,10,6.0,4,26.61,0,0,0
27,Male,64556,Bachelor,Married,2,Northeast,Suburban,16,648.59,40.54,33,2,0.23,0.598,0,0.318,0.149,15,4.83,14,61.04,0,0,0
52,Male,68230,High School,Married,2,Southwest,Rural,24,1275.98,53.17,18,2,0.035,0.503,1,0.338,0.104,13,15.02,6,32.71,1,1,0
57,Female,78041,Bachelor,Divorced,4,Southeast,Urban,17,1134.15,66.71,19,4,0.099,0.569,0,0.26,0.098,8,6.87,6,18.1,1,1,1
18,Female,67387,Bachelor,Married,2,Northeast,Urban,24,1457.38,60.72,14,2,0.101,0.381,1,0.078,0.033,13,4.25,17,12.51,0,0,0
24,Other,31857,Bachelor,Married,4,Southeast,Rural,5,302.07,60.41,111,1,0.168,0.827,0,0.291,0.097,9,3.97,13,44.52,1,1,0
18,Male,31978,High School,Single,2,Midwest,Urban,6,198.81,33.13,95,5,0.124,0.493,0,0.219,0.028,5,7.71,10,32.88,1,0,0
37,Female,47925,High School,Married,5,Midwest,Urban,22,1174.15,53.37,14,1,0.18,0.844,1,0.19,0.055,11,5.02,15,33.86,0,0,0
52,Male,42655,High School,Married,5,Southeast,Suburban,6,488.5,81.42,88,5,0.125,0.818,0,0.277,0.121,4,4.37,5,18.97,0,1,0
64,Male,99220,High School,Divorced,3,Midwest,Urban,14,1344.58,96.04,20,3,0.017,0.69,0,0.385,0.089,8,4.05,4,27.06,0,0,0
43,Female,39611,High School,Married,6,Midwest,Rural,15,778.54,51.9,39,6,0.175,0.41,1,0.267,0.08,7,3.64,6,61.36,0,1,0
66,Female,69574,High School,Married,2,West,Urban,10,356.26,35.63,22,4,0.008,0.724,0,0.229,0.042,11,5.6,4,23.41,1,0,0
21,Male,71019,Bachelor,Single,1,Northeast,Suburban,11,418.39,38.04,49,1,0.066,0.321,0,0.25,0.107,9,4.68,16,45.2,1,1,1
18,Male,94690,PhD,Single,2,West,Suburban,29,2612.69,90.09,16,4,0.035,0.589,1,0.132,0.024,16,5.52,13,43.76,1,0,1
41,Male,56777,Bachelor,Single,2,Southeast,Suburban,12,878.21,73.18,18,2,0.1,0.687,0,0.356,0.141,20,4.15,8,22.78,0,0,0
47,Female,73437,High School,Single,5,Southwest,Suburban,11,306.0,27.82,43,1,0.017,0.347,0,0.419,0.149,7,15.47,4,8.82,1,0,0
41,Male,77746,Bachelor,Married,4,Southeast,Rural,9,745.82,82.87,28,2,0.027,0.334,0,0.25,0.118,3,3.62,11,11.13,1,0,0
18,Other,104995,Master,Married,6,Southeast,Rural,28,1995.15,71.26,9,2,0.199,0.572,1,0.239,0.08,14,14.65,18,28.77,1,1,1
40,Male,78659,Bachelor,Single,3,Midwest,Urban,16,979.56,61.22,25,1,0.086,0.745,0,0.163,0.062,12,5.27,14,13.85,1,1,0
22,Male,56081,Bachelor,Single,2,Southwest,Suburban,14,1061.46,75.82,47,4,0.01,0.285,0,0.166,0.083,8,5.68,17,12.2,1,0,0
52,Female,69352,Bachelor,Married,2,Midwest,Urban,14,1110.53,79.32,44,5,0.173,0.854,1,0.231,0.053,14,3.78,8,14.27,0,1,0
47,Female,82036,Master,Married,2,Midwest,Suburban,31,2140.35,69.04,19,6,0.138,0.87,1,0.158,0.031,11,5.34,14,10.76,0,1,0
27,Male,64813,Master,Single,2,Northeast,Urban,12,914.05,76.17,49,2,0.257,0.666,0,0.374,0.089,8,3.46,10,30.55,1,1,0
34,Female,103366,Master,Married,4,West,Suburban,15,1116.19,74.41,28,6,0.169,0.715,0,0.363,0.137,10,16.48,17,13.51,0,0,0
26,Female,76669,Master,Single,1,West,Urban,20,1050.76,52.54,18,3,0.088,0.366,1,0.307,0.089,10,4.86,18,52.4,1,0,1
41,Female,96878,Master,Married,5,Southeast,Suburban,18,1865.48,103.64,35,6,0.25,0.646,0,0.172,0.06,9,3.96,12,33.93,0,0,1
56,Female,108113,Bachelor,Married,2,Southwest,Urban,25,2764.3,110.57,8,2,0.182,0.543,1,0.166,0.081,12,8.49,8,45.75,0,0,1
27,Female,26823,Bachelor,Single,6,Southeast,Rural,13,397.02,30.54,51,2,0.097,0.575,0,0.189,0.06,7,4.6,11,48.35,1,0,1
49,Female,98983,Bachelor,Married,6,Southwest,Suburban,21,1445.14,68.82,22,5,0.202,0.661,1,0.261,0.095,13,6.73,5,29.23,1,1,0
34,Female,83630,Master,Married,5,Midwest,Rural,13,1165.34,89.64,34,3,0.322,0.446,0,0.385,0.063,7,3.56,12,36.34,0,1,0
30,Male,56125,High School,Single,3,Midwest,Suburban,30,1325.79,44.19,11,6,0.05,0.546,1,0.424,0.097,19,5.41,5,41.27,1,0,0
40,Male,90173,PhD,Married,3,Northeast,Rural,15,1366.54,91.1,17,1,0.19,0.524,0,0.327,0.139,4,4.31,11,3.13,0,0,0
26,Male,50073,Bachelor,Single,2,West,Suburban,9,310.93,34.55,55,1,0.072,0.557,0,0.178,0.018,8,9.12,17,38.55,0,0,0
33,Male,74332,Bachelor,Divorced,2,West,Suburban,17,1044.36,61.43,21,7,0.092,0.386,1,0.401,0.138,7,3.59,19,31.97,0,1,1
24,Male,110568,Master,Single,4,West,Urban,19,1992.26,104.86,17,3,0.048,0.635,0,0.165,0.067,14,7.03,16,39.12,0,0,1
71,Other,97449,High School,Divorced,3,Southeast,Suburban,18,1068.18,59.34,14,2,0.052,0.708,0,0.161,0.037,10,3.03,4,18.77,1,1,0
42,Male,93182,Bachelor,Married,3,Southeast,Urban,17,1102.15,64.83,26,2,0.058,0.373,1,0.251,0.055,7,3.12,10,35.1,0,0,0
31,Male,47519,High School,Single,2,Midwest,Urban,10,612.85,61.28,45,6,0.121,0.476,0,0.351,0.065,7,6.54,19,8.48,1,0,0
45,Female,67596,Bachelor,Divorced,4,West,Suburban,8,222.67,27.83,47,4,0.027,0.292,0,0.324,0.131,10,11.04,7,0.0,1,0,1
40,Male,45887,High School,Married,2,West,Urban,8,435.21,54.4,21,7,0.091,0.562,0,0.352,0.174,8,5.48,9,27.22,0,1,0
38,Male,63675,Bachelor,Married,2,Southeast,Suburban,14,1190.87,85.06,30,2,0.193,0.346,0,0.05,0.019,12,5.18,7,21.91,0,0,0
51,Male,50608,Bachelor,Single,1,Midwest,Urban,12,871.2,72.6,25,1,0.209,0.588,0,0.284,0.116,11,3.38,6,9.75,0,0,1
53,Male,102126,PhD,Married,1,Southwest,Urban,13,1040.92,80.07,18,5,0.023,0.645,0,0.216,0.049,8,9.6,9,21.66,1,1,0
34,Male,89394,PhD,Married,4,Southeast,Urban,19,1427.08,75.11,24,4,0.037,0.809,1,0.386,0.148,11,5.63,8,43.07,0,0,1
33,Female,49369,High School,Married,2,Southeast,Urban,8,676.17,84.52,61,3,0.149,0.57,0,0.395,0.138,6,4.09,15,34.01,0,0,0
37,Female,87176,Master,Married,4,Southeast,Urban,20,2019.99,101.0,22,4,0.144,0.548,1,0.393,0.062,11,9.37,7,11.08,0,1,0
18,Male,45436,High School,Single,2,Southwest,Suburban,20,1016.52,50.83,24,7,0.09,0.366,1,0.309,0.112,9,5.38,19,38.59,1,0,1
19,Male,40576,High School,Single,2,West,Urban,9,339.26,37.7,51,4,0.033,0.313,0,0.07,0.033,6,3.62,15,29.95,0,1,0
62,Male,66478,High School,Married,3,West,Rural,8,643.08,80.38,27,2,0.061,0.49,0,0.361,0.108,8,3.39,7,1.81,0,0,1
66,Female,93949,PhD,Single,1,Southwest,Rural,13,1294.61,99.59,21,5,0.036,0.512,0,0.397,0.179,7,16.49,1,30.14,1,0,1
38,Male,92370,PhD,Married,5,Southeast,Urban,13,1348.88,103.76,13,7,0.229,0.307,0,0.166,0.076,9,7.11,17,30.83,0,0,1
50,Male,51013,High School,Married,3,Southwest,Urban,11,738.96,67.18,60,3,0.073,0.619,0,0.199,0.026,9,4.12,9,18.99,0,0,0
46,Female,69391,High School,Married,2,West,Urban,11,633.3,57.57,24,4,0.027,0.396,0,0.267,0.115,9,5.82,5,38.72,0,0,0
80,Male,103239,High School,Single,1,Midwest,Rural,20,964.42,48.22,29,1,0.098,0.335,1,0.217,0.068,11,8.97,4,31.19,0,1,1
58,Male,101078,Bachelor,Married,6,Southeast,Suburban,14,1670.26,119.3,40,6,0.067,0.616,0,0.41,0.147,13,11.9,7,21.24,0,0,0
40,Male,83954,Bachelor,Single,2,West,Suburban,15,1560.5,104.03,35,2,0.111,0.413,1,0.375,0.055,11,6.59,9,63.03,1,0,1
27,Female,60197,Bachelor,Married,2,West,Rural,7,313.31,44.76,53,2,0.168,0.619,0,0.333,0.049,7,12.56,16,51.55,1,0,0
18,Female,62170,Master,Single,1,West,Rural,15,973.48,64.9,31,2,0.193,0.408,0,0.339,0.132,15,5.33,12,52.46,1,0,0
45,Female,65393,Bachelor,Single,2,West,Rural,7,407.97,58.28,35,4,0.064,0.415,0,0.284,0.123,10,10.82,11,27.61,1,0,0
30,Female,71987,PhD,Single,1,Southeast,Suburban,26,1750.27,67.32,8,5,0.083,0.599,0,0.083,0.041,10,3.13,20,38.18,0,0,0
20,Female,86477,Master,Single,2,West,Rural,22,1435.08,65.23,16,6,0.176,0.819,1,0.335,0.158,15,7.51,23,23.56,1,0,1
32,Other,63579,Bachelor,Married,3,Midwest,Rural,11,831.82,75.62,52,4,0.15,0.689,1,0.305,0.13,6,5.0,12,15.64,0,1,1
25,Other,56904,Master,Single,2,Northeast,Suburban,5,178.85,35.77,81,1,0.376,0.317,0,0.349,0.17,5,8.25,16,44.52,1,0,1
67,Male,96802,Master,Married,5,Southwest,Rural,14,987.33,70.52,40,2,0.077,0.398,1,0.388,0.149,8,7.93,7,43.68,1,0,1
55,Female,71595,Bachelor,Married,4,Midwest,Suburban,14,1165.75,83.27,44,1,0.146,0.391,0,0.086,0.043,9,6.22,8,13.45,1,0,0
41,Male,74045,Bachelor,Divorced,2,Southeast,Suburban,10,275.52,27.55,44,3,0.023,0.841,0,0.335,0.084,15,10.77,15,0.0,1,1,0
64,Male,137812,PhD,Married,3,West,Suburban,23,2416.76,105.08,15,3,0.139,0.436,1,0.223,0.027,11,9.93,8,8.98,0,1,1
43,Female,54780,High School,Married,4,Northeast,Suburban,25,1160.86,46.43,25,4,0.021,0.508,1,0.473,0.184,10,18.2,5,30.55,0,1,1
29,Male,20000,High School,Married,4,West,Suburban,13,939.99,72.31,22,2,0.167,0.657,0,0.272,0.052,9,4.21,10,0.0,1,0,0
64,Female,88962,Bachelor,Married,1,Northeast,Rural,13,1053.82,81.06,14,2,0.031,0.273,0,0.257,0.064,7,6.05,6,1.54,0,0,0
50,Male,93257,Master,Divorced,3,Southeast,Urban,14,852.43,60.89,14,3,0.332,0.351,0,0.283,0.06,17,7.93,16,43.01,1,1,0
26,Female,73026,Master,Single,2,Southeast,Rural,24,2293.29,95.55,20,2,0.141,0.629,1,0.467,0.048,13,13.68,11,27.47,1,0,1
39,Female,92388,PhD,Married,4,Southwest,Urban,17,1302.7,76.63,37,7,0.076,0.581,1,0.322,0.097,12,11.08,12,36.58,1,0,1
28,Female,66261,Bachelor,Single,1,Southeast,Urban,4,263.02,65.76,98,2,0.031,0.323,0,0.324,0.043,7,5.74,13,37.42,0,0,0
21,Male,43392,High School,Divorced,1,West,Rural,24,1666.6,69.44,16,1,0.054,0.403,1,0.398,0.075,14,5.84,12,26.08,1,0,1
55,Male,84227,Bachelor,Divorced,1,Southwest,Urban,19,1139.96,60.0,24,7,0.152,0.612,0,0.328,0.086,10,3.74,9,3.06,0,0,0
70,Female,117789,Master,Widowed,2,West,Rural,18,2121.12,117.84,28,3,0.184,0.391,0,0.276,0.084,12,11.1,1,2.72,1,0,1
21,Male,35952,High School,Single,3,Northeast,Urban,7,416.62,59.52,74,3,0.061,0.673,0,0.357,0.142,5,4.38,17,38.98,1,1,1
50,Other,58301,High School,Married,2,Midwest,Rural,6,277.95,46.33,53,2,0.222,0.655,0,0.326,0.06,5,7.95,7,15.97,0,0,1
32,Female,71901,High School,Divorced,2,West,Urban,13,744.92,57.3,28,4,0.06,0.46,0,0.354,0.104,14,6.89,11,29.62,1,1,0
34,Male,76190,Bachelor,Married,5,Southeast,Urban,8,343.74,42.97,21,4,0.07,0.379,0,0.109,0.04,8,4.34,9,38.74,1,1,0
33,Male,94404,Master,Widowed,1,Northeast,Rural,25,2083.91,83.36,20,2,0.065,0.376,1,0.485,0.168,19,13.16,12,20.45,0,1,1
29,Male,97191,Master,Single,1,Midwest,Urban,22,1650.88,75.04,26,3,0.14,0.571,0,0.205,0.034,13,5.65,20,31.83,1,1,0
42,Female,112089,PhD,Divorced,2,West,Rural,16,1476.78,92.3,27,4,0.098,0.501,0,0.236,0.102,14,12.04,17,30.9,1,0,1
29,Male,62725,High School,Single,1,Midwest,Rural,9,245.96,27.33,38,5,0.136,0.953,0,0.203,0.022,7,4.12,12,41.89,1,0,0
46,Male,83709,PhD,Single,3,Southeast,Urban,17,1043.4,61.38,20,5,0.194,0.27,1,0.176,0.049,12,3.8,8,12.36,0,0,0
41,Male,91462,Master,Divorced,3,Southwest,Suburban,23,1290.04,56.09,22,2,0.058,0.35,1,0.418,0.091,13,6.63,12,46.85,1,0,1
38,Female,68259,Bachelor,Married,4,West,Urban,10,739.89,73.99,33,2,0.02,0.471,0,0.272,0.038,7,5.64,13,16.61,0,0,0
28,Male,118165,PhD,Single,2,Northeast,Urban,20,1540.93,77.05,24,6,0.3,0.313,1,0.136,0.055,12,5.0,20,14.42,1,0,1
33,Male,80914,Bachelor,Single,1,Northeast,Suburban,15,1197.96,79.86,43,3,0.154,0.639,0,0.213,0.095,13,7.51,10,61.38,0,1,1
53,Female,88543,Master,Divorced,2,Northeast,Suburban,19,1208.59,63.61,18,3,0.103,0.339,0,0.218,0.069,10,17.85,8,0.83,1,0,1
49,Female,100391,Master,Widowed,2,Northeast,Rural,19,2141.63,112.72,10,2,0.177,0.625,0,0.422,0.138,11,4.57,11,13.8,0,1,1
27,Female,79715,Master,Single,2,Southeast,Urban,13,921.56,70.89,47,2,0.101,0.396,0,0.142,0.046,16,6.92,11,23.61,1,0,0
43,Male,81814,Bachelor,Married,3,Southeast,Urban,12,1070.69,89.22,25,1,0.08,0.733,0,0.26,0.063,13,9.23,5,33.9,1,1,0
53,Male,52717,High School,Married,5,Midwest,Suburban,15,811.37,54.09,45,2,0.16,0.391,1,0.37,0.114,7,4.37,5,26.78,0,1,0
18,Female,60400,Bachelor,Married,4,Southeast,Urban,9,707.91,78.66,64,2,0.017,0.579,0,0.129,0.041,6,4.42,9,40.18,0,0,0
50,Male,77177,Bachelor,Single,2,Southeast,Suburban,25,1328.21,53.13,16,5,0.131,0.464,1,0.181,0.09,11,13.29,8,11.81,0,0,1
32,Female,85436,Master,Single,1,West,Suburban,20,1437.57,71.88,25,7,0.17,0.52,1,0.509,0.119,7,3.54,21,0.0,1,0,1
50,Female,84734,Master,Married,4,Northeast,Rural,15,945.99,63.07,20,3,0.185,0.552,0,0.258,0.107,10,4.53,5,64.15,0,0,0
30,Male,85824,PhD,Married,4,Southeast,Suburban,10,1102.84,110.28,20,2,0.148,0.534,0,0.506,0.107,10,6.18,16,10.87,1,1,1
18,Female,57607,High School,Married,6,Southeast,Suburban,14,490.44,35.03,31,3,0.067,0.454,0,0.209,0.046,8,5.79,14,62.51,1,0,0
18,Female,54226,Master,Single,1,Midwest,Suburban,10,985.18,98.52,37,6,0.092,0.695,0,0.27,0.031,10,7.31,9,31.95,0,1,0
42,Male,89533,PhD,Single,2,Southwest,Rural,23,1087.45,47.28,29,4,0.031,0.614,1,0.529,0.084,11,3.45,12,23.88,0,1,1
45,Female,90826,Master,Married,3,West,Rural,12,1081.6,90.13,39,1,0.11,0.55,0,0.244,0.064,6,14.48,11,8.87,0,1,0
28,Male,36421,High School,Married,4,Midwest,Urban,7,250.42,35.77,73,3,0.011,0.455,0,0.166,0.071,10,5.04,9,37.29,1,1,0
51,Male,53124,High School,Single,1,West,Suburban,9,554.93,61.66,25,1,0.121,0.278,0,0.265,0.083,9,7.14,9,37.34,1,0,1
18,Male,41576,High School,Single,1,West,Suburban,14,663.19,47.37,38,6,0.049,0.475,0,0.319,0.088,16,8.31,12,29.91,1,1,1
41,Female,50824,Bachelor,Single,1,Northeast,Suburban,7,271.62,38.8,26,3,0.048,0.631,0,0.34,0.148,4,7.56,11,50.63,1,0,0
23,Female,43880,Bachelor,Married,2,Southeast,Urban,28,1499.71,53.56,17,6,0.107,0.443,1,0.298,0.119,10,8.2,19,21.7,0,0,0
32,Female,127011,PhD,Married,5,Southwest,Suburban,13,1107.12,85.16,45,5,0.079,0.411,0,0.268,0.071,7,6.18,12,42.61,1,1,0
42,Male,81092,Bachelor,Married,5,West,Urban,24,1967.37,81.97,17,2,0.084,0.545,1,0.589,0.292,11,14.7,10,11.89,1,0,1
29,Female,52601,Bachelor,Single,3,Southeast,Urban,19,687.63,36.19,15,4,0.172,0.308,1,0.427,0.179,9,5.47,11,30.58,0,0,0
36,Male,75673,Bachelor,Married,2,Southeast,Urban,15,1159.29,77.29,26,2,0.11,0.298,1,0.224,0.059,17,10.58,14,14.18,1,0,0
57,Female,109709,Master,Widowed,2,West,Urban,23,2349.15,102.14,26,7,0.13,0.49,1,0.326,0.139,22,4.08,10,15.16,1,0,0
33,Male,111916,PhD,Single,1,Southeast,Urban,18,1508.28,83.79,30,3,0.27,0.431,0,0.324,0.106,7,9.41,16,18.98,0,0,0
54,Male,96892,Master,Widowed,1,Southwest,Suburban,22,1143.77,51.99,22,5,0.108,0.405,1,0.237,0.029,19,6.98,7,4.86,1,0,1
25,Male,75247,Bachelor,Single,2,Northeast,Rural,24,2454.47,102.27,22,1,0.018,0.43,1,0.426,0.165,13,11.76,15,48.32,1,0,1
49,Female,49223,Bachelor,Single,3,Northeast,Suburban,6,383.71,63.95,91,1,0.046,0.442,0,0.427,0.111,4,6.99,7,37.17,0,1,0
63,Male,90155,Master,Married,2,Midwest,Urban,12,727.87,60.66,20,6,0.091,0.56,0,0.323,0.126,10,4.13,5,15.15,0,0,1
18,Female,57458,Bachelor,Married,3,Southwest,Rural,8,548.85,68.61,71,1,0.044,0.745,0,0.268,0.077,8,3.24,11,44.91,1,0,0
30,Male,69544,Bachelor,Married,4,Northeast,Urban,11,343.85,31.26,52,1,0.149,0.534,0,0.242,0.052,6,7.74,18,31.51,1,1,0
50,Male,51923,High School,Widowed,5,Southwest,Urban,10,794.89,79.49,40,2,0.123,0.41,0,0.191,0.042,9,4.14,14,16.76,1,0,0
38,Male,59891,High School,Married,5,Northeast,Urban,6,614.61,102.44,57,4,0.079,0.442,0,0.347,0.059,5,12.79,14,45.8,1,0,0
47,Female,83842,Master,Married,4,Midwest,Suburban,15,1326.04,88.4,43,4,0.106,0.216,1,0.242,0.11,15,16.78,9,20.61,1,0,0
32,Female,47045,High School,Divorced,3,Southeast,Suburban,7,234.23,33.46,78,3,0.201,0.466,0,0.337,0.162,9,15.89,10,0.0,0,0,0
43,Male,75371,High School,Divorced,3,Southwest,Rural,16,446.46,27.9,42,4,0.112,0.471,1,0.199,0.076,14,3.93,4,6.58,0,0,0
39,Male,85434,Bachelor,Married,6,West,Suburban,20,1999.95,100.0,25,3,0.099,0.501,1,0.05,0.007,8,6.14,11,37.91,0,0,1
59,Male,72844,Bachelor,Married,4,Northeast,Suburban,6,380.84,63.47,28,5,0.161,0.648,0,0.176,0.052,3,15.39,5,28.41,0,0,0
45,Female,60741,Bachelor,Single,2,Southeast,Urban,22,1155.92,52.54,11,6,0.106,0.66,1,0.083,0.011,14,3.01,3,2.62,0,0,0
47,Male,72032,Bachelor,Married,5,West,Suburban,24,2143.58,89.32,25,3,0.042,0.653,1,0.476,0.107,11,3.6,8,14.25,1,0,1
35,Female,53198,High School,Married,1,Southeast,Rural,13,582.29,44.79,38,5,0.137,0.499,0,0.531,0.061,9,6.17,8,50.8,0,0,1
34,Female,42931,High School,Single,2,Midwest,Suburban,7,466.98,66.71,36,2,0.062,0.397,0,0.178,0.089,3,5.23,11,60.22,1,0,0
35,Male,84209,Bachelor,Married,5,Northeast,Urban,19,1379.0,72.58,9,3,0.08,0.28,0,0.129,0.035,15,3.79,16,34.45,1,0,0
47,Female,83410,Bachelor,Married,1,West,Urban,11,843.09,76.64,27,3,0.022,0.25,1,0.178,0.038,3,5.18,13,32.77,0,0,0
35,Female,74691,Bachelor,Widowed,2,West,Suburban,16,1598.89,99.93,15,1,0.054,0.51,0,0.258,0.034,6,3.5,8,37.57,1,1,1
46,Female,43401,High School,Married,1,Northeast,Suburban,7,293.46,41.92,82,1,0.107,0.482,0,0.418,0.066,8,4.44,11,17.51,1,0,0
73,Male,131509,Master,Married,3,Midwest,Suburban,23,1935.41,84.15,27,2,0.039,0.352,1,0.135,0.026,12,3.32,5,12.92,1,0,1
55,Male,42297,Bachelor,Widowed,2,West,Suburban,6,282.62,47.1,91,4,0.165,0.472,0,0.328,0.091,9,5.22,10,32.79,0,1,0
37,Male,67710,High School,Single,3,Midwest,Suburban,6,238.78,39.8,33,2,0.115,0.45,0,0.278,0.043,8,16.34,14,41.5,1,0,0
60,Male,87614,High School,Married,4,Midwest,Suburban,21,1943.25,92.54,11,6,0.22,0.47,1,0.413,0.057,9,7.78,6,0.0,0,1,0
35,Male,92113,PhD,Married,6,Southeast,Rural,13,1197.65,92.13,18,3,0.068,0.536,0,0.365,0.136,9,4.64,16,47.31,1,1,0
18,Male,89093,Master,Single,1,Northeast,Rural,11,817.95,74.36,26,3,0.038,0.437,0,0.323,0.109,8,10.98,21,48.68,1,1,0
26,Female,60453,Bachelor,Married,4,West,Urban,23,960.12,41.74,9,3,0.004,0.474,1,0.225,0.039,15,3.22,17,39.42,1,0,1
18,Male,70936,Master,Single,3,Midwest,Suburban,11,165.0,15.0,59,2,0.069,0.254,0,0.244,0.074,10,3.72,16,53.43,1,0,0
36,Male,89492,Master,Single,3,Midwest,Suburban,18,1045.3,58.07,34,2,0.103,0.356,0,0.314,0.061,17,3.66,11,36.23,1,0,0
42,Male,136998,Master,Single,2,Southeast,Urban,33,3097.92,93.88,6,6,0.305,0.476,1,0.384,0.051,18,6.26,11,40.74,0,1,0
67,Female,114366,Bachelor,Widowed,2,West,Rural,18,885.6,49.2,13,4,0.13,0.458,0,0.233,0.09,8,3.49,9,10.63,1,0,1
46,Female,87916,Bachelor,Married,1,West,Urban,11,1362.33,123.85,27,2,0.066,0.413,0,0.329,0.102,8,3.27,10,50.15,0,1,1
38,Female,42307,High School,Married,2,Midwest,Suburban,6,356.78,59.46,86,2,0.189,0.359,0,0.315,0.108,9,15.16,14,0.0,1,0,1
54,Male,115953,PhD,Married,4,West,Urban,12,1186.38,98.86,44,2,0.186,0.265,0,0.295,0.047,9,15.76,7,43.75,0,0,0
18,Other,42803,Bachelor,Single,2,Northeast,Suburban,16,774.42,48.4,31,1,0.089,0.516,1,0.147,0.059,14,4.47,10,44.74,0,0,0
45,Male,73931,High School,Married,6,West,Urban,13,1062.31,81.72,48,2,0.036,0.647,0,0.476,0.194,13,16.15,9,33.72,1,1,0
53,Male,115107,PhD,Married,3,Midwest,Suburban,16,1304.57,81.54,11,1,0.04,0.457,0,0.275,0.082,9,5.62,12,15.9,1,0,0
19,Male,68932,PhD,Single,3,Southeast,Urban,10,612.27,61.23,24,3,0.318,0.664,0,0.28,0.125,9,6.93,12,42.95,1,0,1
59,Male,119016,PhD,Divorced,1,Northeast,Urban,21,2469.76,117.61,13,1,0.032,0.363,0,0.136,0.068,14,3.26,4,17.74,1,0,1
47,Male,80458,Master,Single,4,Southeast,Rural,28,2581.29,92.19,7,3,0.097,0.656,1,0.193,0.053,12,6.94,8,19.03,0,1,1
35,Female,100868,PhD,Single,4,West,Urban,15,1203.23,80.22,32,2,0.059,0.199,0,0.278,0.105,7,8.24,15,33.31,0,0,1
51,Female,53513,High School,Divorced,2,West,Suburban,14,1360.88,97.21,19,3,0.114,0.61,0,0.281,0.03,9,7.01,4,22.77,0,0,0
76,Male,116812,Master,Divorced,2,Southwest,Suburban,9,780.89,86.77,44,3,0.065,0.262,0,0.092,0.012,10,8.56,3,21.86,0,0,0
44,Female,102057,Master,Married,4,Northeast,Urban,13,921.87,70.91,39,2,0.4,0.588,0,0.211,0.063,7,6.9,5,34.18,1,0,0
45,Male,60804,High School,Married,5,West,Urban,6,377.65,62.94,72,4,0.184,0.487,0,0.38,0.064,4,9.87,7,50.99,0,1,0
35,Male,47736,High School,Married,5,Southeast,Urban,5,299.43,59.89,56,1,0.078,0.481,0,0.273,0.03,10,8.42,10,28.16,0,0,1
29,Female,96849,PhD,Single,5,Midwest,Suburban,25,1364.41,54.58,15,4,0.156,0.451,1,0.367,0.046,13,11.38,13,46.06,0,0,1
54,Female,94257,Bachelor,Divorced,3,West,Rural,21,1824.44,86.88,16,7,0.165,0.392,1,0.21,0.03,14,9.3,9,21.07,1,0,1
29,Male,62192,Master,Single,4,Northeast,Rural,16,1654.23,103.39,38,6,0.048,0.638,1,0.158,0.074,7,8.02,7,21.25,1,0,0
43,Male,63909,High School,Widowed,1,Southwest,Rural,29,2347.72,80.96,13,2,0.31,0.405,1,0.16,0.059,11,8.21,10,0.0,1,0,1
34,Female,72563,High School,Widowed,3,Northeast,Suburban,15,1193.44,79.56,13,4,0.221,0.564,0,0.106,0.044,12,7.62,14,35.41,0,0,0
49,Female,88404,Bachelor,Married,5,Northeast,Rural,29,2430.49,83.81,17,3,0.134,0.508,1,0.249,0.042,11,4.52,3,28.0,1,0,0
47,Female,64066,High School,Divorced,5,Southwest,Urban,21,883.6,42.08,13,4,0.11,0.625,0,0.279,0.064,5,4.14,11,20.86,1,0,0
57,Male,95796,Bachelor,Married,4,Northeast,Suburban,13,753.59,57.97,26,5,0.358,0.358,0,0.21,0.03,11,9.41,9,13.22,1,1,0
34,Male,74587,Bachelor,Married,4,Midwest,Suburban,15,1058.34,70.56,22,3,0.143,0.279,0,0.328,0.147,15,13.39,5,5.96,1,0,0
37,Male,66504,High School,Single,1,Southeast,Urban,7,382.82,54.69,27,2,0.065,0.594,0,0.217,0.061,2,11.49,13,37.86,0,0,0
27,Male,31841,Bachelor,Single,2,Midwest,Rural,11,186.86,16.99,58,3,0.062,0.706,0,0.186,0.084,8,9.36,12,34.97,1,0,0
35,Female,45298,Bachelor,Divorced,3,Northeast,Urban,10,456.37,45.64,43,5,0.187,0.533,0,0.184,0.066,8,5.07,7,34.7,0,1,0
47,Male,78272,High School,Married,3,Southwest,Suburban,25,1953.74,78.15,10,1,0.044,0.493,1,0.341,0.159,17,5.12,14,30.02,1,0,0
53,Male,75420,Master,Divorced,5,Northeast,Suburban,15,1189.74,79.32,30,3,0.085,0.504,1,0.257,0.098,7,9.19,11,42.75,0,0,1
28,Female,69023,Bachelor,Single,2,West,Urban,16,765.7,47.86,25,4,0.06,0.585,0,0.282,0.09,17,5.78,16,39.91,0,0,1
55,Female,64319,High School,Married,5,Southwest,Urban,17,1041.1,61.24,20,4,0.064,0.216,0,0.41,0.043,12,11.42,7,0.79,0,0,0
62,Male,75257,Bachelor,Married,2,Southeast,Urban,5,379.62,75.92,73,2,0.151,0.308,0,0.49,0.111,7,3.19,6,10.84,0,0,0
48,Female,69244,High School,Married,2,West,Rural,11,431.82,39.26,45,4,0.306,0.525,0,0.05,0.017,8,14.53,4,27.76,1,0,0
70,Female,84615,High School,Married,6,Southeast,Suburban,14,796.02,56.86,19,2,0.067,0.43,0,0.32,0.159,8,9.23,5,22.82,0,0,0
30,Female,96255,Bachelor,Married,5,Southeast,Suburban,20,1557.27,77.86,22,7,0.039,0.362,1,0.138,0.042,7,7.42,12,31.19,0,0,1
23,Male,64627,Master,Single,1,Northeast,Urban,13,573.68,44.13,44,2,0.184,0.363,0,0.245,0.089,10,4.23,15,63.8,1,0,0
18,Female,106601,PhD,Single,2,Southeast,Suburban,17,1304.61,76.74,16,6,0.157,0.29,0,0.108,0.051,13,19.02,17,44.47,1,0,0
64,Female,112086,Master,Married,4,West,Urban,15,2039.38,135.96,29,4,0.041,0.264,1,0.106,0.016,11,9.34,7,32.17,0,0,1
51,Male,71484,Bachelor,Single,2,Northeast,Suburban,16,569.56,35.6,41,5,0.118,0.574,0,0.166,0.052,7,6.71,7,15.98,1,0,0
41,Male,85388,Bachelor,Divorced,4,West,Urban,14,1416.62,101.19,41,4,0.08,0.815,0,0.202,0.084,10,6.86,14,14.63,0,0,1
46,Female,85886,Bachelor,Single,1,Southwest,Suburban,11,877.54,79.78,42,4,0.008,0.517,0,0.088,0.022,6,8.87,7,30.87,0,1,0
25,Male,76137,Master,Single,2,Northeast,Suburban,8,348.71,43.59,65,2,0.069,0.584,0,0.179,0.06,6,8.55,19,34.68,0,1,0
78,Female,136994,PhD,Divorced,2,West,Suburban,23,2577.58,112.07,19,2,0.162,0.283,1,0.152,0.058,14,5.35,1,0.0,0,0,1
43,Male,51045,High School,Widowed,2,West,Suburban,10,563.8,56.38,65,4,0.135,0.672,0,0.357,0.145,13,3.62,9,34.3,1,1,0
43,Male,47613,High School,Married,6,West,Suburban,8,623.31,77.91,30,4,0.06,0.787,0,0.187,0.038,6,3.45,5,23.62,1,0,0
52,Male,93591,Bachelor,Single,3,Midwest,Urban,20,1800.11,90.01,27,4,0.1,0.499,0,0.263,0.048,11,5.59,5,14.26,1,0,1
49,Female,91440,Master,Single,2,Southeast,Suburban,27,2150.45,79.65,6,6,0.159,0.288,1,0.05,0.023,12,4.4,9,29.66,0,1,1
45,Male,90398,Master,Widowed,1,Southeast,Suburban,12,828.84,69.07,19,1,0.172,0.474,0,0.312,0.034,14,3.38,6,10.75,0,1,0
30,Female,83797,Master,Divorced,3,Midwest,Suburban,14,1333.88,95.28,38,3,0.044,0.397,0,0.313,0.132,9,5.99,12,0.0,0,0,1
49,Female,113779,PhD,Married,3,Southeast,Urban,28,2213.36,79.05,20,7,0.082,0.767,1,0.28,0.053,16,12.78,9,25.12,1,0,0
70,Female,75160,Bachelor,Married,4,Southwest,Urban,18,712.37,39.58,10,6,0.121,0.438,1,0.155,0.063,7,7.34,5,29.59,0,0,1
62,Female,139493,PhD,Single,2,West,Rural,23,1422.07,61.83,15,3,0.19,0.269,1,0.336,0.106,13,3.63,12,21.0,1,0,1
65,Female,124417,PhD,Single,5,Southeast,Suburban,23,1552.24,67.49,10,3,0.288,0.761,1,0.313,0.094,11,9.09,1,17.99,0,0,0
34,Male,79760,Master,Married,4,Southeast,Urban,10,859.39,85.94,60,2,0.109,0.434,0,0.36,0.086,11,3.92,12,29.69,0,0,1
27,Female,68662,Bachelor,Single,1,West,Urban,13,741.87,57.07,30,4,0.073,0.555,1,0.29,0.136,6,5.89,16,36.22,1,0,0
40,Female,61148,High School,Widowed,2,Southeast,Urban,10,451.34,45.13,38,2,0.225,0.731,0,0.062,0.011,7,14.75,7,29.63,1,0,0
42,Male,85705,Bachelor,Single,4,Southeast,Urban,17,1091.08,64.18,35,4,0.063,0.628,0,0.357,0.043,8,8.57,11,38.98,1,0,1
58,Male,95069,Bachelor,Divorced,2,Northeast,Suburban,12,1129.48,94.12,43,5,0.067,0.204,0,0.211,0.068,13,9.87,7,14.66,0,1,1
18,Female,80767,Master,Single,1,Southeast,Urban,14,1162.7,83.05,45,1,0.046,0.604,0,0.244,0.035,5,5.76,19,37.96,0,1,1
64,Male,97064,High School,Married,5,Southeast,Rural,11,899.49,81.77,58,3,0.033,0.407,0,0.216,0.072,9,30.0,9,1.46,1,0,1
39,Female,85054,Bachelor,Single,1,Northeast,Rural,11,665.84,60.53,29,3,0.185,0.56,0,0.145,0.045,8,4.05,10,25.4,1,0,0
35,Male,81192,Master,Married,2,Northeast,Suburban,12,753.42,62.78,41,5,0.151,0.535,0,0.183,0.067,11,7.77,14,26.79,0,1,1
26,Male,29556,High School,Single,3,Midwest,Rural,10,421.31,42.13,43,4,0.052,0.383,0,0.414,0.185,9,11.9,7,24.98,1,1,0
18,Female,80016,Bachelor,Single,2,Southeast,Suburban,8,416.92,52.12,56,2,0.134,0.266,0,0.163,0.04,10,6.74,14,32.51,1,0,0
54,Male,80234,Bachelor,Divorced,4,Northeast,Suburban,13,882.79,67.91,37,6,0.133,0.335,0,0.466,0.157,7,14.25,9,50.27,1,0,1
43,Male,67903,Bachelor,Married,5,West,Urban,11,495.18,45.02,17,4,0.048,0.578,0,0.347,0.105,15,14.76,8,21.96,0,0,1
22,Female,32149,Bachelor,Married,5,Midwest,Urban,4,213.56,53.39,134,4,0.15,0.398,0,0.384,0.066,3,11.31,15,31.6,1,0,0
22,Male,78277,Master,Married,3,Northeast,Urban,9,708.32,78.7,25,4,0.22,0.382,0,0.161,0.041,7,7.8,14,47.91,0,1,0
36,Female,71633,Bachelor,Divorced,3,West,Urban,14,1234.25,88.16,27,2,0.121,0.57,0,0.281,0.086,11,11.97,9,21.44,0,1,0
67,Female,101473,PhD,Single,1,Southeast,Suburban,14,1203.24,85.95,22,2,0.12,0.384,0,0.295,0.039,7,3.97,5,16.98,1,1,0
38,Female,77799,Bachelor,Single,3,Southeast,Urban,8,587.8,73.47,53,4,0.084,0.688,0,0.071,0.013,11,7.12,9,42.91,1,0,0
19,Male,48327,Bachelor,Divorced,1,West,Urban,12,449.39,37.45,54,2,0.026,0.718,0,0.165,0.046,7,4.26,15,22.87,0,0,0
38,Male,96354,High School,Married,6,Northeast,Rural,20,1544.53,77.23,19,4,0.105,0.453,1,0.424,0.149,12,3.43,11,33.6,1,0,0
37,Female,46659,High School,Single,3,West,Suburban,12,394.55,32.88,39,3,0.183,0.583,0,0.22,0.077,13,8.26,7,21.21,0,1,0
18,Female,48472,Bachelor,Married,5,West,Suburban,7,141.05,20.15,32,2,0.196,0.435,0,0.261,0.051,5,4.13,16,54.96,1,1,0
41,Female,45278,High School,Married,6,Southeast,Urban,9,426.02,47.34,43,3,0.264,0.499,0,0.202,0.097,8,3.58,9,8.69,0,0,0
38,Female,90168,Bachelor,Married,4,Northeast,Rural,16,1040.14,65.01,40,6,0.06,0.461,0,0.35,0.073,9,6.24,6,22.52,1,1,0
52,Male,76608,Bachelor,Divorced,3,Northeast,Urban,5,402.66,80.53,115,1,0.215,0.242,0,0.278,0.08,5,3.5,8,23.46,1,0,0
69,Male,84926,Bachelor,Divorced,1,Northeast,Suburban,9,479.06,53.23,48,2,0.169,0.597,0,0.181,0.057,3,6.28,8,6.61,0,0,1
58,Male,82604,High School,Married,3,West,Suburban,13,1658.43,127.57,43,4,0.218,0.61,0,0.238,0.058,16,8.0,10,5.16,0,1,0
37,Male,64494,Master,Married,3,Southeast,Suburban,11,579.13,52.65,15,2,0.066,0.628,0,0.381,0.121,13,3.29,6,31.63,1,0,1
25,Male,99976,PhD,Single,4,Northeast,Rural,23,1807.38,78.58,19,5,0.076,0.435,1,0.337,0.085,10,7.52,14,38.08,0,1,1
80,Female,116320,High School,Married,1,Midwest,Urban,27,2074.22,76.82,20,3,0.025,0.702,0,0.261,0.079,20,6.95,3,13.85,0,0,0
42,Male,67699,High School,Single,3,Southeast,Rural,11,873.47,79.41,30,2,0.23,0.633,0,0.311,0.105,6,3.79,15,29.31,0,1,0
42,Male,113768,PhD,Married,2,Southeast,Suburban,21,1734.77,82.61,30,7,0.169,0.391,0,0.467,0.068,12,7.79,5,27.26,0,0,1
41,Male,71450,High School,Married,3,Northeast,Suburban,17,784.37,46.14,33,5,0.148,0.579,0,0.374,0.144,13,7.74,5,35.96,1,0,1
44,Female,131445,PhD,Married,6,Southwest,Rural,17,1003.9,59.05,33,4,0.185,0.63,0,0.275,0.109,13,5.42,14,15.61,0,0,1
39,Female,74948,High School,Divorced,5,Northeast,Suburban,16,1263.24,78.95,11,7,0.111,0.685,0,0.33,0.044,11,5.29,14,44.68,0,0,0
33,Female,88595,Master,Married,4,Midwest,Suburban,14,1222.11,87.29,18,5,0.091,0.459,0,0.118,0.014,7,5.19,21,56.19,1,0,1
33,Female,80558,Bachelor,Single,4,Northeast,Urban,12,925.6,77.13,44,2,0.169,0.427,1,0.23,0.092,10,3.66,13,26.59,0,1,0
41,Male,90110,PhD,Married,3,Midwest,Rural,34,2405.5,70.75,14,9,0.062,0.281,1,0.349,0.168,11,18.9,18,35.0,0,0,0
33,Female,78644,Bachelor,Married,1,Southeast,Suburban,13,818.19,62.94,35,5,0.09,0.467,0,0.417,0.106,8,4.56,7,19.66,1,1,0
31,Male,65316,Master,Married,6,Northeast,Rural,10,782.08,78.21,17,3,0.137,0.465,0,0.249,0.114,9,10.7,10,29.39,1,0,0
43,Male,54494,High School,Married,3,Midwest,Rural,6,331.36,55.23,60,3,0.087,0.324,0,0.501,0.221,9,4.69,6,44.92,0,0,0
38,Female,20000,High School,Single,1,Midwest,Urban,16,999.85,62.49,36,1,0.199,0.527,1,0.05,0.009,14,8.34,13,9.29,1,0,0
64,Female,112821,Master,Married,5,Southeast,Suburban,17,1435.3,84.43,30,1,0.173,0.777,0,0.05,0.017,2,13.05,6,38.45,0,0,0
18,Male,45341,Bachelor,Married,4,Southwest,Rural,9,449.68,49.96,49,2,0.119,0.882,0,0.063,0.007,5,5.29,13,36.95,0,0,0
58,Male,133667,PhD,Widowed,2,Southeast,Suburban,27,2814.77,104.25,20,2,0.019,0.239,1,0.381,0.172,19,3.88,4,0.0,1,1,1
60,Female,94452,Bachelor,Married,2,Southwest,Suburban,13,1365.79,105.06,46,5,0.079,0.367,0,0.441,0.136,4,4.48,3,31.79,0,1,0
18,Male,86861,Master,Married,5,Midwest,Urban,15,1454.48,96.97,40,8,0.148,0.418,0,0.262,0.126,8,5.05,14,29.39,1,1,0
36,Male,53146,Bachelor,Divorced,4,West,Suburban,22,1223.38,55.61,18,5,0.079,0.695,1,0.282,0.067,10,4.32,12,16.13,1,1,1
36,Male,114975,PhD,Widowed,4,Midwest,Suburban,15,1200.19,80.01,21,1,0.13,0.429,0,0.483,0.053,11,6.47,10,71.33,0,0,0
20,Male,118187,PhD,Single,4,Southeast,Suburban,30,1947.81,64.93,12,6,0.087,0.687,1,0.271,0.058,17,10.69,17,38.78,1,1,0
30,Female,76062,Bachelor,Married,1,West,Suburban,19,1555.58,81.87,23,4,0.121,0.329,1,0.228,0.053,12,6.58,9,46.04,1,1,0
25,Male,87455,Master,Single,1,West,Urban,13,494.67,38.05,16,4,0.07,0.334,0,0.304,0.09,8,9.42,20,12.63,0,0,0
68,Male,112543,Master,Single,2,West,Suburban,24,2889.02,120.38,20,5,0.084,0.544,1,0.293,0.047,15,3.56,3,19.63,0,0,0
56,Female,62529,High School,Married,4,Northeast,Rural,15,1171.91,78.13,26,3,0.164,0.854,0,0.282,0.105,6,6.75,9,26.7,0,0,0
61,Female,100817,Bachelor,Divorced,2,Midwest,Suburban,21,1375.27,65.49,27,5,0.4,0.72,1,0.305,0.04,10,3.53,7,0.0,1,0,0
52,Male,44608,High School,Divorced,4,Midwest,Rural,14,1076.91,76.92,22,5,0.223,0.526,0,0.329,0.063,8,13.29,6,24.3,0,1,1
25,Male,69333,Master,Married,3,Southwest,Suburban,14,1058.82,75.63,14,2,0.167,0.475,1,0.302,0.031,6,16.02,14,6.78,0,0,0
34,Male,41234,Bachelor,Single,1,West,Rural,11,659.68,59.97,56,4,0.054,0.49,0,0.385,0.122,7,4.02,12,26.15,0,0,1
49,Female,54245,High School,Married,4,Midwest,Suburban,15,776.76,51.78,13,4,0.243,0.513,0,0.36,0.067,8,7.26,12,40.1,0,0,0
23,Female,68630,Bachelor,Single,1,Southwest,Rural,22,1658.1,75.37,30,7,0.085,0.575,1,0.262,0.089,12,3.87,16,40.39,1,0,1
52,Female,89780,Bachelor,Married,3,Southeast,Suburban,22,1024.2,46.55,19,7,0.133,0.275,0,0.172,0.056,17,7.16,9,0.0,0,1,0
38,Female,86763,Master,Divorced,3,Southeast,Urban,13,970.3,74.64,15,2,0.196,0.303,0,0.302,0.125,7,4.43,12,30.21,0,0,0
36,Female,101956,PhD,Married,4,Southeast,Rural,16,1078.09,67.38,14,3,0.07,0.505,0,0.435,0.165,15,10.44,7,30.76,1,1,0
52,Female,53912,Bachelor,Divorced,2,Northeast,Suburban,9,460.75,51.19,47,3,0.104,0.631,0,0.249,0.03,15,6.46,9,26.94,1,0,0
48,Female,58411,High School,Single,2,Southeast,Urban,10,454.27,45.43,17,3,0.15,0.771,0,0.239,0.074,5,3.57,12,0.18,0,1,1
36,Male,74179,Master,Married,5,Northeast,Urban,18,978.04,54.34,35,2,0.007,0.407,1,0.464,0.206,12,5.07,15,34.98,0,0,1
59,Other,77914,Bachelor,Divorced,1,Midwest,Suburban,6,568.36,94.73,88,2,0.051,0.474,0,0.31,0.039,8,5.87,4,25.75,0,1,1
25,Male,69593,Bachelor,Single,2,Midwest,Suburban,17,614.37,36.14,25,1,0.237,0.637,0,0.084,0.04,7,11.16,15,13.97,1,0,0
51,Male,68492,Bachelor,Married,1,Southwest,Suburban,15,1086.29,72.42,43,3,0.026,0.739,1,0.124,0.062,6,9.11,8,18.93,0,0,0
50,Female,71529,Bachelor,Single,1,Midwest,Suburban,17,733.56,43.15,18,3,0.078,0.872,0,0.05,0.013,8,5.58,6,11.5,1,0,1
37,Male,38893,Bachelor,Married,3,Midwest,Urban,11,834.64,75.88,54,1,0.221,0.674,0,0.237,0.054,10,3.19,16,32.31,1,0,0
46,Female,87988,Master,Widowed,1,Southeast,Suburban,13,1073.15,82.55,44,6,0.167,0.443,0,0.161,0.07,11,3.5,10,0.0,0,1,1
23,Female,42682,Bachelor,Married,2,West,Urban,10,232.47,23.25,45,3,0.088,0.765,0,0.186,0.083,9,5.72,11,55.41,0,0,0
55,Male,100788,Master,Widowed,1,Northeast,Suburban,23,2003.01,87.09,14,4,0.163,0.284,1,0.427,0.183,11,5.87,4,49.94,0,0,1
39,Female,57533,Bachelor,Divorced,2,West,Rural,8,358.79,44.85,54,1,0.021,0.259,0,0.207,0.088,10,3.86,9,29.87,1,1,0
34,Male,69368,Bachelor,Divorced,3,Midwest,Rural,15,1038.32,69.22,44,3,0.16,0.947,0,0.255,0.095,9,3.71,15,68.52,1,1,0
57,Male,99029,Master,Married,2,Southeast,Urban,18,953.03,52.95,12,4,0.227,0.595,1,0.288,0.033,11,3.81,9,20.69,0,0,1
31,Female,90480,Bachelor,Married,4,Southeast,Suburban,12,1198.31,99.86,22,4,0.265,0.52,0,0.339,0.112,7,3.07,7,49.23,0,0,0
20,Female,64058,Bachelor,Single,2,Northeast,Suburban,10,220.81,22.08,48,3,0.166,0.467,0,0.309,0.065,6,6.74,9,56.63,0,1,1
18,Female,27405,Bachelor,Married,3,Northeast,Urban,16,440.82,27.55,32,5,0.059,0.597,1,0.12,0.041,8,3.99,13,53.22,0,0,1
51,Male,62426,Bachelor,Married,6,Southeast,Rural,16,633.17,39.57,16,3,0.03,0.517,0,0.391,0.086,9,4.48,8,37.61,1,0,0
22,Female,74028,Master,Single,1,Midwest,Suburban,11,820.59,74.6,51,3,0.253,0.573,0,0.28,0.06,17,3.58,10,11.68,0,0,0
68,Male,81052,Bachelor,Widowed,5,Northeast,Suburban,11,667.43,60.68,57,3,0.228,0.453,0,0.122,0.025,8,4.81,4,0.0,0,1,1
18,Female,25474,Master,Single,1,Southwest,Suburban,6,234.29,39.05,32,2,0.034,0.47,0,0.227,0.057,6,3.46,16,35.97,1,0,0
67,Male,99443,High School,Widowed,1,West,Urban,12,802.69,66.89,55,4,0.117,0.375,0,0.094,0.023,9,5.29,8,3.62,0,0,0
45,Female,87403,Bachelor,Married,6,Midwest,Urban,15,694.99,46.33,21,4,0.033,0.157,0,0.204,0.091,10,5.21,11,36.73,0,0,0
40,Male,110414,PhD,Married,4,Southeast,Urban,15,1209.54,80.64,21,3,0.278,0.396,0,0.208,0.054,7,17.96,13,29.26,0,1,1
33,Male,72890,Master,Married,5,Northeast,Suburban,12,484.64,40.39,15,4,0.028,0.4,0,0.139,0.034,6,4.56,6,53.97,1,0,0
47,Female,69615,High School,Divorced,4,Northeast,Urban,14,394.33,28.17,30,2,0.233,0.54,0,0.277,0.056,15,5.84,6,11.27,0,0,0
41,Female,62834,Bachelor,Single,1,Southwest,Rural,5,369.68,73.94,117,3,0.039,0.894,0,0.332,0.106,11,4.71,15,36.17,1,0,0
58,Female,90072,Bachelor,Divorced,2,Midwest,Suburban,17,854.33,50.25,15,5,0.069,0.292,0,0.339,0.083,12,6.52,4,19.34,1,0,0
43,Female,61191,Bachelor,Divorced,2,Midwest,Rural,13,1166.59,89.74,35,6,0.169,0.389,0,0.378,0.186,14,8.38,11,19.83,0,0,0
44,Female,113544,Master,Single,1,Northeast,Rural,26,2993.26,115.13,12,4,0.098,0.275,0,0.428,0.123,14,4.06,10,21.88,0,1,1
36,Female,60846,Master,Single,3,Southeast,Suburban,15,1172.05,78.14,12,3,0.276,0.518,1,0.05,0.005,15,12.33,10,66.11,1,1,0
41,Male,91884,Bachelor,Single,2,West,Urban,18,958.07,53.23,38,2,0.122,0.462,0,0.555,0.133,8,10.9,12,33.6,1,1,0
46,Female,92983,Master,Single,1,Midwest,Suburban,18,2140.63,118.92,30,2,0.056,0.387,0,0.152,0.027,7,9.85,14,0.0,0,1,0
18,Male,47657,Bachelor,Single,2,West,Urban,8,120.0,15.0,65,6,0.121,0.409,0,0.05,0.012,8,3.92,12,59.93,1,0,0
21,Female,44905,High School,Married,6,West,Urban,9,313.13,34.79,54,5,0.189,0.598,0,0.299,0.06,10,4.94,15,34.87,0,0,0
53,Female,94000,Bachelor,Married,5,West,Suburban,15,1404.97,93.66,16,3,0.111,0.557,0,0.337,0.063,10,15.09,3,17.15,1,1,0
44,Female,126301,PhD,Divorced,4,Southeast,Suburban,14,1515.42,108.24,19,3,0.106,0.468,0,0.412,0.074,13,3.02,9,24.46,1,0,1
39,Female,91497,Master,Married,4,Southeast,Urban,13,796.19,61.25,28,4,0.03,0.307,0,0.402,0.188,8,4.17,10,46.38,0,1,1
42,Female,60839,Bachelor,Married,6,Southeast,Suburban,24,1072.96,44.71,29,4,0.147,0.665,1,0.094,0.011,14,3.11,18,21.46,0,0,0
47,Female,79034,Bachelor,Married,2,West,Urban,26,1695.44,65.21,20,7,0.024,0.603,1,0.338,0.14,8,4.87,15,43.66,0,0,1
33,Male,124251,PhD,Divorced,3,Southeast,Suburban,22,1988.49,90.39,18,5,0.065,0.544,1,0.336,0.05,16,6.99,10,25.57,1,1,1
30,Female,84815,Bachelor,Married,5,Southwest,Rural,15,945.28,63.02,27,7,0.172,0.762,0,0.335,0.04,8,3.62,8,46.99,1,1,1
44,Male,89431,Bachelor,Married,1,West,Suburban,22,2373.26,107.88,29,5,0.095,0.353,1,0.383,0.091,10,11.18,16,53.8,0,1,1
27,Female,104135,PhD,Married,4,West,Rural,20,1367.9,68.39,13,2,0.099,0.301,0,0.195,0.07,13,5.8,12,38.77,1,0,0
48,Male,104491,Master,Married,2,Midwest,Suburban,12,1338.9,111.57,27,1,0.2,0.585,0,0.251,0.125,7,3.7,9,6.11,1,0,1
18,Male,72381,Bachelor,Single,3,Northeast,Urban,11,817.4,74.31,32,2,0.16,0.657,0,0.281,0.058,8,9.29,19,43.36,1,0,0
57,Male,79350,Bachelor,Married,3,Northeast,Suburban,21,1891.23,90.06,30,2,0.114,0.407,1,0.236,0.048,10,10.42,7,24.72,0,0,0
49,Male,59473,Bachelor,Married,4,Midwest,Urban,11,328.22,29.84,50,1,0.028,0.663,0,0.308,0.049,5,6.29,5,16.29,0,1,0
45,Female,62635,High School,Single,3,West,Suburban,10,818.77,81.88,45,2,0.105,0.935,0,0.369,0.157,9,11.98,9,48.69,1,1,0
56,Male,103136,PhD,Married,3,West,Suburban,24,2434.08,101.42,14,7,0.083,0.462,1,0.392,0.164,14,4.46,8,28.84,1,0,0
66,Female,77574,Bachelor,Married,3,Northeast,Rural,8,443.73,55.47,32,1,0.024,0.504,0,0.15,0.043,7,7.76,5,44.22,0,1,0
57,Male,90395,Master,Widowed,3,Southeast,Suburban,6,552.94,92.16,51,1,0.107,0.365,0,0.295,0.07,7,4.96,6,27.82,0,1,0
18,Female,92279,Bachelor,Single,3,Midwest,Rural,16,744.66,46.54,40,4,0.094,0.673,0,0.281,0.053,17,6.98,19,27.77,0,1,1
22,Female,60241,Bachelor,Single,2,Midwest,Suburban,12,607.54,50.63,52,2,0.077,0.441,0,0.238,0.067,9,12.1,17,22.41,0,1,0
32,Female,56628,High School,Married,3,Northeast,Urban,22,1796.43,81.66,17,3,0.263,0.664,1,0.301,0.127,11,3.16,11,28.97,0,0,1
42,Female,70864,Master,Married,2,Southeast,Suburban,16,988.68,61.79,21,2,0.085,0.427,0,0.424,0.16,9,3.39,11,29.2,0,1,0
49,Male,52143,Bachelor,Married,3,West,Rural,7,355.51,50.79,83,3,0.14,0.637,0,0.177,0.053,5,13.68,6,39.47,1,0,0
31,Female,53114,Bachelor,Married,4,West,Suburban,12,1015.78,84.65,32,4,0.212,0.322,0,0.137,0.043,5,3.55,16,48.31,1,1,0
44,Male,82372,High School,Married,6,Midwest,Suburban,15,481.74,32.12,12,2,0.143,0.612,0,0.293,0.096,10,3.59,7,55.62,0,1,0
30,Female,69614,Bachelor,Divorced,3,Southwest,Suburban,12,735.05,61.25,28,4,0.077,0.453,0,0.194,0.078,10,5.48,16,28.35,1,0,0
32,Female,60178,High School,Divorced,6,Southeast,Suburban,8,470.15,58.77,57,1,0.022,0.632,0,0.396,0.058,13,3.8,11,11.24,1,1,0
20,Male,67678,Bachelor,Single,1,Southwest,Urban,24,1149.7,47.9,27,3,0.168,0.369,1,0.278,0.086,19,10.08,12,63.79,0,0,0
28,Female,54129,Bachelor,Divorced,4,Northeast,Urban,9,760.93,84.55,41,4,0.079,0.48,0,0.314,0.059,15,7.78,21,9.67,0,0,1
21,Female,78219,Bachelor,Single,2,Southeast,Urban,21,1069.07,50.91,14,2,0.12,0.427,0,0.235,0.109,9,3.21,17,44.54,1,0,0
27,Male,52707,Bachelor,Married,4,Northeast,Suburban,21,806.46,38.4,17,7,0.169,0.787,1,0.054,0.025,14,3.82,17,48.67,0,0,1
57,Male,107293,Bachelor,Married,2,Southeast,Rural,15,513.02,34.2,13,1,0.097,0.647,0,0.289,0.051,7,11.12,4,40.86,0,0,0
27,Male,68834,Bachelor,Married,2,West,Rural,10,866.32,86.63,61,1,0.189,0.614,0,0.329,0.148,6,3.12,8,34.36,1,1,0
80,Female,62764,High School,Married,6,West,Urban,11,602.75,54.8,16,1,0.173,0.402,0,0.143,0.056,6,5.96,3,10.56,0,0,0
49,Female,53579,High School,Married,1,Southwest,Suburban,11,552.62,50.24,15,4,0.081,0.328,0,0.196,0.059,8,4.17,4,33.74,1,1,0
44,Male,64025,Master,Divorced,1,Southwest,Suburban,25,1443.7,57.75,19,4,0.137,0.552,1,0.078,0.031,12,4.11,7,27.88,0,0,1
29,Male,81249,Bachelor,Married,2,Southeast,Suburban,10,944.9,94.49,24,4,0.123,0.374,0,0.312,0.041,19,3.76,7,28.65,0,0,1
52,Female,66828,High School,Divorced,3,Midwest,Suburban,22,2104.77,95.67,14,3,0.083,0.391,1,0.357,0.169,13,6.12,11,33.5,0,0,0
33,Female,33574,Bachelor,Single,2,Southwest,Urban,18,270.0,15.0,23,5,0.013,0.66,1,0.295,0.101,12,7.11,13,38.73,0,1,0
43,Male,95636,Master,Single,4,Midwest,Rural,23,1576.87,68.56,25,3,0.028,0.434,1,0.239,0.026,14,7.18,8,42.04,0,0,0
80,Male,111542,Master,Widowed,4,Northeast,Rural,11,693.74,63.07,32,4,0.194,0.52,0,0.211,0.053,12,3.28,1,6.34,0,1,1
40,Female,50342,Bachelor,Married,3,Southwest,Urban,10,506.98,50.7,64,4,0.127,0.385,0,0.147,0.039,9,5.28,13,30.57,1,0,0
59,Male,112969,Bachelor,Married,4,Southeast,Suburban,18,1523.94,84.66,22,5,0.156,0.476,0,0.322,0.145,12,4.88,4,16.17,1,1,0
31,Male,67009,Bachelor,Married,2,Northeast,Urban,12,349.57,29.13,52,1,0.093,0.853,0,0.307,0.12,7,3.59,9,42.79,1,1,0
41,Female,98998,PhD,Single,2,Midwest,Urban,15,1303.08,86.87,26,2,0.045,0.64,0,0.262,0.035,7,3.36,5,9.49,1,0,0
68,Female,104008,Master,Married,2,Northeast,Rural,17,1241.35,73.02,25,4,0.1,0.634,1,0.219,0.024,10,5.1,2,12.16,0,1,1
32,Male,43500,Bachelor,Married,4,Midwest,Suburban,7,471.52,67.36,88,5,0.056,0.387,0,0.189,0.022,7,3.12,12,42.4,1,0,0
69,Male,91231,Master,Married,4,Southwest,Urban,13,990.88,76.22,39,3,0.18,0.437,0,0.182,0.021,13,15.18,6,10.24,1,0,1
52,Male,116473,Master,Married,3,Southeast,Suburban,20,1078.25,53.91,12,6,0.112,0.872,0,0.268,0.062,15,4.78,6,46.51,0,0,0
33,Male,59891,Bachelor,Married,6,West,Rural,13,939.1,72.24,36,4,0.211,0.744,0,0.414,0.084,8,12.68,6,48.52,0,0,0
51,Female,81731,Bachelor,Married,3,West,Rural,15,660.96,44.06,19,3,0.129,0.386,0,0.246,0.103,8,4.06,11,49.87,0,1,0
56,Male,39735,High School,Married,5,Northeast,Urban,2,50.48,25.24,117,4,0.067,0.548,0,0.215,0.081,6,10.51,9,24.58,0,1,0
51,Female,46628,High School,Married,5,Southwest,Rural,5,234.89,46.98,106,1,0.233,0.654,0,0.345,0.056,6,3.39,4,38.19,1,0,0
18,Female,79147,Master,Married,4,Southeast,Rural,17,1085.82,63.87,30,5,0.029,0.204,0,0.165,0.055,14,3.77,10,39.0,1,0,0
31,Male,71065,Bachelor,Married,2,Southwest,Suburban,6,182.78,30.46,48,1,0.101,0.615,0,0.365,0.174,8,3.68,9,49.8,0,0,0
38,Male,112300,Master,Divorced,3,West,Suburban,24,1996.66,83.19,7,4,0.052,0.549,1,0.382,0.129,12,3.71,16,43.09,0,1,1
40,Female,122744,PhD,Divorced,3,Northeast,Urban,26,2329.39,89.59,17,7,0.179,0.542,1,0.394,0.111,15,9.06,11,17.34,0,0,1
51,Female,62939,High School,Single,1,Southwest,Urban,9,530.16,58.91,31,5,0.077,0.565,0,0.263,0.111,6,6.21,9,44.83,1,0,0
44,Female,82894,Bachelor,Single,1,West,Suburban,12,452.25,37.69,15,2,0.101,0.673,0,0.257,0.111,10,12.69,7,14.24,0,1,0
21,Male,67650,Master,Single,2,Southeast,Rural,16,1067.25,66.7,12,6,0.209,0.326,0,0.333,0.084,13,7.11,15,35.62,1,1,0
47,Female,124022,Master,Married,3,Northeast,Rural,17,1774.83,104.4,30,4,0.103,0.358,0,0.515,0.088,15,5.8,12,23.68,1,0,1
51,Female,113635,Master,Married,2,Northeast,Suburban,29,1736.68,59.89,13,9,0.197,0.208,1,0.07,0.03,11,7.46,3,47.63,0,0,0
50,Female,83145,Bachelor,Married,2,Northeast,Suburban,22,1101.35,50.06,14,4,0.222,0.484,1,0.273,0.112,9,4.85,10,2.42,0,0,1
58,Male,90005,Bachelor,Married,3,Northeast,Suburban,16,1451.99,90.75,39,3,0.196,0.612,0,0.286,0.107,15,4.91,3,17.5,0,0,1
54,Female,105472,Bachelor,Single,4,Southeast,Suburban,26,2972.72,114.34,23,3,0.031,0.387,1,0.261,0.073,10,3.1,6,26.57,1,0,0
48,Female,117693,PhD,Widowed,2,Southeast,Urban,19,1624.86,85.52,21,4,0.023,0.219,1,0.218,0.037,13,15.0,9,57.3,0,1,1
40,Male,95979,Bachelor,Single,1,Northeast,Urban,9,620.98,69.0,33,3,0.193,0.495,0,0.285,0.117,8,4.06,13,18.08,0,0,0
18,Female,52095,PhD,Married,1,Southwest,Urban,13,780.16,60.01,32,1,0.128,0.451,0,0.327,0.06,8,6.22,11,11.8,0,0,0
48,Male,85918,Bachelor,Single,2,West,Urban,9,900.77,100.09,59,1,0.082,0.376,0,0.273,0.055,7,21.09,11,11.88,0,1,1
45,Male,98868,PhD,Single,2,West,Urban,10,624.33,62.43,17,2,0.05,0.319,0,0.242,0.04,7,3.73,7,18.8,0,1,0
46,Male,103745,Bachelor,Single,6,Southeast,Suburban,21,1516.03,72.19,23,5,0.053,0.691,0,0.259,0.117,7,3.88,11,29.13,1,1,0
22,Female,81395,Bachelor,Widowed,3,Southwest,Urban,13,786.4,60.49,40,2,0.201,0.314,0,0.17,0.05,11,5.11,16,29.24,1,1,0
25,Male,61092,Bachelor,Single,2,West,Suburban,13,418.76,32.21,44,3,0.291,0.365,0,0.513,0.076,9,9.46,8,46.49,0,0,0
57,Male,109234,Bachelor,Married,3,West,Rural,28,2846.84,101.67,10,4,0.19,0.476,1,0.187,0.076,13,3.57,7,30.69,1,0,1
41,Female,100146,Bachelor,Divorced,3,West,Suburban,18,1535.32,85.3,15,1,0.058,0.407,0,0.436,0.14,6,16.17,10,35.73,1,0,0
52,Male,68316,High School,Divorced,4,West,Suburban,13,309.56,23.81,21,3,0.118,0.564,0,0.365,0.147,17,4.79,5,5.39,1,0,0
42,Female,96279,High School,Married,3,Southeast,Urban,19,1480.34,77.91,34,6,0.138,0.385,0,0.212,0.077,12,5.81,6,53.82,0,0,1
42,Female,73729,Bachelor,Widowed,3,Northeast,Suburban,13,1301.42,100.11,18,5,0.169,0.544,0,0.423,0.172,4,10.27,12,0.0,0,0,0
56,Female,97182,Master,Widowed,6,Midwest,Suburban,26,2186.58,84.1,22,5,0.235,0.805,1,0.276,0.042,14,9.42,7,35.93,1,0,1
34,Female,80788,Bachelor,Married,6,Northeast,Suburban,19,1947.0,102.47,36,4,0.215,0.243,1,0.122,0.019,8,7.25,12,17.38,0,1,0
43,Female,54693,High School,Married,4,West,Suburban,10,461.44,46.14,63,5,0.111,0.402,0,0.191,0.058,10,5.05,11,11.18,0,0,1
35,Male,84880,Master,Widowed,1,Southeast,Suburban,20,1835.27,91.76,19,4,0.122,0.264,1,0.466,0.193,9,13.42,14,13.94,1,0,1
35,Female,89741,Bachelor,Widowed,2,West,Rural,9,910.52,101.17,64,1,0.059,0.222,0,0.263,0.096,7,5.99,18,54.04,0,1,0
37,Male,100488,PhD,Married,3,West,Urban,16,1260.63,78.79,32,8,0.169,0.311,0,0.357,0.149,14,7.55,17,3.41,0,1,0
45,Female,51174,Bachelor,Divorced,1,Southeast,Urban,14,663.1,47.36,43,1,0.241,0.617,1,0.239,0.059,8,3.96,13,26.22,1,1,0
34,Male,73309,Bachelor,Married,5,Northeast,Suburban,12,1063.85,88.65,20,2,0.031,0.538,0,0.233,0.026,11,4.05,13,25.03,0,1,0
60,Female,78155,Bachelor,Married,6,Southeast,Suburban,17,1357.94,79.88,33,2,0.019,0.633,1,0.336,0.049,9,3.72,6,33.94,1,1,0
28,Female,75979,Bachelor,Single,4,Southwest,Urban,25,2176.74,87.07,19,1,0.027,0.619,1,0.31,0.067,19,9.32,17,38.33,0,1,1
39,Female,67242,High School,Single,3,West,Rural,10,718.83,71.88,43,3,0.137,0.536,0,0.279,0.131,10,3.4,9,35.09,0,0,0
35,Male,75671,High School,Married,5,West,Suburban,11,728.67,66.24,48,5,0.196,0.608,0,0.147,0.058,6,4.7,13,32.51,1,0,0
63,Male,89612,High School,Married,2,Northeast,Suburban,11,803.34,73.03,27,4,0.129,0.329,0,0.453,0.155,10,22.28,6,22.17,1,1,0
44,Female,92153,Bachelor,Single,1,Northeast,Suburban,28,1931.46,68.98,7,6,0.039,0.524,1,0.195,0.09,12,7.45,8,16.26,0,0,1
57,Female,76163,Bachelor,Married,2,Northeast,Suburban,29,2206.52,76.09,15,6,0.073,0.576,1,0.439,0.045,17,3.43,8,15.36,1,1,1
19,Male,67859,Bachelor,Single,1,Southeast,Rural,21,1268.04,60.38,15,3,0.119,0.391,1,0.285,0.088,13,7.85,18,70.1,0,1,1
46,Other,91926,High School,Widowed,4,West,Urban,7,567.21,81.03,40,4,0.118,0.388,0,0.248,0.095,5,8.48,12,11.03,1,0,0
55,Female,74270,Bachelor,Widowed,2,Southeast,Urban,15,769.22,51.28,45,2,0.156,0.769,1,0.295,0.033,4,11.76,8,17.07,1,1,0
43,Male,101996,Bachelor,Married,4,Midwest,Urban,25,1599.13,63.97,11,4,0.089,0.676,1,0.431,0.168,18,3.26,9,17.04,1,1,0
57,Female,77959,Bachelor,Widowed,4,Midwest,Rural,6,483.97,80.66,44,1,0.071,0.337,0,0.38,0.138,5,3.73,8,33.12,1,0,1
34,Female,40020,High School,Married,2,Southeast,Suburban,7,404.46,57.78,45,1,0.107,0.541,0,0.176,0.06,4,4.97,12,26.63,1,1,0
63,Male,80443,High School,Divorced,3,Midwest,Rural,7,431.36,61.62,56,1,0.282,0.53,0,0.209,0.101,8,6.53,9,9.23,0,1,0
76,Male,112138,Bachelor,Widowed,1,Midwest,Rural,28,3180.99,113.61,22,2,0.007,0.513,1,0.17,0.029,20,3.67,2,10.29,0,0,0
36,Female,68076,High School,Married,6,Southeast,Suburban,13,619.01,47.62,19,2,0.065,0.199,0,0.349,0.17,7,5.17,18,48.14,1,0,1
35,Female,54173,Bachelor,Married,3,Southwest,Urban,9,592.5,65.83,51,3,0.195,0.334,0,0.379,0.177,13,3.52,11,42.56,0,0,1
63,Male,97518,Bachelor,Married,3,Southeast,Suburban,16,1406.61,87.91,22,3,0.032,0.814,0,0.137,0.057,4,4.26,5,14.15,1,1,1
65,Female,82316,Bachelor,Married,6,Southwest,Urban,21,1516.78,72.23,28,4,0.033,0.648,1,0.277,0.129,8,8.1,3,22.89,0,1,1
34,Female,45466,Bachelor,Married,3,West,Rural,15,1170.85,78.06,32,4,0.103,0.538,1,0.401,0.195,13,9.49,8,21.8,0,1,0
35,Female,54668,Bachelor,Widowed,2,Southwest,Urban,17,1527.95,89.88,34,4,0.197,0.764,1,0.358,0.115,5,12.66,13,20.03,0,0,1
37,Male,58936,Bachelor,Married,3,Southeast,Suburban,10,364.52,36.45,59,3,0.026,0.381,0,0.381,0.102,7,6.57,11,9.14,1,0,0
21,Female,80223,Master,Married,4,Southwest,Urban,19,467.58,24.61,34,6,0.063,0.302,1,0.177,0.04,12,8.08,16,21.32,1,0,1
28,Male,95283,Master,Married,3,West,Urban,16,1085.73,67.86,42,3,0.18,0.307,0,0.374,0.071,15,9.78,12,34.36,0,0,1
26,Male,39301,Bachelor,Single,3,Southeast,Urban,13,389.89,29.99,37,4,0.088,0.189,1,0.224,0.068,6,3.67,16,51.31,0,1,0
30,Male,69879,Bachelor,Married,2,Southwest,Suburban,12,674.37,56.2,40,2,0.081,0.602,0,0.386,0.159,9,9.1,11,18.68,0,0,1
41,Female,55749,Bachelor,Married,1,Midwest,Urban,24,2262.36,94.26,10,3,0.087,0.44,1,0.19,0.048,12,7.64,13,52.02,0,1,1
45,Female,101036,Master,Married,5,West,Suburban,17,2285.65,134.45,13,1,0.104,0.524,0,0.14,0.06,12,6.07,10,47.54,0,1,0
65,Male,68259,High School,Single,2,Southeast,Suburban,22,993.65,45.17,19,4,0.097,0.4,1,0.472,0.141,11,4.2,5,17.39,1,0,1
27,Female,76430,PhD,Widowed,3,West,Rural,13,945.1,72.7,40,3,0.109,0.338,0,0.484,0.096,10,8.56,10,38.98,0,0,0
56,Male,97394,Bachelor,Divorced,2,Midwest,Rural,13,1075.5,82.73,22,5,0.084,0.213,0,0.229,0.079,9,4.89,9,21.47,0,1,1
38,Male,62196,Bachelor,Married,6,Southeast,Suburban,13,884.17,68.01,25,5,0.062,0.532,0,0.05,0.024,6,4.32,12,22.24,0,0,0
41,Other,53660,High School,Married,3,Southeast,Suburban,12,353.04,29.42,43,4,0.073,0.87,0,0.134,0.022,14,3.09,6,26.56,1,0,1
52,Female,48900,Bachelor,Single,2,Southeast,Suburban,7,554.16,79.17,37,2,0.111,0.763,0,0.199,0.06,6,12.16,6,13.06,0,0,0
25,Male,74798,Bachelor,Single,2,Northeast,Suburban,11,939.82,85.44,38,1,0.055,0.235,0,0.107,0.014,9,4.87,10,65.95,1,1,0
47,Female,75513,High School,Divorced,3,Northeast,Suburban,11,639.71,58.16,39,3,0.144,0.37,0,0.267,0.109,9,4.52,6,11.63,0,0,0
44,Male,75881,Bachelor,Divorced,3,Southeast,Urban,18,1666.0,92.56,36,2,0.07,0.242,1,0.317,0.143,8,3.03,8,10.68,1,1,1
49,Male,71886,Master,Married,2,Midwest,Suburban,26,964.74,37.11,14,4,0.094,0.228,1,0.202,0.035,18,5.21,9,31.33,0,0,1
46,Female,95540,Bachelor,Married,3,Southeast,Urban,17,746.38,43.9,16,3,0.096,0.374,0,0.171,0.027,10,6.59,6,37.16,1,1,0
78,Female,93006,Bachelor,Divorced,6,Northeast,Suburban,17,1390.6,81.8,15,10,0.122,0.311,0,0.155,0.018,13,10.58,3,12.63,0,0,0
32,Male,44399,High School,Married,5,Midwest,Suburban,3,182.47,60.82,85,4,0.066,0.268,0,0.205,0.08,6,3.5,19,17.74,1,1,0
34,Female,117480,Master,Single,1,Northeast,Rural,17,1452.88,85.46,18,1,0.246,0.361,0,0.305,0.036,13,9.41,12,71.5,1,0,0
32,Female,70645,Master,Married,3,Southeast,Urban,23,2011.8,87.47,24,6,0.235,0.27,1,0.254,0.124,15,6.18,13,25.01,1,0,0
33,Male,78133,Bachelor,Married,4,Northeast,Suburban,7,391.42,55.92,63,6,0.263,0.413,0,0.203,0.04,7,8.27,12,16.51,1,0,0
32,Female,74631,Bachelor,Single,3,Midwest,Rural,12,1096.84,91.4,42,2,0.106,0.679,0,0.256,0.086,5,6.68,14,44.6,1,0,1
59,Female,93652,Bachelor,Single,3,Northeast,Urban,13,1203.64,92.59,37,5,0.093,0.523,0,0.35,0.128,9,12.59,7,28.24,0,0,0
63,Female,95230,Bachelor,Married,4,Southeast,Rural,25,2871.8,114.87,17,6,0.174,0.548,1,0.505,0.082,17,5.38,4,55.49,0,0,1
33,Female,72645,Bachelor,Married,4,Midwest,Rural,19,586.42,30.86,34,1,0.208,0.402,1,0.144,0.023,16,6.06,10,30.4,0,1,0
29,Female,97879,PhD,Single,4,Northeast,Suburban,18,1245.83,69.21,33,3,0.109,0.707,0,0.251,0.027,11,7.75,12,8.27,1,0,1
49,Male,79021,Bachelor,Married,3,Midwest,Suburban,20,1027.73,51.39,14,4,0.304,0.672,1,0.304,0.122,7,5.69,8,34.25,1,0,0
33,Female,89669,Bachelor,Married,4,Southeast,Rural,17,1536.35,90.37,23,2,0.079,0.59,0,0.437,0.066,15,7.2,9,46.67,0,0,1
51,Female,61710,Bachelor,Widowed,1,West,Suburban,12,1107.79,92.32,26,4,0.077,0.416,0,0.241,0.053,9,3.07,9,23.85,1,0,0
45,Male,106921,Master,Single,1,West,Urban,24,1824.48,76.02,23,4,0.074,0.502,1,0.349,0.107,15,6.68,8,25.83,0,0,0
19,Female,68135,Bachelor,Single,2,West,Rural,13,988.72,76.06,26,4,0.295,0.507,0,0.412,0.167,3,4.38,18,53.63,1,0,0
65,Female,103075,Bachelor,Widowed,1,Midwest,Urban,11,1214.51,110.41,44,1,0.127,0.841,0,0.253,0.053,14,10.16,7,0.0,0,0,1
68,Female,111754,Bachelor,Married,6,Midwest,Urban,23,2125.24,92.4,14,7,0.089,0.432,0,0.108,0.043,15,4.04,7,20.01,0,1,0
32,Male,64811,Bachelor,Married,4,West,Rural,11,840.78,76.43,23,2,0.035,0.797,0,0.46,0.115,9,8.13,15,17.1,1,0,0
36,Male,56365,Master,Married,2,Southeast,Urban,7,129.62,18.52,23,1,0.102,0.471,0,0.215,0.078,4,11.54,13,22.01,1,0,0
46,Female,61315,High School,Single,1,Midwest,Suburban,26,2391.33,91.97,26,1,0.063,0.541,1,0.412,0.109,13,3.5,12,26.93,0,1,1
47,Male,78332,Master,Married,5,Southeast,Suburban,14,884.67,63.19,20,1,0.267,0.192,0,0.381,0.173,7,15.49,11,25.86,0,0,0
51,Female,55422,High School,Married,6,Midwest,Suburban,12,1333.27,111.11,49,1,0.023,0.326,0,0.133,0.031,9,3.87,7,12.52,1,1,1
72,Male,64563,High School,Single,4,Northeast,Urban,8,362.12,45.26,70,2,0.149,0.732,0,0.216,0.084,6,7.86,3,11.06,1,1,0
39,Male,79639,Master,Married,6,West,Suburban,12,951.73,79.31,23,3,0.141,0.327,0,0.337,0.114,7,10.55,13,20.28,0,1,0
30,Male,55650,Bachelor,Divorced,1,West,Urban,16,1189.38,74.34,24,6,0.018,0.297,0,0.308,0.131,7,3.07,12,11.85,1,1,1
21,Male,21736,Bachelor,Single,2,Northeast,Urban,8,120.0,15.0,71,2,0.312,0.363,0,0.094,0.043,11,14.67,17,60.67,1,1,1
31,Female,75903,Bachelor,Married,2,West,Urban,26,2690.99,103.5,20,3,0.065,0.757,0,0.375,0.175,26,4.88,15,51.55,1,1,0
41,Male,106704,Bachelor,Married,4,Southeast,Urban,18,1767.85,98.21,20,5,0.208,0.612,0,0.301,0.107,12,6.26,10,43.54,1,0,1
68,Male,104093,Bachelor,Divorced,3,Southeast,Rural,23,1199.62,52.16,29,2,0.077,0.52,0,0.438,0.098,9,8.61,3,28.83,0,0,0
34,Male,94756,PhD,Divorced,1,Southwest,Suburban,12,1017.28,84.77,28,3,0.036,0.448,0,0.395,0.05,7,4.93,10,25.55,0,0,0
45,Female,105778,PhD,Married,6,Northeast,Suburban,30,2705.04,90.17,9,7,0.109,0.394,0,0.278,0.052,11,6.2,11,36.31,0,0,0
41,Male,67085,Bachelor,Married,3,Midwest,Suburban,13,791.12,60.86,18,3,0.283,0.793,0,0.076,0.013,9,3.86,11,19.82,0,0,1
59,Female,89150,Bachelor,Single,5,Northeast,Rural,17,1065.12,62.65,31,3,0.069,0.342,0,0.269,0.048,8,3.78,3,0.0,0,1,0
79,Female,103244,Bachelor,Married,3,Midwest,Suburban,11,882.88,80.26,16,1,0.239,0.516,0,0.172,0.082,16,16.33,2,40.8,0,0,1
34,Female,70184,Master,Married,1,Midwest,Suburban,11,905.5,82.32,53,2,0.071,0.609,0,0.327,0.098,9,4.36,12,37.49,1,1,0
34,Female,78043,High School,Married,5,West,Urban,21,1794.22,85.44,15,2,0.04,0.555,1,0.356,0.097,11,13.56,11,30.02,0,1,1
57,Female,63892,Bachelor,Widowed,2,Southwest,Suburban,7,434.81,62.12,48,1,0.018,0.359,0,0.421,0.08,6,3.58,4,2.81,0,0,0
52,Female,77974,High School,Married,2,Northeast,Urban,12,882.72,73.56,47,2,0.077,0.587,0,0.305,0.091,9,6.18,8,7.06,0,1,0
69,Male,79282,High School,Married,4,Southeast,Suburban,29,1945.91,67.1,20,5,0.184,0.687,1,0.252,0.125,23,3.22,4,29.49,0,0,0
50,Male,94112,High School,Married,2,West,Urban,18,1036.74,57.6,21,1,0.052,0.306,0,0.251,0.046,10,7.72,10,12.43,0,0,0
36,Male,74512,Bachelor,Single,4,Southwest,Suburban,17,1123.87,66.11,26,4,0.121,0.347,0,0.17,0.036,15,8.77,9,33.44,1,1,0
50,Female,90201,Master,Married,4,Midwest,Urban,14,845.72,60.41,36,3,0.032,0.567,0,0.409,0.166,9,7.64,7,23.89,0,0,1
58,Other,83284,Bachelor,Married,5,Midwest,Suburban,6,310.39,51.73,79,2,0.07,0.517,0,0.256,0.121,9,10.51,6,18.79,0,1,0
54,Female,84398,Bachelor,Widowed,1,Southeast,Suburban,20,476.36,23.82,22,3,0.034,0.278,1,0.163,0.05,12,3.97,12,53.64,0,1,0
49,Male,47658,High School,Married,5,Midwest,Urban,9,410.87,45.65,64,2,0.087,0.527,0,0.184,0.075,7,3.59,10,33.57,0,0,0
58,Female,75496,Bachelor,Widowed,3,West,Urban,10,834.57,83.46,58,5,0.15,0.554,0,0.253,0.027,7,5.99,4,45.14,0,0,1
59,Male,61025,Bachelor,Married,3,Northeast,Urban,10,849.75,84.97,58,1,0.114,0.471,0,0.324,0.115,9,3.52,6,21.94,1,0,0
62,Male,76355,Bachelor,Married,5,West,Suburban,15,1156.52,77.1,20,1,0.037,0.696,0,0.376,0.044,10,4.65,4,25.07,0,0,0
51,Male,112808,PhD,Married,3,Southeast,Suburban,14,846.91,60.49,21,1,0.07,0.192,0,0.462,0.229,9,3.65,12,18.63,1,0,0
39,Male,61302,High School,Single,4,Midwest,Suburban,9,518.01,57.56,25,1,0.093,0.569,0,0.261,0.084,11,7.19,9,45.69,0,1,0
44,Female,31110,High School,Married,3,Northeast,Suburban,13,291.94,22.46,45,7,0.075,0.315,0,0.213,0.035,9,3.34,14,21.55,1,0,0
60,Male,86541,Bachelor,Single,1,Midwest,Suburban,21,2340.63,111.46,9,3,0.144,0.539,1,0.337,0.15,13,3.87,9,2.08,1,0,1
29,Male,102251,PhD,Single,1,Southeast,Suburban,18,1320.85,73.38,13,2,0.132,0.573,0,0.233,0.09,16,14.24,9,35.88,1,1,0
47,Female,90756,Master,Widowed,3,Southeast,Urban,13,851.4,65.49,49,4,0.14,0.238,0,0.326,0.076,11,6.19,6,7.43,1,1,0
36,Female,74893,Master,Married,5,West,Suburban,20,1718.07,85.9,11,7,0.239,0.606,1,0.264,0.031,6,7.96,13,7.16,1,0,0
42,Female,68017,Bachelor,Married,4,Midwest,Urban,19,1201.31,63.23,12,2,0.022,0.218,1,0.276,0.099,18,4.7,6,11.26,0,0,1
61,Male,111288,PhD,Single,3,Southeast,Suburban,19,2034.46,107.08,34,4,0.047,0.326,0,0.05,0.018,15,5.01,2,14.46,0,1,0
44,Female,51249,High School,Married,2,Midwest,Suburban,30,994.86,33.16,11,4,0.266,0.364,1,0.339,0.076,8,7.27,13,6.03,0,0,0
42,Female,61807,High School,Married,4,Northeast,Suburban,21,1316.36,62.68,30,5,0.019,0.552,0,0.158,0.056,12,3.58,13,32.41,1,0,0
21,Male,107015,Master,Married,2,Southeast,Urban,30,2809.59,93.65,12,3,0.072,0.73,1,0.135,0.023,21,4.25,15,51.11,0,1,0
53,Female,101844,PhD,Married,5,Southeast,Urban,17,485.59,28.56,21,1,0.241,0.584,0,0.05,0.023,8,3.27,9,32.13,1,0,1
51,Male,61627,High School,Married,1,Midwest,Urban,30,1414.81,47.16,8,5,0.127,0.187,1,0.065,0.016,11,6.45,10,39.65,0,1,1
74,Male,84024,High School,Married,2,West,Suburban,13,776.56,59.74,48,4,0.093,0.528,0,0.308,0.05,9,4.5,6,0.97,1,1,0
37,Female,44889,High School,Married,5,Southeast,Suburban,10,535.49,53.55,54,4,0.087,0.778,0,0.283,0.126,12,9.75,8,26.82,1,0,0
45,Female,78073,High School,Divorced,3,Midwest,Urban,9,565.5,62.83,30,1,0.087,0.325,0,0.228,0.058,6,10.29,14,14.02,0,1,0
45,Male,26036,High School,Single,3,Northeast,Suburban,18,880.9,48.94,30,5,0.149,0.787,1,0.277,0.103,10,3.08,13,20.04,0,0,0
65,Female,114634,PhD,Married,3,Southeast,Suburban,23,1900.43,82.63,9,8,0.165,0.604,1,0.122,0.042,11,3.48,2,28.49,0,0,1
40,Female,84874,Bachelor,Married,3,Midwest,Suburban,15,1430.78,95.39,29,7,0.079,0.538,0,0.324,0.054,7,3.42,6,18.33,1,0,0
46,Female,87988,Master,Married,5,Northeast,Suburban,13,1510.71,116.21,22,3,0.186,0.417,0,0.339,0.09,6,4.45,8,20.38,1,0,0
51,Male,84087,Master,Married,5,Midwest,Suburban,12,504.39,42.03,49,2,0.21,0.461,0,0.341,0.147,14,10.08,8,49.37,1,0,1
44,Female,82411,Bachelor,Single,4,Southeast,Rural,9,645.29,71.7,46,1,0.185,0.468,0,0.328,0.058,7,7.31,13,15.37,0,1,0
35,Male,97195,Master,Married,2,West,Urban,22,2207.14,100.32,29,5,0.102,0.538,1,0.05,0.015,14,8.48,16,39.85,1,0,0
44,Female,78959,Bachelor,Widowed,4,Southwest,Urban,11,609.63,55.42,41,3,0.075,0.931,0,0.171,0.053,9,3.01,7,55.63,1,0,0
58,Male,74981,Bachelor,Married,3,Southeast,Suburban,16,1169.4,73.09,26,5,0.096,0.281,0,0.339,0.154,9,8.86,12,12.64,0,0,0
26,Male,68243,Bachelor,Married,4,Northeast,Suburban,9,508.73,56.53,56,2,0.031,0.59,0,0.379,0.13,10,9.77,18,53.55,0,0,0
43,Female,68969,Bachelor,Married,2,Northeast,Rural,9,399.74,44.42,61,1,0.119,0.293,0,0.46,0.206,10,4.0,13,14.66,0,0,0
31,Male,91577,Master,Single,4,Northeast,Urban,22,1219.97,55.45,8,4,0.148,0.479,0,0.41,0.185,14,8.01,8,41.4,1,0,1
59,Male,140048,PhD,Single,2,Southwest,Urban,12,607.26,50.61,36,7,0.073,0.222,0,0.11,0.03,9,4.13,5,35.87,1,0,0
19,Male,20000,Bachelor,Single,3,West,Suburban,10,433.2,43.32,55,2,0.149,0.73,0,0.304,0.041,7,4.85,10,58.85,0,0,0
33,Female,83666,Master,Married,1,Northeast,Urban,18,1376.45,76.47,21,5,0.177,0.335,0,0.102,0.047,6,3.13,14,44.21,0,0,1
47,Male,37163,High School,Married,6,Southeast,Urban,4,118.18,29.54,41,1,0.075,0.364,0,0.324,0.056,7,9.36,3,29.64,0,1,0
65,Female,144226,Master,Divorced,4,Southeast,Rural,12,1158.2,96.52,14,4,0.108,0.276,0,0.265,0.084,12,4.49,6,15.94,1,0,1
41,Male,66378,Bachelor,Widowed,1,Southwest,Urban,19,652.54,34.34,30,4,0.053,0.31,1,0.191,0.029,11,3.62,8,37.53,1,0,0
33,Male,63195,High School,Married,5,Southeast,Suburban,7,505.74,72.25,36,1,0.135,0.522,0,0.167,0.081,7,13.99,21,38.57,1,0,0
70,Male,96070,Bachelor,Married,3,West,Urban,20,1400.46,70.02,13,3,0.234,0.262,1,0.179,0.019,11,4.47,3,7.83,0,0,1
20,Female,44553,Bachelor,Single,4,Southwest,Urban,7,473.82,67.69,42,5,0.027,0.454,0,0.293,0.068,4,8.49,10,28.43,1,1,0
18,Male,26169,High School,Single,1,West,Urban,8,293.14,36.64,26,5,0.047,0.455,0,0.348,0.172,6,11.37,18,23.38,0,1,0
48,Male,132785,PhD,Divorced,4,Southeast,Urban,24,1839.32,76.64,8,6,0.145,0.441,1,0.313,0.054,13,14.09,9,16.39,0,0,1
34,Other,67139,High School,Single,1,Midwest,Urban,10,528.51,52.85,60,2,0.06,0.331,0,0.507,0.196,12,4.99,16,26.09,1,0,1
26,Female,120553,PhD,Divorced,3,Southwest,Rural,23,2770.09,120.44,14,4,0.047,0.49,1,0.08,0.028,15,4.23,13,59.56,0,1,0
52,Male,98031,Master,Widowed,5,Southwest,Suburban,20,2418.74,120.94,23,6,0.06,0.804,1,0.46,0.048,9,3.66,5,24.52,1,0,1
45,Male,80918,Bachelor,Married,1,Northeast,Suburban,11,443.5,40.32,54,3,0.01,0.365,0,0.395,0.179,6,6.17,8,35.02,1,1,0
33,Female,62992,Bachelor,Married,3,West,Urban,17,1353.38,79.61,39,6,0.051,0.836,1,0.289,0.031,5,13.78,13,25.0,0,1,0
22,Male,68893,Master,Single,2,West,Urban,17,718.78,42.28,31,5,0.225,0.611,0,0.486,0.187,14,10.82,17,67.58,1,0,0
55,Male,68971,Bachelor,Married,4,Northeast,Suburban,9,443.59,49.29,70,4,0.214,0.314,0,0.155,0.043,7,4.56,10,30.68,1,0,0
51,Female,82660,Bachelor,Single,3,Midwest,Suburban,15,1132.64,75.51,25,1,0.09,0.437,0,0.138,0.017,7,4.45,10,11.4,0,0,0
40,Female,60761,Bachelor,Married,3,Southeast,Suburban,10,701.67,70.17,55,1,0.108,0.719,0,0.401,0.116,11,14.3,11,18.4,0,1,1
69,Female,102428,Bachelor,Single,4,West,Suburban,15,999.75,66.65,43,3,0.213,0.532,0,0.184,0.068,10,17.14,5,27.78,1,1,1
25,Male,93150,PhD,Married,2,Southwest,Suburban,13,1154.11,88.78,15,3,0.21,0.367,0,0.164,0.02,9,3.83,14,22.94,1,0,0
19,Male,60115,Bachelor,Single,2,Southeast,Urban,18,1507.36,83.74,18,8,0.145,0.755,1,0.24,0.111,10,13.14,8,44.57,0,1,0
31,Female,90526,Bachelor,Single,3,Northeast,Suburban,13,1167.82,89.83,41,4,0.053,0.375,1,0.185,0.043,9,6.83,18,53.97,0,0,1
41,Male,72834,Bachelor,Married,2,Southeast,Urban,20,941.85,47.09,16,5,0.129,0.19,1,0.232,0.041,8,3.93,10,59.48,1,1,0
45,Female,102950,Master,Widowed,2,Northeast,Urban,9,653.23,72.58,19,1,0.117,0.757,0,0.275,0.12,9,10.59,12,62.0,1,0,1
38,Female,116772,Master,Married,2,Northeast,Suburban,14,1482.47,105.89,41,2,0.038,0.431,0,0.23,0.061,4,5.56,9,15.24,0,0,1
47,Male,97799,Bachelor,Married,4,Southwest,Urban,18,1978.69,109.93,14,5,0.054,0.516,1,0.285,0.127,8,4.7,9,19.59,0,0,1
23,Female,61297,High School,Married,3,Southwest,Suburban,8,281.84,35.23,39,1,0.255,0.423,0,0.222,0.049,11,3.98,7,35.36,0,1,1
63,Female,71399,High School,Divorced,2,Midwest,Rural,14,1004.57,71.75,45,2,0.05,0.847,1,0.241,0.08,4,5.79,7,47.64,0,1,0
40,Female,76044,Bachelor,Divorced,2,Midwest,Urban,13,1075.2,82.71,21,3,0.149,0.573,0,0.286,0.14,5,11.23,10,39.25,1,1,0
58,Male,67225,Bachelor,Married,6,Northeast,Suburban,25,892.06,35.68,25,4,0.017,0.475,1,0.23,0.056,13,11.46,13,0.0,0,0,1
47,Male,115683,PhD,Divorced,2,Southeast,Suburban,28,3030.14,108.22,14,4,0.121,0.282,1,0.362,0.109,18,3.58,10,24.61,0,0,1
48,Female,83116,Bachelor,Married,3,Southwest,Urban,24,2732.52,113.86,27,6,0.132,0.941,1,0.209,0.088,12,3.2,15,30.92,1,1,1
50,Male,80950,Bachelor,Widowed,2,Southeast,Suburban,20,1675.03,83.75,31,4,0.105,0.397,0,0.348,0.123,15,9.71,10,55.44,0,0,1
48,Other,109407,Master,Married,5,Southeast,Suburban,15,1440.26,96.02,25,7,0.106,0.549,1,0.298,0.124,9,4.03,4,54.85,0,0,0
51,Male,63283,Bachelor,Widowed,2,Southeast,Suburban,13,606.02,46.62,49,5,0.071,0.467,0,0.175,0.043,10,10.03,7,0.0,1,0,0
61,Female,113922,Bachelor,Widowed,3,Midwest,Rural,13,1003.0,77.15,37,2,0.051,0.395,0,0.281,0.075,5,4.75,9,45.09,0,1,1
44,Male,74326,High School,Single,4,West,Urban,9,487.96,54.22,44,6,0.094,0.468,0,0.36,0.04,3,5.77,9,34.8,1,0,0
52,Female,81140,Bachelor,Widowed,2,Midwest,Suburban,14,740.34,52.88,31,1,0.023,0.64,0,0.266,0.112,7,7.01,11,12.03,1,0,0
40,Male,100369,PhD,Single,2,Northeast,Suburban,13,979.44,75.34,15,4,0.164,0.464,0,0.123,0.04,12,8.37,6,0.0,1,1,1
63,Male,98209,Bachelor,Married,5,West,Urban,22,1876.35,85.29,27,2,0.037,0.309,1,0.276,0.09,9,5.64,5,16.51,1,0,1
31,Male,88212,Bachelor,Married,2,Northeast,Rural,17,968.22,56.95,19,2,0.044,0.649,0,0.319,0.074,15,4.52,15,49.76,0,0,1
69,Female,97324,Bachelor,Widowed,4,Midwest,Urban,25,1792.85,71.71,12,3,0.304,0.621,0,0.249,0.114,9,8.56,6,8.53,1,1,1
41,Male,105560,PhD,Married,5,Southeast,Suburban,32,2853.08,89.16,17,1,0.054,0.412,1,0.111,0.043,19,10.62,10,37.38,1,0,0
20,Female,56871,Bachelor,Single,3,West,Suburban,8,128.8,16.1,42,2,0.1,0.693,0,0.227,0.028,10,12.71,14,69.09,1,1,0
43,Female,101730,Bachelor,Married,4,Southwest,Suburban,15,1497.76,99.85,29,2,0.032,0.22,0,0.255,0.103,4,7.34,9,39.45,1,0,0
31,Male,89866,PhD,Widowed,1,Midwest,Urban,14,1108.71,79.19,27,4,0.208,0.524,0,0.145,0.017,7,3.26,16,23.69,1,1,1
54,Female,68357,High School,Divorced,4,Southwest,Urban,16,1099.4,68.71,26,2,0.085,0.695,0,0.373,0.088,16,4.56,11,7.15,1,0,0
32,Male,103151,Master,Single,1,Midwest,Urban,18,1884.65,104.7,16,2,0.091,0.315,0,0.399,0.113,12,3.61,10,27.76,1,1,1
35,Other,70805,Bachelor,Married,5,Northeast,Suburban,5,420.83,84.17,111,1,0.234,0.736,0,0.171,0.062,9,8.72,7,47.65,0,0,0
18,Female,87055,Master,Single,1,Southwest,Urban,11,942.4,85.67,43,1,0.058,0.446,0,0.335,0.124,10,6.52,17,64.83,1,1,1
35,Male,54930,Bachelor,Married,1,Midwest,Suburban,23,1450.33,63.06,12,1,0.149,0.688,1,0.299,0.09,7,15.38,12,44.23,1,0,0
18,Male,51920,Bachelor,Single,2,Southwest,Urban,11,613.41,55.76,19,4,0.27,0.711,1,0.2,0.046,9,9.54,9,25.13,0,1,1
18,Male,92266,Master,Single,1,Northeast,Urban,15,967.73,64.52,29,8,0.144,0.443,0,0.357,0.121,9,3.43,22,33.92,1,0,1
53,Other,57854,High School,Widowed,4,Northeast,Suburban,3,119.14,39.71,109,3,0.127,0.697,0,0.258,0.096,6,10.51,8,9.77,1,0,0
53,Male,80730,Bachelor,Married,3,Midwest,Suburban,13,1015.45,78.11,49,2,0.028,0.329,0,0.261,0.056,7,7.69,10,46.15,1,0,0
48,Female,67850,High School,Married,4,Midwest,Suburban,17,1220.72,71.81,17,2,0.213,0.637,0,0.208,0.07,9,5.88,11,45.06,0,1,0
27,Male,32362,High School,Single,1,Southeast,Urban,16,784.06,49.0,39,6,0.119,0.358,1,0.225,0.068,5,9.24,12,56.22,1,0,1
41,Female,97192,PhD,Single,3,Southeast,Urban,12,620.59,51.72,46,4,0.222,0.414,0,0.304,0.039,6,3.47,10,24.11,0,1,0
41,Male,75089,Bachelor,Married,3,Southwest,Rural,16,240.0,15.0,26,2,0.135,0.4,1,0.296,0.13,7,3.35,11,41.23,1,1,0
24,Female,90500,PhD,Single,1,Northeast,Urban,10,763.62,76.36,60,6,0.125,0.523,0,0.24,0.112,12,4.01,14,0.63,0,1,1
64,Female,96005,High School,Widowed,2,Midwest,Suburban,16,661.19,41.32,38,5,0.221,0.469,0,0.204,0.07,13,3.55,7,7.37,0,1,0
55,Female,107721,Bachelor,Married,6,Midwest,Suburban,17,1533.72,90.22,31,3,0.063,0.472,0,0.265,0.112,12,5.21,6,13.62,1,0,0
38,Male,43158,High School,Married,2,Southeast,Urban,5,452.76,90.55,39,2,0.129,0.264,0,0.236,0.08,6,13.02,9,23.32,1,1,1
42,Male,90869,Master,Married,2,West,Suburban,24,1969.42,82.06,10,5,0.156,0.295,1,0.412,0.127,10,6.11,5,26.99,0,1,0
45,Male,101713,Master,Married,5,Northeast,Rural,31,2235.9,72.13,15,4,0.207,0.765,1,0.236,0.085,13,13.73,9,35.0,1,0,1
18,Female,62745,High School,Married,3,West,Rural,9,364.1,40.46,31,4,0.045,0.239,0,0.084,0.028,8,21.83,20,31.87,0,1,0
38,Male,111777,PhD,Widowed,2,Southwest,Suburban,21,1561.45,74.35,22,4,0.198,0.461,0,0.147,0.056,8,3.27,19,43.22,0,0,1
31,Female,69763,Bachelor,Married,3,Midwest,Suburban,19,1218.73,64.14,24,4,0.058,0.365,0,0.421,0.146,12,3.01,5,1.07,1,0,1
26,Male,71398,Bachelor,Single,3,West,Urban,17,1481.67,87.16,27,7,0.058,0.418,0,0.345,0.169,10,8.24,10,44.5,0,0,0
37,Female,110306,PhD,Divorced,2,Southwest,Suburban,18,1583.24,87.96,26,3,0.171,0.575,0,0.203,0.071,12,17.69,6,50.49,0,0,0
68,Female,96084,Master,Married,2,West,Urban,26,1877.4,72.21,14,4,0.105,0.415,1,0.245,0.065,17,9.09,4,19.21,0,0,0
51,Female,114291,PhD,Married,3,Midwest,Rural,26,2615.78,100.61,11,8,0.165,0.576,1,0.197,0.024,12,6.37,19,13.66,0,1,1
33,Male,88887,Bachelor,Married,4,Midwest,Urban,13,1351.54,103.96,33,6,0.09,0.611,0,0.248,0.1,9,9.6,7,14.46,1,1,1
50,Male,62489,High School,Married,3,Midwest,Suburban,9,607.64,67.52,45,2,0.173,0.368,0,0.453,0.065,6,8.66,10,40.88,0,0,0
62,Male,77141,High School,Single,3,Northeast,Suburban,21,1520.3,72.4,15,3,0.035,0.617,1,0.379,0.122,9,4.8,7,27.53,0,0,0
55,Male,80962,Bachelor,Married,5,West,Suburban,15,559.23,37.28,13,4,0.013,0.331,0,0.278,0.029,11,14.02,8,16.5,0,0,1
42,Female,54492,Master,Single,1,Southwest,Urban,12,360.12,30.01,22,2,0.183,0.273,0,0.05,0.019,8,3.23,16,24.21,0,0,0
32,Female,66508,Bachelor,Divorced,3,Midwest,Urban,17,568.78,33.46,26,5,0.095,0.456,0,0.289,0.05,13,3.91,14,35.16,1,0,1
52,Female,86726,Bachelor,Widowed,2,West,Suburban,9,625.84,69.54,47,1,0.052,0.178,0,0.291,0.07,15,4.18,9,10.88,0,1,1
47,Male,70512,Bachelor,Married,5,West,Suburban,18,874.44,48.58,13,6,0.042,0.437,0,0.282,0.112,13,3.72,11,32.19,0,0,0
55,Female,67280,Bachelor,Divorced,3,Northeast,Suburban,6,322.31,53.72,73,1,0.086,0.686,0,0.183,0.062,4,7.82,6,51.21,0,0,0
51,Female,68190,Bachelor,Married,5,Southwest,Suburban,12,565.99,47.17,31,1,0.051,0.41,0,0.4,0.073,11,7.31,6,23.59,0,0,0
57,Female,97662,Bachelor,Widowed,2,Midwest,Suburban,23,1464.35,63.67,22,7,0.217,0.651,1,0.215,0.05,16,16.44,5,23.04,1,0,1
33,Male,111587,Master,Married,4,Midwest,Suburban,11,535.82,48.71,55,5,0.02,0.651,0,0.341,0.095,7,7.2,13,45.69,0,0,0
61,Male,95136,High School,Single,3,West,Urban,21,1721.33,81.97,15,2,0.249,0.407,0,0.31,0.08,11,5.95,5,30.09,0,0,1
44,Male,70634,Master,Single,4,West,Urban,15,1189.8,79.32,23,1,0.015,0.297,1,0.262,0.092,6,4.72,12,36.73,0,1,0
73,Female,96819,High School,Married,5,Southwest,Rural,24,1915.29,79.8,22,4,0.153,0.371,1,0.338,0.091,8,13.68,2,0.0,0,0,0
31,Female,55452,Bachelor,Single,2,Southeast,Suburban,7,455.17,65.02,87,1,0.056,0.383,0,0.178,0.06,6,5.9,16,7.81,1,0,0
68,Male,86265,Bachelor,Married,3,Southwest,Urban,23,1895.98,82.43,18,4,0.113,0.23,1,0.262,0.052,15,6.18,4,16.76,0,0,0
44,Male,83870,Master,Single,2,Midwest,Urban,14,1126.14,80.44,18,3,0.014,0.315,0,0.478,0.239,19,8.61,8,16.46,0,0,0
32,Female,76791,Bachelor,Single,2,Southeast,Suburban,26,2218.47,85.33,25,6,0.167,0.552,1,0.164,0.067,12,5.42,11,58.46,1,0,1
34,Female,82188,Bachelor,Married,3,Midwest,Suburban,21,1993.07,94.91,19,3,0.157,0.478,1,0.265,0.068,8,5.7,15,34.04,0,0,0
37,Male,68729,Bachelor,Widowed,1,Southeast,Rural,22,2110.49,95.93,18,4,0.056,0.391,1,0.318,0.155,16,4.37,6,17.83,1,0,0
48,Female,62783,High School,Single,2,Midwest,Suburban,14,320.27,22.88,31,8,0.042,0.438,0,0.321,0.123,9,6.94,13,38.35,0,1,0
49,Other,101763,Master,Single,3,Southwest,Urban,22,1984.95,90.22,13,4,0.05,0.561,1,0.327,0.092,12,3.14,10,41.31,1,1,1
33,Female,90519,Master,Married,4,Northeast,Suburban,13,663.76,51.06,43,5,0.077,0.345,0,0.181,0.033,8,3.5,13,42.18,1,0,0
41,Male,76043,High School,Divorced,2,Southwest,Urban,15,1442.17,96.14,33,2,0.024,0.352,0,0.296,0.098,6,9.27,18,15.68,0,0,0
74,Female,80534,Bachelor,Married,2,Northeast,Urban,24,1718.12,71.59,28,3,0.05,0.584,1,0.185,0.043,11,8.18,3,0.0,0,0,0
67,Female,109500,Master,Widowed,1,Midwest,Urban,30,2708.3,90.28,9,4,0.174,0.497,1,0.444,0.052,17,7.54,1,18.43,0,1,1
48,Male,62979,Bachelor,Married,4,Midwest,Urban,14,893.67,63.83,34,6,0.055,0.504,0,0.285,0.068,7,3.39,9,30.21,0,1,0
42,Female,73435,Bachelor,Single,2,Southwest,Rural,14,992.95,70.93,31,4,0.065,0.649,1,0.108,0.012,17,3.36,8,23.4,1,1,0
43,Female,56607,High School,Married,5,Southwest,Suburban,7,638.75,91.25,84,5,0.126,0.381,0,0.331,0.104,9,4.68,8,27.54,1,0,0
51,Female,80698,Bachelor,Married,6,Southeast,Urban,17,1617.41,95.14,11,5,0.103,0.438,1,0.409,0.05,10,4.75,13,17.01,1,0,1
26,Male,49403,Bachelor,Single,2,Northeast,Suburban,20,1735.82,86.79,28,3,0.255,0.223,1,0.279,0.038,10,5.35,18,11.46,1,0,1
38,Female,63690,Master,Married,6,Southwest,Suburban,7,405.66,57.95,65,1,0.19,0.728,0,0.219,0.104,9,8.32,14,19.5,1,1,0
18,Female,23583,Bachelor,Single,2,Midwest,Rural,13,195.0,15.0,36,4,0.086,0.649,1,0.181,0.06,10,13.5,11,45.33,1,1,1
47,Male,76232,Bachelor,Married,4,Southeast,Rural,8,664.5,83.06,73,4,0.078,0.526,0,0.315,0.146,11,3.61,8,25.19,1,0,0
51,Female,89934,Master,Married,4,Southeast,Urban,20,1052.75,52.64,24,4,0.138,0.563,1,0.398,0.051,13,5.58,6,10.22,0,0,1
34,Female,42660,High School,Married,6,Northeast,Rural,16,705.42,44.09,33,4,0.248,0.708,1,0.366,0.181,5,4.14,12,54.25,0,0,1
65,Female,112438,Bachelor,Married,3,Southeast,Urban,19,1614.55,84.98,26,2,0.044,0.49,0,0.268,0.109,12,11.12,2,14.87,0,0,1
23,Male,46108,Bachelor,Single,4,Midwest,Urban,7,371.66,53.09,27,5,0.146,0.445,0,0.159,0.068,6,8.29,19,42.93,1,0,1
20,Female,77852,Bachelor,Single,1,Midwest,Urban,8,654.41,81.8,27,4,0.185,0.484,0,0.243,0.113,9,5.45,17,29.45,0,1,1
45,Male,130957,PhD,Divorced,3,Midwest,Urban,10,770.11,77.01,33,2,0.055,0.499,0,0.316,0.15,8,16.17,9,41.88,0,1,0
57,Male,71936,Master,Divorced,6,Southeast,Rural,12,941.98,78.5,42,4,0.217,0.45,0,0.233,0.09,11,5.76,1,34.95,1,0,0
67,Female,80585,High School,Married,6,West,Suburban,24,1595.69,66.49,7,5,0.098,0.347,0,0.086,0.029,14,3.83,6,16.3,0,1,1
35,Male,77604,Master,Widowed,2,Midwest,Suburban,14,1691.83,120.84,40,5,0.125,0.526,0,0.332,0.049,12,3.05,9,36.96,0,0,0
58,Female,43322,Bachelor,Divorced,2,Midwest,Rural,15,297.86,19.86,18,4,0.137,0.498,0,0.378,0.054,10,3.81,6,29.59,1,0,0
41,Male,81730,PhD,Married,1,Northeast,Suburban,17,1248.05,73.41,27,4,0.128,0.288,1,0.491,0.109,7,27.52,13,28.39,0,0,0
39,Male,83424,Bachelor,Single,2,Midwest,Urban,13,1092.12,84.01,20,4,0.249,0.72,0,0.217,0.057,8,15.37,10,11.67,0,1,0
55,Male,114887,Bachelor,Married,3,Midwest,Suburban,32,2535.02,79.22,8,7,0.083,0.383,1,0.185,0.092,11,13.93,10,32.8,1,1,1
51,Other,94940,Bachelor,Married,5,Midwest,Rural,11,725.93,65.99,30,6,0.084,0.222,0,0.292,0.104,9,3.28,11,22.47,1,1,0
18,Female,59854,Bachelor,Single,1,West,Rural,15,1296.27,86.42,42,5,0.174,0.397,0,0.301,0.108,15,3.68,14,51.15,0,0,0
64,Female,91480,Bachelor,Married,2,Southwest,Suburban,18,1666.07,92.56,16,2,0.128,0.784,1,0.22,0.07,10,11.96,3,24.78,1,0,0
62,Male,100439,High School,Divorced,3,West,Rural,9,578.19,64.24,20,5,0.101,0.481,0,0.239,0.036,7,9.14,7,25.53,0,1,1
32,Male,113423,Master,Single,1,Northeast,Rural,23,1312.22,57.05,27,3,0.097,0.407,0,0.472,0.15,10,7.37,14,50.23,1,0,1
47,Other,69397,Bachelor,Divorced,2,Southeast,Urban,13,994.07,76.47,30,3,0.034,0.687,0,0.124,0.025,8,9.53,8,24.05,1,0,1
49,Male,79800,PhD,Married,6,Southeast,Suburban,14,1068.98,76.36,34,4,0.07,0.699,0,0.234,0.077,7,6.57,10,40.64,0,0,0
45,Male,45127,Bachelor,Married,2,Southwest,Urban,10,639.82,63.98,60,2,0.059,0.915,0,0.184,0.04,5,5.96,16,17.15,0,0,0
33,Female,101828,Master,Married,3,Midwest,Suburban,17,1330.93,78.29,33,4,0.122,0.311,0,0.25,0.077,12,3.54,11,41.19,1,1,1
31,Male,94694,PhD,Married,2,West,Rural,16,1512.36,94.52,36,3,0.124,0.64,0,0.107,0.038,11,7.93,7,33.91,1,1,1
41,Female,76148,Bachelor,Married,3,Southeast,Suburban,30,3002.44,100.08,14,8,0.131,0.546,1,0.514,0.147,17,5.54,13,17.62,0,1,1
59,Female,75940,Master,Married,3,Southeast,Suburban,19,1873.0,98.58,27,2,0.141,0.26,1,0.225,0.024,12,17.64,5,28.12,0,1,0
50,Male,84302,Master,Married,4,Southeast,Rural,20,1115.45,55.77,33,2,0.279,0.434,0,0.36,0.059,15,3.39,16,37.75,0,0,0
36,Male,64967,Bachelor,Married,5,Southeast,Urban,15,1687.13,112.48,41,3,0.063,0.252,0,0.478,0.164,9,6.02,7,27.96,0,0,0
53,Male,86117,Bachelor,Married,2,Southeast,Urban,16,1379.55,86.22,30,1,0.194,0.619,0,0.35,0.064,14,5.84,6,26.93,1,0,1
18,Female,49021,Bachelor,Married,2,Southeast,Urban,19,493.63,25.98,11,3,0.142,0.359,1,0.24,0.044,10,12.04,14,52.62,1,0,0
59,Female,72240,Bachelor,Married,5,Northeast,Suburban,21,1572.2,74.87,32,9,0.076,0.484,1,0.287,0.108,14,7.0,7,8.67,0,0,0
18,Male,43231,Bachelor,Single,5,Southwest,Rural,9,505.85,56.21,30,3,0.042,0.638,0,0.177,0.048,8,3.7,19,56.71,0,1,0
36,Male,102524,Master,Married,4,Southeast,Suburban,18,1420.74,78.93,20,2,0.245,0.456,1,0.241,0.094,11,6.58,12,33.74,1,0,0
25,Female,64271,Bachelor,Single,4,Northeast,Rural,17,987.16,58.07,14,1,0.036,0.642,1,0.473,0.064,11,8.94,15,53.88,1,0,0
22,Female,67382,Bachelor,Single,2,Southeast,Suburban,15,1166.03,77.74,17,2,0.167,0.366,0,0.313,0.129,9,3.14,15,66.61,1,0,1
59,Male,74316,Bachelor,Married,4,West,Suburban,18,1463.05,81.28,32,4,0.067,0.288,1,0.215,0.072,13,7.87,7,33.73,0,0,0
34,Male,53492,PhD,Married,1,Midwest,Suburban,8,360.1,45.01,28,2,0.054,0.357,0,0.48,0.149,8,3.24,13,43.53,1,1,0
47,Male,55353,High School,Married,3,West,Rural,7,328.72,46.96,35,5,0.126,0.362,0,0.276,0.116,8,5.76,12,29.33,0,0,0
41,Female,45401,High School,Single,1,Midwest,Urban,8,329.6,41.2,30,1,0.056,0.534,0,0.411,0.197,8,3.76,11,31.4,1,0,0
49,Other,70035,High School,Divorced,2,West,Urban,10,615.22,61.52,35,3,0.162,0.546,0,0.362,0.131,7,5.98,6,22.14,1,1,1
43,Male,154285,PhD,Married,2,Southeast,Urban,28,3496.4,124.87,19,5,0.043,0.326,1,0.282,0.043,15,5.69,8,19.03,0,1,0
22,Female,98627,PhD,Single,2,Southeast,Rural,20,2067.29,103.36,25,8,0.358,0.335,1,0.192,0.067,12,7.08,14,22.1,1,1,1
56,Male,126439,Bachelor,Divorced,4,Southwest,Rural,13,1156.14,88.93,41,4,0.081,0.435,0,0.344,0.035,5,9.48,6,4.2,0,0,1
34,Male,91331,Master,Divorced,6,West,Suburban,10,976.44,97.64,52,5,0.138,0.576,0,0.461,0.107,6,7.82,7,52.72,0,1,0
18,Male,45551,Bachelor,Single,2,West,Rural,5,308.05,61.61,30,3,0.116,0.569,0,0.218,0.083,8,7.03,18,54.58,1,1,0
35,Female,103818,PhD,Married,5,Midwest,Suburban,18,1522.26,84.57,29,6,0.102,0.488,0,0.359,0.161,8,6.21,9,17.27,0,0,0
64,Female,103509,High School,Widowed,2,Northeast,Suburban,15,1786.58,119.11,34,2,0.135,0.372,1,0.17,0.041,12,9.1,5,17.14,1,0,0
54,Female,96243,High School,Divorced,3,Southeast,Rural,13,1101.15,84.7,15,2,0.315,0.388,0,0.339,0.067,7,14.21,10,31.49,0,0,0
36,Male,45769,High School,Single,2,Northeast,Suburban,9,451.59,50.18,41,4,0.039,0.843,0,0.342,0.057,8,4.49,16,44.27,0,1,0
36,Male,73197,Bachelor,Divorced,1,Southeast,Suburban,11,916.44,83.31,18,4,0.093,0.631,0,0.257,0.076,6,3.75,11,36.12,1,0,0
37,Male,63760,Master,Married,3,Southeast,Urban,19,708.0,37.26,14,2,0.184,0.297,0,0.216,0.06,17,6.02,6,27.41,0,0,0
73,Female,111370,Bachelor,Divorced,3,Southeast,Urban,20,1625.96,81.3,21,3,0.191,0.276,1,0.307,0.092,18,6.5,5,0.0,1,0,0
47,Male,131500,PhD,Married,3,West,Suburban,24,2423.65,100.99,7,8,0.244,0.465,0,0.395,0.081,16,4.73,10,41.29,1,0,0
48,Female,79596,Bachelor,Widowed,2,Northeast,Urban,11,926.04,84.19,19,3,0.018,0.473,0,0.332,0.096,6,5.55,10,31.13,0,1,0
57,Male,61189,High School,Married,5,Southeast,Suburban,14,915.82,65.42,15,4,0.073,0.401,1,0.341,0.082,8,12.09,14,37.26,1,0,1
45,Male,82001,Bachelor,Single,3,Southeast,Suburban,17,768.73,45.22,13,3,0.053,0.201,0,0.486,0.24,15,4.2,12,29.08,0,0,0
38,Male,77261,Bachelor,Married,5,Southeast,Suburban,25,1273.29,50.93,8,5,0.094,0.748,1,0.396,0.069,8,14.85,13,24.44,0,1,0
39,Male,88017,Master,Single,1,Southeast,Suburban,14,915.44,65.39,34,3,0.068,0.379,0,0.176,0.026,9,4.56,6,49.27,0,0,1
40,Male,75280,Bachelor,Married,3,Southeast,Rural,25,1811.79,72.47,10,4,0.121,0.552,1,0.286,0.121,12,3.84,13,32.37,0,1,0
41,Male,70792,Bachelor,Married,6,West,Urban,10,394.58,39.46,59,7,0.2,0.349,0,0.249,0.102,5,4.48,8,62.98,0,0,0
52,Female,97139,Bachelor,Married,5,Midwest,Suburban,13,1387.77,106.75,47,2,0.132,0.437,0,0.254,0.109,9,12.27,8,28.5,0,1,0
42,Female,85243,Bachelor,Married,3,Northeast,Rural,8,631.04,78.88,62,2,0.222,0.425,0,0.269,0.08,7,6.51,6,9.06,1,0,0
52,Male,97453,PhD,Divorced,3,Midwest,Urban,14,1182.17,84.44,14,2,0.041,0.489,0,0.434,0.081,7,3.75,14,42.86,0,0,1
40,Male,42441,High School,Married,4,Southeast,Urban,14,668.6,47.76,44,2,0.061,0.511,1,0.148,0.069,13,14.38,5,32.75,1,0,0
43,Male,86184,Master,Divorced,2,Southeast,Suburban,10,442.26,44.23,37,5,0.207,0.327,0,0.23,0.096,9,13.06,13,35.86,1,0,1
18,Male,66052,Bachelor,Single,2,Southeast,Suburban,11,713.26,64.84,23,4,0.047,0.652,0,0.224,0.089,12,9.57,15,17.28,1,1,0
55,Male,86820,Bachelor,Divorced,6,Northeast,Urban,29,2562.87,88.37,20,4,0.143,0.282,1,0.174,0.02,16,4.26,9,18.88,1,1,0
47,Female,98552,PhD,Divorced,3,Southwest,Suburban,16,1219.37,76.21,21,2,0.054,0.527,0,0.196,0.058,9,10.82,6,47.72,0,1,0
56,Male,89322,Bachelor,Married,4,West,Suburban,15,1440.66,96.04,28,3,0.014,0.841,1,0.216,0.051,13,6.69,9,3.92,0,0,1
18,Male,50037,Bachelor,Single,2,Southeast,Suburban,9,483.95,53.77,58,7,0.145,0.532,0,0.298,0.071,7,8.83,17,36.5,1,0,0
73,Male,97207,High School,Married,6,Southwest,Suburban,17,1572.91,92.52,13,4,0.086,0.538,1,0.208,0.031,4,4.93,4,18.52,0,1,0
39,Male,61795,High School,Divorced,4,Southeast,Suburban,10,586.83,58.68,25,1,0.044,0.759,0,0.37,0.168,13,5.15,12,37.63,1,1,0
58,Female,97270,Master,Divorced,3,Northeast,Suburban,18,1551.99,86.22,37,3,0.09,0.528,1,0.238,0.047,15,3.65,8,25.87,0,1,0
26,Male,64872,Bachelor,Single,2,Southeast,Suburban,13,1037.38,79.8,40,6,0.162,0.643,0,0.287,0.034,9,4.42,10,51.45,1,1,0
51,Male,131125,PhD,Married,6,Midwest,Suburban,22,1626.99,73.95,13,3,0.105,0.466,1,0.379,0.107,12,4.68,7,14.87,1,0,1
26,Female,52855,Bachelor,Single,3,Northeast,Suburban,11,763.11,69.37,41,2,0.149,0.842,0,0.317,0.101,6,4.23,12,59.82,0,0,0
32,Male,57239,High School,Married,2,Southwest,Rural,19,1514.41,79.71,14,5,0.121,0.794,0,0.23,0.056,7,4.35,2,35.85,0,1,0
70,Female,80543,High School,Widowed,4,Southwest,Suburban,12,1368.95,114.08,50,3,0.252,0.532,0,0.252,0.062,8,5.6,0,31.86,0,0,0
39,Female,78204,Bachelor,Single,2,West,Suburban,14,987.35,70.53,28,1,0.185,0.5,0,0.34,0.088,9,7.26,11,54.05,0,1,0
45,Male,96781,PhD,Divorced,2,Northeast,Urban,21,764.53,36.41,28,5,0.03,0.437,0,0.328,0.123,9,3.39,10,17.45,1,1,1
55,Female,86255,Bachelor,Divorced,2,Northeast,Rural,16,600.17,37.51,42,3,0.09,0.274,1,0.372,0.076,10,3.89,7,24.96,1,0,1
49,Male,96417,Bachelor,Widowed,1,Northeast,Suburban,25,1511.63,60.47,27,2,0.121,0.711,1,0.243,0.116,15,3.42,6,17.81,0,0,0
44,Female,76744,Master,Single,1,West,Suburban,19,1786.39,94.02,12,1,0.044,0.553,1,0.357,0.09,17,8.54,11,57.64,1,0,1
47,Male,73258,Master,Single,3,Southwest,Suburban,16,1769.02,110.56,41,3,0.115,0.387,1,0.351,0.094,8,11.96,6,19.35,1,0,0
78,Male,68628,High School,Single,3,West,Urban,22,1236.07,56.18,14,4,0.195,0.561,1,0.184,0.029,14,9.31,2,17.9,0,0,0
41,Female,70840,Master,Married,3,Midwest,Suburban,18,1196.73,66.49,19,3,0.106,0.423,0,0.346,0.099,12,5.83,8,6.45,1,0,0
45,Female,85529,Bachelor,Married,4,Midwest,Urban,13,274.82,21.14,15,3,0.101,0.588,0,0.333,0.126,11,3.45,9,45.84,1,1,0
57,Other,50112,High School,Married,4,Southeast,Suburban,14,953.17,68.08,35,3,0.048,0.565,1,0.284,0.067,11,8.67,6,10.88,1,1,0
58,Female,67531,High School,Divorced,2,West,Urban,13,863.9,66.45,38,5,0.03,0.262,0,0.244,0.043,5,27.22,8,30.32,0,1,0
59,Male,97074,Bachelor,Married,4,West,Urban,19,1397.19,73.54,30,2,0.129,0.645,1,0.078,0.032,9,8.02,7,13.11,1,0,0
51,Male,87649,Bachelor,Single,2,Southeast,Urban,14,763.74,54.55,46,3,0.143,0.323,0,0.216,0.073,9,3.15,12,30.34,1,0,0
24,Male,54016,Bachelor,Single,3,Southeast,Suburban,8,399.68,49.96,46,2,0.116,0.57,0,0.215,0.064,8,5.2,6,38.93,1,1,0
66,Male,81263,High School,Single,4,Southwest,Suburban,24,1049.44,43.73,16,3,0.13,0.548,1,0.343,0.087,15,4.12,2,32.76,0,1,1
24,Male,76407,Master,Single,2,Northeast,Urban,9,458.89,50.99,53,4,0.146,0.502,0,0.122,0.026,9,11.04,15,19.92,1,1,0
46,Female,104036,PhD,Married,6,West,Suburban,11,622.66,56.61,45,3,0.176,0.519,0,0.235,0.034,13,7.09,9,39.2,0,0,0
30,Male,76437,Master,Divorced,3,Midwest,Suburban,24,1149.11,47.88,17,2,0.046,0.672,1,0.277,0.057,16,14.44,9,0.0,0,0,0
41,Male,106931,Bachelor,Married,6,Midwest,Suburban,29,1750.52,60.36,22,6,0.031,0.526,1,0.318,0.067,14,10.19,7,35.27,0,0,0
46,Male,74539,High School,Married,3,Southwest,Urban,8,630.49,78.81,23,3,0.217,0.41,0,0.157,0.037,4,8.37,13,32.41,0,0,0
46,Female,99609,High School,Married,3,Southwest,Urban,18,1022.54,56.81,31,3,0.059,0.542,0,0.556,0.116,9,4.8,7,18.14,1,1,1
48,Female,56545,High School,Married,2,Southeast,Rural,18,1030.08,57.23,15,4,0.122,0.44,1,0.472,0.052,11,4.62,8,19.05,1,0,0
66,Female,92125,Bachelor,Married,3,West,Rural,9,488.01,54.22,45,1,0.262,0.599,0,0.236,0.051,8,9.18,11,11.94,0,0,0
48,Male,59018,Bachelor,Married,2,West,Suburban,19,730.63,38.45,32,3,0.105,0.297,0,0.308,0.032,9,11.42,5,0.0,1,1,0
38,Female,73856,Master,Married,4,Midwest,Suburban,12,541.03,45.09,27,3,0.037,0.872,0,0.306,0.121,12,3.37,6,28.06,1,1,1
56,Male,113928,Bachelor,Married,2,Midwest,Suburban,23,2449.87,106.52,28,3,0.052,0.306,1,0.107,0.019,9,4.49,8,26.12,0,0,1
59,Female,79969,Bachelor,Married,5,Midwest,Urban,16,1061.34,66.33,25,3,0.089,0.738,1,0.29,0.043,16,3.89,4,3.26,1,0,0
23,Female,87789,Bachelor,Single,1,Midwest,Rural,14,825.32,58.95,37,1,0.274,0.494,0,0.289,0.102,7,3.13,13,38.93,0,0,0
50,Male,61949,Bachelor,Married,3,West,Urban,24,981.41,40.89,23,4,0.075,0.618,1,0.324,0.155,13,3.04,9,1.83,0,0,0
52,Female,66397,Bachelor,Widowed,2,Southeast,Suburban,22,798.86,36.31,14,4,0.33,0.383,1,0.356,0.167,10,5.0,12,49.4,0,0,0
37,Female,50081,High School,Single,1,Northeast,Suburban,20,813.47,40.67,32,5,0.201,0.74,1,0.179,0.057,12,4.77,10,41.67,1,1,1
62,Male,89243,Bachelor,Widowed,2,West,Suburban,18,826.02,45.89,13,5,0.136,0.402,1,0.12,0.029,15,7.18,6,53.33,1,0,0
39,Female,85646,Bachelor,Married,2,Southeast,Suburban,31,1988.05,64.13,15,3,0.16,0.384,1,0.317,0.06,16,3.07,14,40.88,0,0,1
43,Male,66761,High School,Single,2,Southwest,Suburban,13,639.91,49.22,49,2,0.06,0.508,0,0.398,0.101,12,15.14,6,18.76,1,1,0
39,Male,80555,Master,Married,4,Southeast,Urban,16,875.09,54.69,11,4,0.135,0.607,0,0.195,0.023,14,10.91,9,18.66,0,0,1
42,Male,87200,Master,Married,2,West,Urban,27,2655.84,98.36,16,2,0.082,0.47,1,0.308,0.103,15,3.36,10,9.33,0,0,1
25,Male,55814,Bachelor,Married,3,West,Rural,19,1007.5,53.03,15,3,0.071,0.603,1,0.304,0.141,12,14.95,8,59.66,1,1,0
20,Female,27880,High School,Single,2,West,Suburban,17,685.07,40.3,15,7,0.252,0.413,1,0.254,0.093,6,18.14,13,49.78,0,0,1
65,Male,94280,Master,Divorced,2,West,Rural,13,1336.13,102.78,22,4,0.031,0.635,0,0.304,0.106,6,3.0,6,0.0,1,1,0
29,Female,79218,Bachelor,Single,2,Northeast,Suburban,17,721.38,42.43,37,5,0.215,0.504,1,0.183,0.039,6,6.48,10,30.09,0,0,0
27,Male,34777,Bachelor,Single,1,Midwest,Suburban,11,414.13,37.65,34,1,0.232,0.783,0,0.167,0.046,17,3.81,7,10.89,0,0,0
18,Other,64260,High School,Single,4,Southwest,Suburban,22,685.2,31.15,13,5,0.1,0.453,1,0.246,0.119,12,13.53,14,41.0,1,0,1
32,Female,61055,Bachelor,Married,4,West,Urban,13,805.13,61.93,49,4,0.014,0.35,0,0.57,0.226,8,9.63,12,36.38,1,0,0
22,Female,61612,Master,Single,1,Southeast,Suburban,16,1167.18,72.95,21,4,0.204,0.507,1,0.273,0.034,9,3.22,13,30.42,0,0,0
66,Male,119496,Master,Married,4,West,Rural,15,618.75,41.25,36,2,0.055,0.409,0,0.381,0.067,16,19.86,4,16.43,1,0,0
57,Male,93478,High School,Widowed,3,Southeast,Rural,23,2160.59,93.94,19,2,0.02,0.506,1,0.186,0.051,14,7.2,7,32.52,1,1,0
31,Male,82164,Bachelor,Married,6,West,Suburban,10,773.03,77.3,50,4,0.184,0.524,0,0.2,0.087,11,6.13,12,52.09,1,0,0
75,Female,93127,High School,Widowed,4,Midwest,Suburban,14,1082.1,77.29,18,4,0.032,0.656,0,0.165,0.077,8,5.75,3,18.74,1,0,1
56,Female,86702,High School,Single,3,Midwest,Rural,19,921.77,48.51,27,4,0.038,0.421,1,0.235,0.054,15,12.13,7,21.91,0,0,1
37,Male,74452,PhD,Single,5,Southeast,Suburban,24,1983.96,82.66,27,3,0.134,0.547,1,0.143,0.024,15,9.31,6,26.67,0,1,0
18,Male,62172,Master,Single,1,Northeast,Rural,10,947.44,94.74,21,3,0.154,0.728,0,0.304,0.046,6,5.1,17,39.46,0,1,0
76,Female,87732,Bachelor,Single,1,Southeast,Suburban,27,1774.34,65.72,12,1,0.159,0.514,1,0.305,0.04,16,5.86,5,21.57,0,0,1
21,Male,90769,Master,Single,1,Midwest,Rural,18,1242.64,69.04,37,1,0.105,0.265,0,0.235,0.039,9,3.67,15,31.58,1,1,1
18,Female,64247,Master,Single,2,Midwest,Urban,16,1001.25,62.58,17,2,0.093,0.619,1,0.251,0.035,5,11.61,19,27.72,0,0,0
57,Female,113881,Master,Married,4,Southwest,Suburban,16,1263.22,78.95,12,7,0.009,0.366,0,0.386,0.115,10,3.42,3,34.36,1,1,1
78,Female,96037,High School,Divorced,2,Southeast,Urban,15,1116.83,74.46,13,3,0.15,0.208,0,0.266,0.107,8,7.01,2,15.9,1,0,0
62,Male,62265,High School,Widowed,2,Southeast,Suburban,17,1388.94,81.7,18,6,0.105,0.596,1,0.141,0.031,11,3.96,7,9.1,0,1,1
50,Male,71795,Bachelor,Widowed,3,West,Suburban,15,968.57,64.57,28,4,0.127,0.595,0,0.246,0.075,12,4.83,3,0.0,1,0,0
50,Female,100007,Bachelor,Single,3,Southwest,Urban,22,1887.7,85.8,14,3,0.13,0.696,0,0.322,0.145,8,6.81,7,12.95,0,1,1
54,Female,102167,PhD,Married,5,Northeast,Suburban,22,2678.44,121.75,14,4,0.036,0.859,1,0.307,0.144,15,5.23,7,0.0,0,0,0
53,Male,84873,Bachelor,Married,2,West,Urban,9,915.5,101.72,63,1,0.055,0.254,0,0.406,0.098,9,7.12,13,35.54,0,0,0
46,Male,95661,PhD,Single,1,West,Urban,22,1251.73,56.9,26,6,0.05,0.393,1,0.215,0.085,7,6.63,9,48.69,0,1,1
43,Female,55290,High School,Married,3,West,Urban,11,1017.84,92.53,29,1,0.041,0.77,0,0.29,0.037,7,3.32,9,47.18,1,0,0
41,Female,87707,Master,Married,3,West,Suburban,30,3041.74,101.39,11,8,0.227,0.338,1,0.28,0.092,17,6.81,12,15.41,0,0,1
30,Female,52857,Bachelor,Single,2,Midwest,Urban,8,690.53,86.32,79,3,0.017,0.666,0,0.136,0.046,4,5.31,9,13.39,1,0,0
37,Other,85793,PhD,Married,4,Southeast,Urban,19,1147.34,60.39,35,4,0.179,0.615,0,0.403,0.128,15,5.04,7,53.79,0,0,0
18,Male,59294,Bachelor,Married,3,Southwest,Urban,11,702.66,63.88,59,5,0.189,0.695,0,0.584,0.097,7,4.41,16,47.67,0,1,1
40,Male,59928,Bachelor,Single,3,Southwest,Urban,8,417.05,52.13,77,4,0.09,0.399,0,0.103,0.038,6,8.53,7,23.77,1,0,0
27,Female,65040,Master,Single,2,Southeast,Urban,13,844.23,64.94,37,1,0.255,0.556,0,0.286,0.055,9,4.28,20,50.87,0,0,0
25,Female,46514,Bachelor,Married,2,Southeast,Suburban,12,1059.51,88.29,27,4,0.061,0.359,0,0.109,0.051,9,3.54,8,46.6,1,1,0
44,Male,74631,Bachelor,Married,2,Southeast,Suburban,9,631.05,70.12,71,4,0.139,0.488,0,0.428,0.058,9,14.54,12,25.61,0,0,0
62,Male,134355,PhD,Married,2,Southwest,Rural,24,1506.7,62.78,23,4,0.168,0.294,1,0.073,0.027,14,3.62,5,10.77,0,0,1
55,Female,107197,Bachelor,Married,6,Southeast,Urban,21,1598.86,76.14,25,1,0.152,0.405,1,0.258,0.066,14,3.42,5,8.88,1,0,0
18,Male,44111,Bachelor,Single,2,Midwest,Rural,12,467.58,38.96,47,4,0.24,0.448,0,0.297,0.069,9,8.93,14,31.02,1,0,0
27,Male,79454,High School,Single,1,West,Suburban,24,2532.56,105.52,20,3,0.12,0.472,0,0.391,0.087,9,4.18,15,30.78,0,0,0
56,Female,85329,Master,Divorced,3,Southeast,Suburban,20,1128.04,56.4,23,1,0.117,0.5,1,0.256,0.064,17,4.63,9,7.76,0,0,1
27,Female,78453,Bachelor,Single,2,West,Urban,20,1221.66,61.08,18,4,0.261,0.683,1,0.193,0.037,12,16.71,14,23.22,1,0,1
38,Female,60174,Bachelor,Married,6,Midwest,Urban,23,1210.61,52.64,11,5,0.1,0.259,1,0.236,0.103,17,4.97,11,46.29,1,1,0
50,Male,52536,High School,Single,1,Northeast,Suburban,9,794.34,88.26,42,2,0.039,0.504,0,0.208,0.073,7,4.13,8,43.28,1,0,0
27,Female,51028,Bachelor,Married,4,Northeast,Suburban,11,821.94,74.72,38,1,0.286,0.237,1,0.316,0.125,5,4.11,7,64.83,0,1,1
43,Female,59213,High School,Single,1,Southeast,Rural,29,2058.02,70.97,22,3,0.181,0.497,1,0.242,0.047,12,4.77,8,39.05,1,1,0
21,Female,51099,High School,Single,3,Southeast,Rural,7,421.45,60.21,50,1,0.1,0.392,0,0.17,0.031,7,9.69,17,46.35,0,0,0
32,Female,76248,Bachelor,Married,6,West,Suburban,12,869.11,72.43,51,4,0.051,0.558,0,0.151,0.041,14,4.37,14,53.54,1,0,1
46,Male,48240,High School,Married,6,Southwest,Suburban,11,612.07,55.64,29,1,0.067,0.549,0,0.271,0.104,12,14.63,17,5.85,0,1,0
18,Male,40155,Bachelor,Single,5,West,Suburban,18,1641.3,91.18,36,1,0.05,0.355,0,0.238,0.116,4,5.08,16,63.53,1,1,1
48,Male,65250,Bachelor,Married,2,Midwest,Rural,25,932.09,37.28,7,3,0.14,0.486,1,0.145,0.036,11,3.86,12,8.77,0,0,1
41,Male,56729,High School,Married,3,Midwest,Suburban,31,465.0,15.0,14,2,0.077,0.56,1,0.226,0.101,13,3.7,4,11.09,0,0,1
50,Female,77447,Bachelor,Widowed,4,Southeast,Urban,11,853.42,77.58,29,6,0.075,0.519,0,0.145,0.069,11,5.48,6,24.24,1,1,0
45,Female,47347,High School,Married,4,Midwest,Suburban,21,1716.29,81.73,15,5,0.091,0.439,1,0.328,0.034,16,12.61,8,29.82,0,1,0
62,Female,94244,Bachelor,Single,2,Midwest,Suburban,15,1212.5,80.83,14,2,0.088,0.569,0,0.346,0.134,15,5.64,4,22.52,0,0,1
43,Female,108938,Bachelor,Single,2,Southeast,Suburban,16,717.88,44.87,32,9,0.141,0.406,0,0.388,0.105,12,4.18,17,19.9,0,0,0
35,Male,76029,Master,Married,5,West,Rural,24,1990.34,82.93,15,9,0.164,0.44,1,0.258,0.087,16,6.92,13,46.41,0,0,0
43,Male,68497,Bachelor,Married,2,Southwest,Suburban,15,644.26,42.95,43,4,0.126,0.649,0,0.257,0.08,8,3.23,7,0.0,0,0,0
50,Male,73994,High School,Divorced,4,West,Rural,5,206.62,41.32,95,2,0.031,0.427,0,0.167,0.075,2,7.54,9,6.91,0,0,0
42,Male,50817,High School,Married,3,Midwest,Rural,8,286.82,35.85,47,2,0.085,0.377,0,0.251,0.044,8,9.0,11,30.06,0,1,0
42,Male,84234,Bachelor,Divorced,3,Southeast,Urban,21,838.82,39.94,23,9,0.295,0.542,0,0.44,0.165,13,4.06,9,37.91,0,0,0
31,Female,84621,PhD,Divorced,2,Southwest,Urban,9,687.4,76.38,21,3,0.027,0.201,0,0.232,0.047,6,3.98,12,26.78,0,0,0
32,Other,93681,Bachelor,Married,1,Southeast,Suburban,15,958.26,63.88,31,8,0.023,0.674,0,0.31,0.135,4,12.32,10,22.16,1,0,0
20,Male,61771,Bachelor,Single,2,Midwest,Rural,14,479.86,34.28,36,2,0.178,0.578,0,0.369,0.166,14,5.43,12,16.45,1,1,0
68,Male,70699,High School,Married,1,Southeast,Urban,13,1468.31,112.95,17,4,0.161,0.286,0,0.427,0.079,7,3.65,8,0.0,0,0,0
23,Female,50169,Bachelor,Single,1,Northeast,Suburban,8,355.65,44.46,61,3,0.114,0.613,0,0.299,0.072,9,3.17,11,50.2,1,0,0
31,Male,72693,Master,Married,3,Southeast,Suburban,13,875.95,67.38,31,2,0.064,0.259,0,0.246,0.077,10,9.39,13,25.67,1,1,0
31,Female,85991,Bachelor,Married,5,Southeast,Suburban,13,1352.99,104.08,31,4,0.078,0.572,0,0.356,0.045,9,3.39,13,33.0,1,0,0
55,Female,80568,Master,Married,4,Northeast,Urban,10,838.34,83.83,52,1,0.137,0.683,0,0.377,0.114,11,5.42,10,8.29,0,0,0
37,Female,60180,Bachelor,Married,4,West,Urban,12,1179.11,98.26,32,6,0.182,0.3,0,0.16,0.054,6,4.31,14,50.66,0,0,0
60,Male,65175,High School,Married,3,Midwest,Urban,12,583.98,48.67,23,1,0.047,0.454,0,0.238,0.111,9,10.59,10,25.11,0,0,0
31,Female,65164,Bachelor,Married,4,Southeast,Suburban,8,668.24,83.53,38,1,0.064,0.634,0,0.191,0.047,9,6.0,13,0.47,0,0,0
46,Male,73333,Bachelor,Single,1,Midwest,Urban,11,841.25,76.48,48,2,0.147,0.674,0,0.197,0.039,9,8.54,9,23.37,0,0,0
29,Female,41431,Bachelor,Single,4,Southwest,Rural,4,282.46,70.62,44,1,0.168,0.325,0,0.496,0.155,3,8.32,16,27.38,0,0,0
74,Male,93802,Bachelor,Married,6,Northeast,Urban,14,1313.04,93.79,42,1,0.106,0.477,0,0.05,0.021,8,6.17,5,7.1,1,0,0
24,Male,73306,Master,Married,4,Midwest,Suburban,10,512.14,51.21,45,5,0.141,0.73,0,0.201,0.066,12,5.12,19,34.25,1,1,0
46,Female,67978,Bachelor,Married,5,Midwest,Rural,15,1806.86,120.46,36,5,0.116,0.679,0,0.339,0.151,9,8.48,7,43.84,0,1,0
51,Female,106701,Master,Married,5,West,Suburban,17,648.33,38.14,20,7,0.05,0.56,0,0.354,0.061,15,9.43,3,47.52,0,0,1
48,Female,92791,Bachelor,Single,2,Midwest,Urban,15,886.66,59.11,19,2,0.172,0.38,0,0.31,0.139,15,10.44,14,40.31,0,0,0
39,Female,85624,Master,Married,4,Northeast,Rural,15,1296.52,86.43,38,2,0.04,0.557,0,0.298,0.097,5,9.57,15,0.0,0,0,1
40,Female,61058,High School,Single,2,Southeast,Urban,24,1592.21,66.34,9,3,0.019,0.607,1,0.152,0.032,7,10.0,9,17.59,0,0,0
42,Male,41784,Bachelor,Widowed,1,Midwest,Urban,13,696.41,53.57,19,3,0.18,0.494,0,0.2,0.027,8,10.05,3,30.16,0,1,0
39,Female,95483,PhD,Married,3,Northeast,Suburban,21,1933.11,92.05,15,3,0.075,0.502,1,0.324,0.042,10,10.81,7,30.29,0,1,1
56,Female,100472,Bachelor,Married,3,West,Urban,11,697.19,63.38,31,3,0.118,0.338,0,0.357,0.132,11,5.05,4,34.36,1,0,0
75,Female,109248,Master,Divorced,3,Northeast,Suburban,18,1825.6,101.42,15,3,0.171,0.382,0,0.26,0.125,8,7.45,4,9.68,0,0,0
33,Female,70941,Master,Married,6,Northeast,Suburban,18,1131.96,62.89,35,4,0.035,0.424,0,0.321,0.125,11,18.95,14,20.09,0,0,0
21,Male,76565,High School,Married,5,Northeast,Suburban,14,1348.22,96.3,13,1,0.112,0.173,0,0.453,0.179,10,3.13,14,38.24,1,0,0
40,Female,99886,Bachelor,Married,1,Southwest,Urban,14,1033.91,73.85,41,3,0.056,0.879,0,0.244,0.044,6,6.2,5,32.64,1,0,0
80,Male,96613,High School,Widowed,2,Midwest,Suburban,10,876.63,87.66,37,2,0.117,0.675,0,0.26,0.059,15,3.15,2,15.3,0,0,0
29,Male,110883,PhD,Single,2,Northeast,Urban,14,1374.67,98.19,42,4,0.232,0.507,0,0.324,0.136,6,6.42,15,33.42,0,1,0
66,Female,75010,Master,Divorced,4,West,Urban,24,2054.61,85.61,24,4,0.049,0.597,1,0.308,0.093,12,11.14,1,5.67,0,0,1
67,Male,67386,High School,Single,4,Southeast,Suburban,15,966.61,64.44,15,8,0.121,0.438,0,0.248,0.027,11,9.09,10,0.0,1,0,1
33,Female,44950,High School,Married,2,Southeast,Suburban,8,373.96,46.74,60,5,0.212,0.409,0,0.368,0.076,9,8.37,9,16.08,0,1,0
50,Male,77060,Bachelor,Divorced,3,Northeast,Suburban,20,1060.6,53.03,18,5,0.093,0.275,1,0.354,0.16,13,3.72,7,14.2,0,1,0
66,Male,86050,Bachelor,Divorced,3,West,Urban,6,496.49,82.75,90,1,0.204,0.552,0,0.299,0.128,5,6.19,6,39.13,1,1,0
36,Female,20000,High School,Single,3,Southwest,Rural,6,90.0,15.0,92,1,0.052,0.483,0,0.18,0.031,7,4.91,17,2.12,0,0,0
38,Female,76790,Bachelor,Married,3,Southwest,Urban,11,820.31,74.57,23,1,0.034,0.662,0,0.329,0.065,10,4.19,9,18.94,0,1,0
33,Female,75154,Bachelor,Married,5,Northeast,Suburban,13,978.16,75.24,31,3,0.095,0.428,0,0.386,0.184,8,11.17,10,49.92,1,0,0
26,Female,70428,High School,Single,3,Midwest,Urban,14,1437.72,102.69,33,4,0.123,0.443,0,0.356,0.093,10,5.31,15,21.43,0,1,0
32,Female,69375,Master,Married,3,Midwest,Suburban,15,772.12,51.47,30,3,0.231,0.539,1,0.091,0.014,11,3.57,10,43.78,1,1,0
23,Male,75947,PhD,Single,2,Southeast,Suburban,14,1004.19,71.73,21,8,0.188,0.244,1,0.318,0.096,11,8.97,15,40.12,1,1,0
42,Male,49000,Master,Single,3,Southeast,Suburban,4,230.73,57.68,66,1,0.069,0.378,0,0.37,0.107,7,3.69,6,23.85,0,0,0
30,Male,75196,Master,Married,3,West,Urban,13,591.2,45.48,46,1,0.054,0.723,0,0.241,0.118,8,6.01,10,39.82,0,0,0
45,Female,75116,High School,Single,1,Northeast,Suburban,11,741.93,67.45,16,4,0.194,0.616,0,0.415,0.149,10,7.13,12,34.45,1,0,0
18,Female,45823,Bachelor,Divorced,1,Midwest,Suburban,14,365.13,26.08,21,3,0.127,0.273,0,0.138,0.039,11,11.06,17,32.05,1,1,0
46,Male,94551,High School,Single,3,Southeast,Suburban,22,2123.77,96.53,13,5,0.138,0.364,1,0.318,0.079,10,5.94,9,25.79,1,1,0
54,Female,94951,Master,Widowed,1,Southwest,Urban,6,535.74,89.29,55,3,0.212,0.627,0,0.216,0.075,6,3.19,11,33.55,0,0,0
18,Female,87204,PhD,Single,3,Southeast,Suburban,14,1151.27,82.23,37,2,0.154,0.427,0,0.244,0.076,7,7.39,13,35.23,0,1,1
47,Male,72753,Master,Married,4,Southeast,Urban,12,643.65,53.64,36,4,0.127,0.675,0,0.276,0.101,10,4.58,2,12.63,1,1,0
60,Male,107908,Master,Married,6,Midwest,Urban,25,2808.23,112.33,18,5,0.04,0.365,1,0.301,0.096,16,4.54,4,26.3,1,0,0
23,Female,29310,Bachelor,Single,2,West,Urban,10,229.59,22.96,52,8,0.062,0.475,0,0.306,0.142,12,3.67,14,40.17,0,0,0
67,Female,104605,Bachelor,Divorced,3,West,Urban,20,1666.06,83.3,29,7,0.296,0.688,1,0.321,0.033,13,5.08,3,15.43,1,0,1
48,Female,89866,Bachelor,Married,6,Southeast,Suburban,19,979.43,51.55,13,4,0.4,0.544,1,0.169,0.055,10,6.73,7,14.15,0,1,1
31,Male,70789,High School,Single,1,Northeast,Suburban,13,802.49,61.73,17,5,0.195,0.471,0,0.261,0.109,6,3.02,16,43.38,1,0,0
41,Other,43100,High School,Divorced,3,Midwest,Suburban,11,846.68,76.97,28,6,0.06,0.667,0,0.273,0.037,7,6.32,7,0.97,1,0,0
50,Male,83008,Bachelor,Widowed,1,Southeast,Suburban,20,1619.04,80.95,30,5,0.091,0.66,0,0.316,0.043,11,15.01,7,17.0,1,0,0
43,Male,83457,Bachelor,Married,6,Southwest,Suburban,11,586.39,53.31,39,5,0.141,0.895,0,0.242,0.033,7,8.73,4,29.35,1,0,1
50,Other,87234,Bachelor,Married,4,Midwest,Suburban,21,1326.69,63.18,11,5,0.043,0.26,1,0.229,0.109,12,4.8,6,18.58,0,1,1
28,Male,50020,Bachelor,Single,1,Midwest,Rural,12,569.05,47.42,20,5,0.158,0.668,0,0.185,0.081,12,11.51,18,9.88,1,1,0
44,Female,39920,Bachelor,Married,3,Southwest,Suburban,12,399.29,33.27,51,4,0.107,0.505,0,0.145,0.021,9,7.63,12,53.0,0,0,0
20,Male,61804,Bachelor,Single,2,Northeast,Suburban,10,663.54,66.35,34,3,0.264,0.354,0,0.244,0.088,7,3.88,20,39.33,0,0,1
40,Female,70312,Bachelor,Married,5,Southwest,Rural,15,1632.49,108.83,20,7,0.041,0.424,1,0.219,0.073,14,9.62,10,49.87,1,0,1
28,Female,54499,Bachelor,Married,4,Midwest,Urban,27,1243.64,46.06,20,3,0.076,0.64,1,0.366,0.056,15,8.08,12,30.59,0,0,0
30,Male,91059,Master,Single,1,West,Suburban,25,2853.15,114.13,25,5,0.296,0.253,1,0.242,0.075,16,5.63,16,20.57,1,0,0
60,Female,87926,Bachelor,Married,3,Northeast,Urban,19,1403.92,73.89,21,1,0.035,0.612,0,0.154,0.018,14,3.31,2,22.43,0,0,1
58,Male,67212,Bachelor,Widowed,2,Southeast,Rural,11,770.54,70.05,51,5,0.168,0.291,0,0.074,0.008,7,3.55,10,19.51,0,0,0
51,Female,67428,Master,Married,6,West,Suburban,13,896.11,68.93,29,5,0.268,0.212,0,0.408,0.088,3,6.69,11,38.35,1,1,0
25,Male,58665,Master,Single,2,Midwest,Suburban,7,177.84,25.41,70,3,0.108,0.591,0,0.316,0.148,5,4.4,18,71.05,1,0,0
37,Male,121095,Master,Married,3,West,Suburban,32,3188.52,99.64,15,2,0.085,0.425,1,0.345,0.112,8,6.63,8,25.12,1,0,0
60,Male,99441,Bachelor,Married,3,Southwest,Suburban,11,341.88,31.08,56,2,0.046,0.251,0,0.351,0.04,11,3.4,5,0.0,1,0,0
44,Male,63629,High School,Single,4,West,Suburban,16,1055.98,66.0,21,5,0.159,0.61,0,0.37,0.042,7,8.49,8,31.48,0,0,0
76,Female,98675,Bachelor,Married,5,Southeast,Rural,19,1569.27,82.59,30,6,0.072,0.492,1,0.236,0.035,15,15.01,3,11.53,1,0,0
47,Male,74489,Bachelor,Married,1,Northeast,Suburban,11,402.01,36.55,46,2,0.142,0.323,0,0.147,0.031,7,5.34,10,27.48,0,1,0
44,Male,123307,PhD,Divorced,1,West,Rural,18,1673.08,92.95,33,6,0.167,0.456,1,0.093,0.015,8,14.55,13,22.08,1,0,0
37,Male,62841,Bachelor,Married,2,West,Suburban,11,611.19,55.56,42,3,0.21,0.711,0,0.243,0.046,9,4.94,12,13.73,1,1,0
44,Male,69453,High School,Married,3,Midwest,Suburban,13,801.49,61.65,31,5,0.055,0.369,0,0.39,0.064,9,5.96,11,4.46,0,0,0
39,Female,51573,High School,Married,6,Midwest,Urban,23,1217.05,52.92,8,5,0.153,0.758,1,0.155,0.064,12,14.82,5,60.97,1,0,0
52,Other,96302,High School,Widowed,3,West,Urban,35,2322.94,66.37,17,3,0.043,0.538,1,0.235,0.062,12,6.05,6,6.01,0,0,1
56,Male,96534,Bachelor,Single,5,Northeast,Rural,20,1595.62,79.78,32,2,0.14,0.437,1,0.281,0.104,13,4.98,6,49.76,0,0,1
30,Female,98283,Master,Single,2,Midwest,Suburban,21,2025.55,96.45,19,7,0.107,0.683,1,0.223,0.05,13,3.81,7,45.65,1,1,1
22,Female,64433,Master,Divorced,3,Northeast,Suburban,20,1148.75,57.44,14,3,0.252,0.575,1,0.261,0.073,12,16.23,18,31.67,1,0,1
18,Male,100872,PhD,Divorced,1,Northeast,Suburban,13,1032.6,79.43,38,2,0.074,0.498,0,0.28,0.096,6,3.68,20,60.04,0,0,0
49,Female,60111,High School,Single,2,Midwest,Urban,9,657.35,73.04,24,4,0.047,0.636,0,0.218,0.028,8,6.43,8,0.0,0,0,0
25,Female,62250,Bachelor,Single,2,West,Suburban,9,958.65,106.52,20,1,0.241,0.336,0,0.373,0.075,3,14.74,17,13.68,1,0,0
18,Female,79525,Bachelor,Single,2,Southwest,Suburban,8,527.25,65.91,37,1,0.02,0.411,0,0.236,0.115,11,3.04,16,33.05,0,0,0
47,Female,62558,Bachelor,Single,2,West,Rural,11,299.57,27.23,46,3,0.216,0.765,0,0.274,0.121,13,3.93,7,8.48,0,0,1
79,Male,136848,PhD,Divorced,2,Northeast,Suburban,19,1529.31,80.49,31,6,0.073,0.791,1,0.226,0.107,10,4.6,1,0.0,0,0,0
41,Female,79970,Bachelor,Single,2,Southeast,Rural,13,1066.44,82.03,19,4,0.064,0.239,0,0.276,0.032,9,8.65,15,41.8,0,0,1
54,Female,106600,Master,Single,2,Northeast,Suburban,22,2498.15,113.55,30,4,0.047,0.649,0,0.361,0.118,14,3.56,4,24.99,0,1,1
43,Female,68238,Bachelor,Married,3,Northeast,Urban,22,994.51,45.2,21,7,0.048,0.611,1,0.28,0.059,12,9.62,6,8.69,0,1,0
40,Female,88893,High School,Widowed,1,Southeast,Rural,15,1103.67,73.58,43,3,0.038,0.464,0,0.276,0.121,11,4.7,14,17.99,0,0,1
55,Male,50176,High School,Married,2,Southeast,Urban,20,1109.47,55.47,12,5,0.075,0.707,1,0.393,0.133,8,10.39,2,10.93,1,0,1
37,Other,92083,Bachelor,Married,2,Midwest,Suburban,18,1091.97,60.67,22,4,0.203,0.425,1,0.287,0.05,5,14.02,12,40.81,0,0,1
46,Female,110625,Master,Widowed,2,Northeast,Urban,28,3248.48,116.02,14,1,0.111,0.43,1,0.395,0.05,16,4.72,12,51.23,1,1,0
46,Male,90913,High School,Married,4,Midwest,Suburban,12,1184.86,98.74,31,1,0.098,0.196,0,0.438,0.167,8,7.3,11,35.56,0,0,1
31,Male,56576,Master,Married,4,West,Urban,5,325.86,65.17,115,4,0.02,0.378,0,0.396,0.187,7,4.58,12,29.02,1,1,0
56,Female,87367,Master,Married,2,Southwest,Suburban,14,914.0,65.29,43,3,0.091,0.52,0,0.371,0.085,9,5.15,5,29.26,0,1,0
39,Male,94179,Bachelor,Single,1,West,Rural,19,1828.07,96.21,30,11,0.167,0.573,1,0.236,0.064,13,4.76,5,28.6,0,0,1
30,Male,51444,Master,Married,3,West,Suburban,7,462.01,66.0,42,3,0.044,0.736,0,0.317,0.125,10,4.57,11,44.58,0,0,0
50,Male,56503,Bachelor,Married,5,Southeast,Suburban,21,1039.72,49.51,16,4,0.134,0.575,1,0.138,0.047,13,5.6,9,54.14,1,0,1
28,Male,70675,Master,Single,2,Southwest,Suburban,6,508.6,84.77,46,2,0.17,0.406,0,0.05,0.017,5,3.03,20,36.69,1,0,0
42,Male,92079,Master,Single,3,Southwest,Rural,16,1334.79,83.42,36,4,0.202,0.814,0,0.346,0.071,14,4.28,5,34.26,0,1,0
41,Male,127283,PhD,Married,6,Southeast,Urban,27,1631.55,60.43,14,1,0.07,0.615,1,0.147,0.021,17,7.59,11,0.0,0,0,0
58,Male,84221,Bachelor,Married,3,West,Urban,11,574.93,52.27,59,1,0.034,0.584,0,0.16,0.046,9,4.16,6,27.85,0,1,0
49,Female,70676,Bachelor,Single,3,Midwest,Urban,8,310.0,38.75,42,1,0.164,0.496,0,0.344,0.11,10,4.05,9,11.0,0,0,0
41,Female,63070,High School,Single,3,Northeast,Suburban,14,1150.23,82.16,18,3,0.176,0.762,0,0.087,0.035,12,4.38,12,33.47,0,0,0
54,Male,75843,High School,Widowed,3,Southwest,Suburban,7,377.15,53.88,86,2,0.102,0.425,0,0.232,0.031,7,17.51,11,32.81,1,0,0
62,Male,96818,Bachelor,Married,4,Southwest,Suburban,20,1819.05,90.95,29,2,0.114,0.808,1,0.197,0.035,10,5.94,4,10.75,0,0,0
50,Female,107930,PhD,Single,1,Midwest,Suburban,31,3949.48,127.4,15,5,0.065,0.563,1,0.339,0.065,11,8.57,7,28.55,1,1,1
42,Male,44873,Bachelor,Married,6,Southeast,Suburban,10,683.19,68.32,59,9,0.064,0.484,0,0.269,0.085,9,3.62,10,62.57,1,1,0
22,Male,44435,Bachelor,Single,3,Midwest,Suburban,4,175.35,43.84,140,6,0.255,0.606,0,0.291,0.077,3,4.35,9,30.87,1,0,0
26,Male,82704,Bachelor,Married,2,Southeast,Suburban,20,1129.57,56.48,31,1,0.194,0.552,0,0.378,0.145,15,8.89,14,32.22,1,1,0
37,Female,73006,Bachelor,Married,5,West,Urban,15,905.64,60.38,42,3,0.033,0.252,0,0.362,0.161,8,7.71,17,29.44,1,0,0
32,Female,61362,Bachelor,Married,4,West,Urban,12,481.51,40.13,25,2,0.088,0.238,1,0.15,0.052,6,8.2,13,41.4,0,0,0
39,Female,73572,High School,Married,3,Southwest,Urban,12,526.76,43.9,35,1,0.277,0.233,0,0.231,0.104,14,5.3,8,25.94,0,0,0
42,Female,72248,Master,Single,2,Southeast,Rural,21,1050.52,50.02,28,3,0.048,0.756,1,0.4,0.145,10,9.51,13,54.74,0,0,0
49,Female,61419,High School,Married,4,Southeast,Suburban,22,1569.78,71.35,20,3,0.026,0.585,1,0.394,0.132,12,8.14,9,38.7,0,0,1
40,Male,74666,Bachelor,Single,2,Southeast,Urban,13,739.91,56.92,38,3,0.167,0.273,0,0.25,0.079,8,6.78,7,32.54,1,0,0
49,Female,88179,Master,Married,4,Midwest,Urban,16,1113.34,69.58,40,3,0.123,0.176,0,0.332,0.1,6,8.45,15,14.69,0,1,0
42,Male,75711,Bachelor,Divorced,2,Northeast,Suburban,22,1699.26,77.24,14,2,0.163,0.905,1,0.26,0.044,10,5.43,14,35.05,0,0,1
18,Female,52184,Bachelor,Single,1,Midwest,Suburban,18,1271.46,70.64,25,2,0.064,0.371,1,0.263,0.078,8,3.79,21,51.95,0,1,1
27,Female,56209,Master,Divorced,4,Southeast,Urban,15,292.77,19.52,30,4,0.028,0.27,0,0.332,0.136,8,11.43,13,35.98,1,1,1
39,Female,74522,Bachelor,Single,3,Midwest,Urban,15,491.92,32.79,23,3,0.208,0.426,0,0.299,0.095,9,7.05,13,21.99,1,1,0
23,Male,39074,Bachelor,Single,2,Northeast,Urban,6,250.9,41.82,54,5,0.2,0.402,0,0.265,0.072,4,4.1,13,52.43,1,0,0
50,Male,83084,Bachelor,Single,3,Southeast,Suburban,14,689.44,49.25,40,5,0.147,0.456,0,0.236,0.112,8,12.12,7,33.48,0,0,0
64,Female,127412,Master,Married,4,Southwest,Urban,18,1994.34,110.8,36,3,0.091,0.734,0,0.227,0.025,12,14.18,2,25.87,1,0,0
60,Female,99384,Master,Single,2,Midwest,Suburban,13,915.4,70.42,37,1,0.1,0.441,0,0.32,0.048,17,5.19,5,14.2,0,1,0
38,Female,53427,Bachelor,Single,1,West,Rural,11,1019.32,92.67,37,5,0.166,0.657,0,0.203,0.093,6,6.71,11,31.15,0,1,0
64,Male,74895,High School,Married,5,Southwest,Urban,7,403.82,57.69,74,3,0.143,0.296,0,0.106,0.016,10,10.3,6,24.15,0,0,0
44,Female,48320,High School,Married,2,West,Urban,27,1628.98,60.33,26,6,0.19,0.715,1,0.325,0.105,16,7.67,8,3.44,1,0,1
36,Female,63317,High School,Single,2,Northeast,Urban,14,676.44,48.32,15,4,0.302,0.709,0,0.376,0.176,8,5.17,16,54.97,0,0,0
32,Female,63980,Bachelor,Divorced,5,Southeast,Suburban,13,932.65,71.74,38,4,0.231,0.327,0,0.403,0.151,4,3.23,8,9.35,1,1,0
37,Female,80846,High School,Single,3,Midwest,Suburban,14,1128.61,80.62,32,1,0.082,0.717,0,0.257,0.071,5,4.94,9,22.17,0,1,0
36,Female,86844,Bachelor,Single,1,West,Suburban,12,1094.12,91.18,39,1,0.065,0.464,1,0.277,0.037,10,20.5,14,44.24,0,0,1
44,Female,88503,Master,Married,6,Southwest,Urban,8,572.53,71.57,21,4,0.027,0.631,0,0.248,0.045,10,4.18,7,37.31,1,1,0
44,Female,86534,Bachelor,Widowed,2,Midwest,Suburban,17,1677.46,98.67,39,4,0.155,0.614,0,0.357,0.137,9,6.42,11,11.67,1,0,1
42,Other,83301,Master,Single,3,Northeast,Suburban,24,1863.43,77.64,9,5,0.098,0.438,1,0.291,0.11,11,3.71,10,38.54,1,0,0
48,Male,94509,Master,Single,2,Midwest,Urban,24,1545.4,64.39,14,1,0.058,0.429,1,0.371,0.124,13,5.81,11,47.97,0,0,1
59,Male,67378,High School,Divorced,3,Midwest,Urban,7,356.78,50.97,43,2,0.072,0.233,0,0.358,0.111,9,7.68,11,9.66,0,1,0
56,Female,111896,Master,Married,6,West,Suburban,15,1507.87,100.52,36,2,0.039,0.49,0,0.347,0.075,12,9.09,6,12.24,1,0,0
19,Female,92294,Master,Married,5,Southeast,Urban,20,2028.64,101.43,26,3,0.059,0.787,0,0.068,0.024,14,7.04,14,42.47,0,0,1
18,Female,66979,Bachelor,Single,1,Southeast,Suburban,14,574.68,41.05,14,3,0.125,0.288,0,0.323,0.155,6,3.25,22,45.74,0,1,0
56,Female,84229,High School,Married,3,Northeast,Suburban,11,958.48,87.13,22,3,0.079,0.619,0,0.277,0.1,6,5.89,6,27.26,0,0,1
21,Male,71245,Bachelor,Single,2,Northeast,Urban,18,646.12,35.9,18,3,0.067,0.446,0,0.149,0.068,11,5.27,18,44.71,0,0,0
38,Female,109268,PhD,Married,2,Midwest,Rural,14,1011.98,72.28,37,3,0.161,0.422,0,0.312,0.121,9,4.08,9,52.47,1,0,0
24,Female,42710,Bachelor,Married,6,Southeast,Suburban,8,489.2,61.15,76,3,0.109,0.395,0,0.264,0.106,7,10.55,16,37.02,1,0,0
18,Male,80514,Bachelor,Married,4,Midwest,Urban,21,1119.44,53.31,16,6,0.139,0.668,1,0.163,0.025,17,6.19,12,22.23,1,0,0
50,Male,107666,Bachelor,Married,1,Southwest,Suburban,21,2376.11,113.15,21,5,0.071,0.514,1,0.278,0.039,11,8.04,5,59.76,0,0,0
53,Female,79491,Bachelor,Widowed,1,Northeast,Suburban,13,1064.92,81.92,27,3,0.15,0.495,0,0.39,0.089,14,13.09,4,40.93,0,0,0
33,Male,61439,Bachelor,Married,2,Midwest,Urban,20,741.78,37.09,23,6,0.113,0.212,1,0.375,0.094,12,3.64,20,5.53,1,0,0
18,Female,79186,Master,Single,4,West,Urban,17,1405.94,82.7,29,4,0.152,0.798,1,0.256,0.091,18,9.5,12,54.21,0,0,1
33,Male,75262,Bachelor,Married,3,Midwest,Suburban,9,371.01,41.22,46,2,0.022,0.746,0,0.304,0.079,8,6.31,11,50.75,0,1,1
47,Female,90170,Master,Married,3,Midwest,Suburban,12,901.91,75.16,30,2,0.011,0.231,0,0.306,0.07,6,4.97,10,27.63,1,1,0
19,Female,52049,Master,Single,5,Midwest,Suburban,10,735.71,73.57,60,2,0.045,0.849,0,0.076,0.038,5,10.66,17,28.35,1,0,0
44,Female,80385,Bachelor,Married,4,Southeast,Urban,24,2025.08,84.38,24,3,0.113,0.646,1,0.26,0.088,10,3.0,10,24.26,1,1,0
41,Male,66671,High School,Married,4,Northeast,Rural,21,1293.78,61.61,33,2,0.127,0.422,0,0.511,0.064,14,6.6,5,32.5,0,0,0
50,Female,106487,Master,Divorced,4,Northeast,Suburban,15,1145.37,76.36,25,4,0.255,0.372,0,0.33,0.036,9,9.22,10,22.36,0,0,1
43,Male,110239,PhD,Divorced,4,Northeast,Suburban,20,1239.27,61.96,9,3,0.059,0.365,0,0.416,0.164,12,6.78,12,39.88,1,0,0
27,Male,43133,High School,Single,2,West,Suburban,11,607.4,55.22,44,3,0.057,0.676,0,0.05,0.014,14,7.07,10,34.59,1,0,0
59,Other,102710,Bachelor,Single,1,Southeast,Suburban,12,1169.34,97.44,47,5,0.126,0.409,0,0.23,0.106,3,10.74,9,12.38,0,1,0
39,Female,72787,Bachelor,Married,2,West,Rural,13,1399.94,107.69,49,3,0.13,0.861,0,0.325,0.129,13,3.2,10,50.16,0,0,0
41,Female,81426,Master,Married,2,West,Urban,16,985.45,61.59,11,5,0.028,0.377,0,0.196,0.082,10,3.33,10,0.56,0,0,1
28,Male,75290,Master,Single,2,Southwest,Suburban,17,1437.83,84.58,36,2,0.132,0.309,0,0.306,0.057,11,10.73,14,33.75,0,0,0
35,Male,27410,High School,Married,2,Southwest,Suburban,10,589.95,58.99,42,2,0.16,0.546,0,0.212,0.051,9,3.77,13,47.52,1,0,0
28,Male,75266,Master,Divorced,5,Northeast,Rural,7,406.72,58.1,48,3,0.059,0.38,0,0.203,0.076,8,5.37,14,36.75,1,1,0
39,Female,67126,High School,Married,3,Midwest,Suburban,12,935.79,77.98,23,7,0.181,0.256,0,0.308,0.135,10,3.15,12,24.29,1,0,0
67,Female,114296,Master,Married,6,West,Suburban,14,991.49,70.82,41,1,0.112,0.163,0,0.311,0.132,18,3.75,5,38.42,0,0,0
21,Female,80209,Bachelor,Single,2,Northeast,Rural,14,1053.43,75.24,25,2,0.173,0.41,0,0.185,0.043,4,3.75,15,44.36,1,0,0
18,Female,51055,Bachelor,Single,2,Southeast,Rural,12,615.62,51.3,39,3,0.104,0.607,0,0.219,0.074,3,9.75,9,47.48,0,0,0
64,Male,84109,High School,Widowed,1,Northeast,Urban,14,1132.96,80.93,30,5,0.059,0.714,0,0.344,0.035,5,5.47,7,18.54,1,0,0
38,Male,67891,High School,Married,5,Midwest,Urban,13,967.32,74.41,23,2,0.088,0.49,0,0.113,0.053,4,9.44,9,47.34,0,0,0
31,Male,115542,Master,Married,2,Northeast,Suburban,12,926.36,77.2,47,4,0.151,0.403,0,0.235,0.05,13,4.26,15,43.16,1,0,1
57,Male,88371,Bachelor,Married,4,Midwest,Rural,11,813.91,73.99,28,9,0.215,0.271,0,0.264,0.04,6,8.12,3,23.87,0,0,1
32,Male,35537,High School,Married,3,Southwest,Suburban,4,180.78,45.2,122,1,0.144,0.644,0,0.256,0.105,5,5.67,12,33.22,0,0,0
69,Female,93518,High School,Married,6,Northeast,Urban,26,1429.21,54.97,15,4,0.122,0.192,1,0.05,0.019,15,5.49,7,1.87,1,1,1
52,Male,95185,High School,Married,4,Southwest,Suburban,23,1614.53,70.2,8,4,0.144,0.553,1,0.259,0.064,12,8.41,12,13.29,1,0,1
34,Female,77961,Master,Married,2,Northeast,Urban,4,229.6,57.4,120,2,0.135,0.413,0,0.49,0.127,7,4.73,15,44.24,0,1,1
74,Male,127416,Master,Married,3,Northeast,Suburban,15,1067.49,71.17,42,2,0.093,0.517,0,0.215,0.082,11,4.24,3,11.56,1,0,0
32,Other,69630,High School,Single,1,Southeast,Suburban,20,974.77,48.74,11,3,0.111,0.347,1,0.236,0.026,9,5.94,7,35.73,0,1,0
53,Female,98255,Bachelor,Married,6,West,Suburban,19,1405.28,73.96,25,3,0.13,0.202,0,0.091,0.044,14,7.38,7,29.9,0,0,1
46,Female,64283,High School,Widowed,4,West,Rural,24,1517.81,63.24,8,5,0.112,0.446,1,0.238,0.112,12,3.19,10,0.0,0,0,0
61,Male,108922,PhD,Married,5,Southeast,Suburban,23,1370.51,59.59,26,3,0.018,0.345,1,0.309,0.08,16,4.14,2,6.34,0,0,1
65,Female,121380,PhD,Widowed,4,Northeast,Urban,33,3784.97,114.7,21,5,0.091,0.391,1,0.324,0.129,23,6.16,6,0.0,0,0,1
42,Female,81079,Bachelor,Single,1,West,Suburban,14,1159.29,82.81,30,6,0.05,0.624,0,0.318,0.104,12,6.23,10,33.54,1,0,1
30,Male,108223,PhD,Married,1,Southwest,Urban,17,1400.93,82.41,19,5,0.147,0.597,0,0.238,0.091,13,5.27,18,28.86,0,0,0
48,Male,99009,Master,Single,1,Northeast,Suburban,18,992.27,55.13,33,4,0.118,0.31,0,0.314,0.145,8,8.29,9,27.55,0,1,1
31,Male,74701,Master,Married,5,Midwest,Suburban,9,567.9,63.1,46,2,0.147,0.417,0,0.13,0.035,9,7.17,17,63.95,1,1,0
72,Female,106530,Bachelor,Married,4,West,Suburban,13,1011.4,77.8,30,7,0.055,0.499,0,0.319,0.087,4,8.77,5,8.04,0,0,0
44,Female,88701,Bachelor,Married,2,Northeast,Rural,18,949.34,52.74,16,3,0.075,0.304,0,0.293,0.127,22,4.88,11,16.93,1,0,0
36,Female,60094,High School,Married,5,Northeast,Suburban,5,184.06,36.81,86,3,0.246,0.636,0,0.324,0.035,9,8.06,11,21.49,0,0,0
44,Male,63257,Bachelor,Married,2,Southeast,Rural,23,1770.03,76.96,21,6,0.051,0.41,1,0.26,0.053,7,12.08,10,33.11,0,0,0
21,Male,54678,Bachelor,Single,1,Southwest,Urban,14,712.03,50.86,21,1,0.071,0.943,0,0.152,0.024,5,6.05,13,55.44,1,0,1
27,Female,76417,Bachelor,Married,2,Northeast,Suburban,18,1546.56,85.92,15,3,0.126,0.675,0,0.342,0.157,10,5.14,18,36.88,1,0,1
60,Male,67854,Bachelor,Married,2,West,Urban,27,1718.92,63.66,15,6,0.07,0.541,1,0.215,0.07,19,6.56,11,0.0,0,0,0
32,Female,34802,Bachelor,Single,2,Southwest,Urban,9,561.91,62.43,42,2,0.146,0.284,0,0.139,0.016,10,13.74,16,36.88,0,1,0
26,Female,84021,Bachelor,Single,1,Midwest,Suburban,18,1554.79,86.38,13,1,0.03,0.68,0,0.346,0.092,6,15.65,6,50.02,0,1,1
50,Male,88271,Bachelor,Married,6,Northeast,Urban,39,3255.28,83.47,8,5,0.07,0.625,1,0.244,0.105,18,5.68,12,31.79,0,0,1
59,Female,126900,PhD,Divorced,3,West,Urban,14,1639.43,117.1,18,4,0.178,0.407,0,0.311,0.043,14,7.13,5,15.01,1,0,0
52,Male,81047,Master,Single,1,Midwest,Urban,25,1813.25,72.53,26,1,0.198,0.41,1,0.271,0.059,17,4.83,7,9.01,1,0,1
56,Female,96462,Bachelor,Single,1,Midwest,Suburban,27,1305.08,48.34,7,6,0.114,0.39,1,0.267,0.122,13,4.79,7,17.56,1,1,1
30,Male,68728,Bachelor,Single,3,West,Urban,8,301.28,37.66,73,2,0.031,0.411,0,0.216,0.027,9,5.74,20,32.48,0,0,0
20,Female,32835,Bachelor,Single,3,West,Suburban,11,366.98,33.36,39,6,0.275,0.831,0,0.261,0.13,9,5.67,20,41.38,1,1,0
64,Male,98164,High School,Married,6,Midwest,Suburban,15,1408.81,93.92,34,6,0.098,0.269,0,0.167,0.037,10,9.89,5,16.13,1,0,0
37,Male,87580,Master,Single,2,Southeast,Suburban,15,986.83,65.79,42,1,0.126,0.455,1,0.349,0.04,10,3.31,13,32.49,1,0,0
38,Female,50058,High School,Married,1,Northeast,Urban,9,532.22,59.14,38,2,0.074,0.689,0,0.403,0.066,6,9.44,13,0.0,0,0,1
61,Male,68730,High School,Divorced,3,West,Suburban,12,900.94,75.08,43,9,0.06,0.322,0,0.423,0.151,8,5.08,7,11.66,1,1,0
50,Female,65371,Master,Married,3,West,Suburban,8,527.79,65.97,61,1,0.22,0.536,0,0.519,0.08,8,7.21,14,68.3,0,0,0
48,Male,72900,High School,Married,2,Southeast,Suburban,23,474.43,20.63,30,3,0.089,0.303,1,0.463,0.188,12,9.09,10,52.94,0,0,0
74,Female,103727,Bachelor,Single,3,Southwest,Suburban,21,1220.63,58.13,9,3,0.128,0.676,1,0.205,0.053,16,8.31,3,39.11,1,0,0
32,Male,48288,High School,Divorced,3,Southwest,Urban,9,805.16,89.46,43,1,0.121,0.478,0,0.258,0.119,13,7.7,12,36.28,1,0,0
55,Female,88777,High School,Married,4,Southeast,Suburban,18,1456.37,80.91,38,2,0.089,0.313,0,0.199,0.026,7,11.09,11,31.97,1,1,0
42,Male,38442,High School,Widowed,2,Midwest,Urban,11,165.0,15.0,30,7,0.059,0.342,0,0.346,0.089,9,3.15,13,31.97,0,0,0
46,Male,53448,High School,Widowed,2,Southeast,Suburban,12,697.42,58.12,54,4,0.113,0.286,0,0.216,0.073,12,7.39,9,1.04,0,0,0
64,Male,79049,Bachelor,Divorced,5,West,Urban,16,1689.24,105.58,37,6,0.158,0.394,1,0.315,0.138,15,8.08,2,33.88,1,0,0
49,Female,90618,Master,Single,2,Northeast,Rural,14,1130.99,80.78,24,3,0.062,0.755,0,0.23,0.072,4,6.43,5,31.95,1,1,0
50,Male,81612,Bachelor,Married,6,Southwest,Suburban,18,1290.49,71.69,10,5,0.131,0.404,0,0.309,0.124,10,3.52,7,36.08,0,0,1
58,Female,108450,Master,Single,2,Southeast,Rural,38,1810.99,47.66,8,1,0.11,0.441,1,0.365,0.128,15,5.05,11,0.0,1,0,1
36,Female,49195,High School,Divorced,1,Northeast,Rural,8,393.44,49.18,27,2,0.139,0.379,0,0.302,0.065,8,6.22,11,20.67,1,1,0
29,Male,50639,Bachelor,Married,3,Northeast,Rural,19,426.65,22.46,20,5,0.162,0.603,1,0.351,0.092,12,3.98,17,40.42,1,0,0
26,Female,86690,Bachelor,Divorced,3,Southwest,Urban,15,733.44,48.9,43,2,0.158,0.371,0,0.306,0.134,16,11.65,16,36.15,1,0,0
18,Male,91174,Bachelor,Single,1,Southeast,Suburban,6,279.38,46.56,66,2,0.078,0.368,0,0.232,0.033,8,6.39,22,26.49,0,1,0
72,Male,100349,Bachelor,Married,2,Southwest,Suburban,29,3333.94,114.96,14,6,0.287,0.592,1,0.104,0.05,16,3.54,0,9.71,0,0,1
25,Female,49248,Bachelor,Single,3,Southeast,Suburban,17,1176.14,69.18,16,4,0.022,0.251,1,0.25,0.088,12,3.35,12,18.86,0,0,1
38,Female,108131,Master,Married,1,Southwest,Urban,18,2017.53,112.09,27,2,0.06,0.273,0,0.358,0.096,10,5.51,11,42.84,0,1,0
37,Female,48498,Bachelor,Married,5,Midwest,Urban,6,166.68,27.78,61,2,0.156,0.713,0,0.177,0.079,8,3.29,9,16.37,1,0,0
46,Male,72378,Bachelor,Married,3,Southeast,Suburban,18,1260.08,70.0,31,3,0.082,0.425,1,0.513,0.169,6,7.16,12,38.12,1,0,1
54,Male,103358,PhD,Widowed,3,Northeast,Rural,31,1907.03,61.52,14,4,0.05,0.466,1,0.353,0.134,14,9.68,10,27.14,0,0,0
54,Male,66406,Bachelor,Married,5,Southeast,Suburban,18,813.25,45.18,35,3,0.213,0.696,1,0.292,0.041,9,7.01,6,0.0,0,0,0
33,Female,62799,Bachelor,Divorced,1,Southwest,Urban,13,920.25,70.79,43,1,0.048,0.342,0,0.116,0.05,12,3.19,21,63.38,1,0,0
39,Female,73837,Master,Divorced,2,Southwest,Rural,9,634.45,70.49,26,4,0.023,0.838,0,0.283,0.132,10,3.3,13,27.99,1,1,0
46,Female,77589,Bachelor,Married,2,Northeast,Suburban,17,1266.82,74.52,14,5,0.059,0.595,1,0.181,0.025,7,3.52,10,23.88,0,0,0
38,Male,56407,High School,Married,3,Southwest,Rural,12,396.97,33.08,15,2,0.058,0.696,0,0.305,0.058,7,12.07,9,41.2,0,1,0
66,Male,84080,Bachelor,Married,2,Northeast,Rural,14,1044.29,74.59,25,5,0.047,0.893,0,0.309,0.081,6,9.68,3,23.51,0,1,0
49,Male,74242,Bachelor,Married,1,Southeast,Suburban,15,1111.13,74.08,13,1,0.062,0.315,0,0.441,0.134,12,6.03,11,48.29,1,0,0
53,Male,79537,Bachelor,Single,3,Midwest,Suburban,17,956.5,56.26,23,4,0.215,0.418,0,0.431,0.199,5,3.99,10,37.18,1,0,0
51,Male,78547,High School,Married,5,Southeast,Suburban,16,1021.36,63.83,18,3,0.091,0.344,0,0.228,0.114,16,21.37,5,3.72,0,0,0
59,Female,115573,PhD,Widowed,2,Southwest,Suburban,10,548.81,54.88,41,2,0.182,0.307,0,0.201,0.08,5,5.54,6,32.48,0,0,1
44,Female,103170,Master,Single,1,West,Urban,18,692.47,38.47,14,2,0.201,0.6,0,0.341,0.135,8,12.56,14,44.17,1,0,1
22,Female,66987,Bachelor,Single,2,Northeast,Suburban,12,1243.92,103.66,37,6,0.032,0.568,0,0.251,0.104,9,4.01,9,60.4,0,0,0
47,Male,86772,Bachelor,Divorced,6,Midwest,Urban,23,1782.1,77.48,29,2,0.134,0.505,1,0.264,0.044,10,7.29,5,24.04,0,0,0
32,Male,102017,Master,Married,4,West,Suburban,17,1255.11,73.83,29,5,0.103,0.761,0,0.17,0.045,12,9.49,14,30.29,1,0,1
34,Female,36009,High School,Married,5,Northeast,Suburban,10,639.69,63.97,44,4,0.201,0.239,0,0.399,0.162,14,9.16,19,34.49,1,0,0
50,Male,73502,Bachelor,Divorced,3,Southeast,Urban,24,1184.37,49.35,24,5,0.029,0.772,1,0.189,0.087,14,6.85,6,20.31,1,0,1
60,Female,115049,Bachelor,Married,2,Northeast,Rural,21,1884.28,89.73,8,3,0.149,0.699,0,0.351,0.165,14,7.94,4,24.77,0,1,1
42,Female,85340,Master,Single,2,Southwest,Suburban,14,1327.13,94.8,22,1,0.104,0.443,0,0.05,0.005,10,3.57,13,46.42,1,0,0
46,Male,20173,High School,Widowed,1,Southwest,Suburban,12,216.54,18.05,55,5,0.039,0.427,1,0.315,0.148,9,3.92,8,21.02,1,0,0
67,Female,121155,PhD,Married,5,Southwest,Urban,37,2987.29,80.74,16,7,0.109,0.241,1,0.356,0.17,21,3.8,5,12.8,0,1,0
45,Male,78624,Bachelor,Married,5,Midwest,Suburban,12,500.36,41.7,17,2,0.178,0.315,0,0.427,0.043,13,6.17,5,20.1,0,0,0
80,Female,65343,Bachelor,Married,5,Southwest,Urban,16,1270.01,79.38,21,2,0.044,0.484,1,0.092,0.01,10,6.03,4,3.79,0,0,0
50,Female,100609,Bachelor,Single,2,Northeast,Urban,11,928.53,84.41,35,1,0.149,0.52,0,0.261,0.054,5,13.39,5,44.16,1,0,0
18,Male,44294,Bachelor,Divorced,1,West,Urban,12,906.97,75.58,53,1,0.304,0.59,0,0.323,0.04,11,8.7,11,49.98,1,0,0
53,Male,102928,Master,Divorced,3,Southeast,Urban,20,1966.41,98.32,23,4,0.034,0.606,1,0.406,0.141,12,3.78,5,43.99,1,0,1
47,Female,104810,PhD,Single,3,Northeast,Suburban,12,926.12,77.18,17,1,0.063,0.712,0,0.291,0.081,16,3.73,14,29.2,1,1,1
61,Female,70074,Bachelor,Widowed,2,West,Suburban,14,1025.54,73.25,30,6,0.134,0.543,1,0.19,0.037,13,4.17,6,38.94,1,0,1
52,Male,96142,PhD,Divorced,4,West,Suburban,19,1643.51,86.5,17,2,0.058,0.701,0,0.366,0.152,10,30.0,11,25.51,1,1,0
39,Female,72773,Master,Married,4,Southwest,Suburban,9,729.5,81.06,36,2,0.115,0.572,0,0.305,0.052,7,3.74,10,26.35,0,0,0
23,Male,75285,Bachelor,Single,1,Northeast,Rural,11,1066.68,96.97,20,6,0.218,0.811,0,0.217,0.088,8,4.89,15,43.53,0,0,0
38,Male,68786,Bachelor,Single,1,West,Urban,18,766.5,42.58,22,5,0.33,0.795,1,0.372,0.182,12,4.5,15,36.84,1,0,0
29,Male,55972,Bachelor,Single,1,Midwest,Suburban,8,163.68,20.46,61,2,0.034,0.596,0,0.243,0.081,7,3.01,10,21.36,1,0,0
33,Male,52980,Bachelor,Single,3,Southwest,Rural,9,319.19,35.47,59,2,0.036,0.461,0,0.36,0.155,5,4.33,12,31.38,1,0,1
50,Male,83542,High School,Married,3,West,Urban,26,2111.89,81.23,20,5,0.184,0.535,1,0.253,0.035,15,3.94,6,18.63,0,0,1
67,Other,116163,Bachelor,Married,6,Southeast,Suburban,28,2697.99,96.36,18,3,0.08,0.597,1,0.31,0.069,7,18.02,6,17.9,1,0,0
47,Male,80971,High School,Divorced,2,Midwest,Suburban,16,945.75,59.11,38,10,0.229,0.617,0,0.547,0.206,10,8.19,10,27.28,0,1,1
24,Male,82186,Master,Married,4,Southwest,Urban,23,1510.12,65.66,15,5,0.271,0.692,0,0.188,0.072,14,9.57,14,51.7,1,1,0
48,Male,98347,Master,Single,1,Midwest,Urban,17,1062.29,62.49,16,2,0.106,0.662,0,0.05,0.007,12,10.44,5,56.58,0,0,1
59,Female,54560,High School,Widowed,2,Northeast,Suburban,17,937.35,55.14,12,7,0.084,0.702,1,0.252,0.118,12,4.13,7,37.12,1,0,0
32,Female,62512,Bachelor,Married,2,Northeast,Suburban,9,426.43,47.38,27,10,0.034,0.582,0,0.401,0.193,6,12.33,17,30.6,0,1,0
39,Male,61542,Bachelor,Married,2,Midwest,Urban,16,1496.11,93.51,15,5,0.165,0.731,1,0.292,0.033,12,6.13,13,32.0,0,0,1
42,Male,46817,Bachelor,Single,1,Southeast,Suburban,19,1517.44,79.87,34,4,0.057,0.747,1,0.2,0.085,13,3.31,10,9.37,0,1,0
30,Male,80455,Bachelor,Divorced,2,Northeast,Suburban,9,762.33,84.7,28,4,0.129,0.262,0,0.651,0.101,4,6.73,15,35.69,0,0,1
51,Male,70962,Bachelor,Widowed,3,Southeast,Urban,9,594.95,66.11,23,7,0.113,0.83,0,0.212,0.032,8,3.44,9,38.13,1,0,0
40,Male,90539,Bachelor,Married,1,Southeast,Suburban,11,1078.59,98.05,33,4,0.184,0.577,0,0.282,0.107,17,6.15,20,39.69,0,0,0
48,Male,77226,High School,Divorced,2,Northeast,Suburban,20,1411.76,70.59,13,7,0.161,0.435,1,0.123,0.016,12,6.06,0,52.87,0,1,0
28,Male,56350,High School,Single,4,Northeast,Urban,6,368.39,61.4,36,1,0.113,0.576,0,0.273,0.076,4,7.12,11,51.84,0,0,0
35,Female,62793,High School,Divorced,2,West,Suburban,19,509.9,26.84,19,6,0.036,0.94,1,0.156,0.04,13,3.5,19,15.4,0,0,0
52,Male,87970,Master,Married,4,Northeast,Urban,27,2138.36,79.2,24,8,0.021,0.495,1,0.441,0.164,17,11.42,6,43.19,1,1,1
36,Female,127267,PhD,Single,3,West,Urban,27,1830.87,67.81,7,5,0.061,0.465,0,0.182,0.076,14,8.42,9,42.52,1,0,0
67,Female,94846,Bachelor,Divorced,3,Southwest,Urban,15,1040.5,69.37,18,3,0.045,0.613,0,0.275,0.051,10,20.09,6,11.61,1,0,0
36,Female,73928,Bachelor,Married,2,Midwest,Rural,11,773.78,70.34,52,6,0.077,0.485,0,0.305,0.053,8,3.03,8,30.29,1,0,1
45,Male,51863,High School,Married,3,Southeast,Rural,15,569.36,37.96,19,2,0.215,0.331,0,0.321,0.149,12,6.49,8,52.73,0,0,0
55,Male,70632,Bachelor,Single,4,West,Suburban,12,898.68,74.89,32,2,0.123,0.376,0,0.359,0.037,14,5.65,3,29.38,1,0,1
20,Male,48759,High School,Single,4,Midwest,Suburban,12,904.97,75.41,18,3,0.185,0.321,0,0.326,0.106,12,5.05,14,63.53,0,0,0
18,Female,58262,Bachelor,Single,1,Northeast,Urban,21,870.55,41.45,28,2,0.192,0.602,1,0.242,0.081,11,4.18,13,36.2,1,1,1
19,Male,73959,PhD,Single,1,Midwest,Suburban,28,1941.17,69.33,20,3,0.03,0.746,1,0.115,0.049,16,3.58,17,34.15,1,1,1
60,Female,52023,High School,Married,3,Southeast,Urban,10,310.82,31.08,22,5,0.287,0.497,0,0.175,0.033,11,17.84,10,26.48,1,0,0
33,Female,62951,Master,Married,3,Southeast,Suburban,5,190.69,38.14,116,5,0.209,0.422,0,0.258,0.124,6,11.16,19,51.0,0,0,0
80,Male,107542,High School,Widowed,3,Midwest,Rural,20,1799.43,89.97,24,8,0.206,0.648,1,0.246,0.031,18,9.82,6,6.88,1,0,1
33,Female,57801,Bachelor,Married,2,Southeast,Urban,17,1243.88,73.17,34,1,0.391,0.631,1,0.176,0.039,15,3.56,13,16.74,1,1,0
44,Male,55716,High School,Married,6,Southwest,Suburban,7,193.71,27.67,75,3,0.147,0.58,0,0.169,0.034,11,17.05,11,34.57,1,0,1
65,Male,114355,Bachelor,Widowed,3,West,Suburban,22,2819.31,128.15,20,3,0.068,0.412,0,0.582,0.109,12,4.99,4,0.0,1,0,1
72,Male,66367,High School,Married,2,Southeast,Urban,15,798.69,53.25,36,6,0.19,0.566,0,0.193,0.032,10,5.63,0,0.33,0,0,0
72,Male,87295,Bachelor,Married,2,Southeast,Suburban,19,1478.12,77.8,15,5,0.03,0.8,0,0.246,0.043,11,7.07,5,34.79,0,1,1
60,Female,77068,Bachelor,Married,6,Southwest,Suburban,28,1619.85,57.85,6,5,0.278,0.625,1,0.366,0.15,13,4.51,7,1.92,0,0,0
57,Male,110471,Bachelor,Married,5,Midwest,Suburban,22,1750.05,79.55,16,4,0.17,0.508,0,0.319,0.155,12,5.5,13,17.89,0,0,0
50,Male,110500,Bachelor,Married,2,Midwest,Urban,25,2890.42,115.62,10,1,0.065,0.442,1,0.228,0.093,11,6.14,11,29.86,0,0,0
53,Female,124273,PhD,Married,3,West,Suburban,20,2444.92,122.25,34,4,0.094,0.204,0,0.35,0.07,8,3.69,5,31.7,0,1,1
33,Female,78750,Bachelor,Married,4,West,Rural,15,545.49,36.37,43,5,0.158,0.734,0,0.4,0.08,20,4.29,9,28.3,1,0,0
29,Male,55094,Bachelor,Single,2,Midwest,Suburban,18,832.93,46.27,13,5,0.27,0.38,1,0.21,0.082,10,3.4,16,31.47,0,0,0
41,Female,102609,Bachelor,Married,2,Southeast,Suburban,31,4349.84,140.32,11,2,0.076,0.446,1,0.411,0.095,14,5.06,5,63.84,1,0,1
39,Female,90815,Master,Married,6,Midwest,Urban,10,667.47,66.75,41,1,0.031,0.434,0,0.353,0.148,9,5.57,10,54.94,0,0,0
35,Male,81396,Bachelor,Married,4,Midwest,Urban,10,791.52,79.15,36,3,0.011,0.27,0,0.254,0.027,5,6.41,14,30.3,1,0,1
52,Male,80617,Bachelor,Married,4,Midwest,Rural,14,1302.51,93.04,37,2,0.08,0.585,0,0.253,0.063,15,11.0,7,25.15,0,0,1
56,Male,66379,High School,Widowed,1,Southeast,Urban,26,2086.62,80.25,16,8,0.292,0.271,1,0.505,0.128,17,3.71,7,44.01,0,0,0
43,Female,99945,Bachelor,Married,6,Midwest,Rural,26,614.16,23.62,18,4,0.06,0.303,1,0.387,0.09,14,3.34,11,17.95,1,1,1
64,Female,99895,Bachelor,Widowed,1,Midwest,Urban,13,1126.15,86.63,39,2,0.2,0.543,0,0.207,0.08,9,3.51,5,0.0,0,0,0
24,Female,111570,PhD,Married,4,Southeast,Urban,18,2173.88,120.77,10,4,0.035,0.446,0,0.176,0.065,13,3.7,15,63.78,0,0,0
39,Female,90629,Master,Married,4,West,Urban,12,910.83,75.9,14,3,0.074,0.393,0,0.138,0.069,11,3.23,11,27.49,1,0,0
31,Male,37674,High School,Married,2,West,Suburban,5,140.07,28.01,46,1,0.357,0.57,0,0.16,0.055,6,7.95,16,55.21,0,0,0
18,Male,46249,Bachelor,Single,1,Southwest,Suburban,9,294.14,32.68,57,4,0.033,0.578,0,0.308,0.134,5,12.01,17,28.19,0,1,0
40,Male,59144,High School,Widowed,3,Southeast,Rural,16,889.45,55.59,18,1,0.272,0.168,1,0.33,0.065,6,10.52,13,33.78,1,1,1
40,Female,63202,Bachelor,Single,5,Southeast,Suburban,27,2027.85,75.11,24,6,0.274,0.618,1,0.233,0.084,17,10.42,17,24.6,1,1,0
64,Female,90188,Master,Married,4,Southwest,Urban,16,2126.19,132.89,13,3,0.272,0.182,0,0.288,0.085,17,4.32,3,6.91,1,0,1
51,Male,99421,Bachelor,Married,4,Midwest,Suburban,16,1182.64,73.91,29,2,0.17,0.615,0,0.066,0.029,11,3.29,17,14.17,0,1,0
26,Female,53226,Bachelor,Single,3,Midwest,Suburban,6,407.11,67.85,28,2,0.083,0.538,0,0.358,0.162,6,10.72,11,21.1,0,0,0
69,Male,82872,High School,Married,5,Northeast,Suburban,19,770.34,40.54,35,3,0.181,0.326,0,0.413,0.083,13,10.19,5,7.3,1,0,1
60,Male,108042,Master,Widowed,3,Midwest,Urban,26,1308.37,50.32,11,5,0.045,0.809,1,0.348,0.043,14,3.43,10,12.73,0,1,0
50,Male,71777,Bachelor,Married,3,West,Urban,11,615.45,55.95,42,5,0.263,0.162,0,0.319,0.101,9,4.96,7,46.66,1,1,1
38,Male,92761,Bachelor,Widowed,2,Northeast,Suburban,14,1194.05,85.29,46,1,0.021,0.414,0,0.349,0.082,7,4.72,10,20.21,1,0,1
27,Male,45442,Bachelor,Single,1,Southeast,Suburban,14,713.92,50.99,13,4,0.084,0.692,0,0.05,0.019,10,3.42,14,25.76,1,0,0
36,Male,73324,Bachelor,Single,1,Midwest,Suburban,8,541.82,67.73,51,4,0.009,0.537,0,0.334,0.034,9,16.0,16,35.9,1,0,0
58,Male,120691,PhD,Married,4,Southwest,Urban,13,1103.12,84.86,33,1,0.128,0.709,0,0.18,0.068,9,8.98,6,2.11,0,0,0
70,Male,95786,Bachelor,Divorced,5,Northeast,Rural,16,1237.41,77.34,22,2,0.054,0.287,1,0.376,0.119,15,6.68,8,0.0,0,1,1
65,Female,73146,Bachelor,Single,4,West,Urban,13,789.05,60.7,38,7,0.1,0.73,1,0.36,0.083,6,4.82,9,14.96,1,0,0
34,Male,80862,Bachelor,Married,5,Northeast,Urban,21,912.2,43.44,21,4,0.059,0.312,0,0.367,0.121,14,17.27,12,38.29,0,0,0
25,Other,86752,Master,Single,2,West,Suburban,10,435.46,43.55,28,2,0.135,0.556,0,0.203,0.096,7,4.74,17,46.21,1,0,0
44,Male,65666,Bachelor,Married,5,Northeast,Suburban,9,810.19,90.02,56,3,0.129,0.408,0,0.206,0.094,8,6.33,9,47.67,1,1,0
18,Male,65612,Bachelor,Married,6,Northeast,Urban,10,463.42,46.34,39,1,0.204,0.483,1,0.314,0.141,7,7.02,20,57.77,0,0,0
46,Male,83023,Bachelor,Married,3,West,Rural,22,1467.41,66.7,19,4,0.072,0.487,1,0.239,0.047,15,3.49,13,29.95,1,0,0
39,Male,52590,Bachelor,Single,1,West,Suburban,13,1041.22,80.09,50,3,0.19,0.924,1,0.198,0.052,6,7.49,13,31.33,1,0,0
35,Female,70791,Master,Married,5,West,Urban,13,780.04,60.0,33,3,0.176,0.76,0,0.143,0.018,7,3.82,5,41.04,0,0,0
18,Male,87074,Master,Single,1,Northeast,Suburban,14,1275.21,91.09,40,3,0.04,0.637,0,0.427,0.065,15,10.33,19,49.98,0,0,0
49,Female,84441,Bachelor,Single,4,Midwest,Suburban,31,1688.25,54.46,20,5,0.098,0.499,1,0.224,0.044,17,4.21,12,40.93,0,0,1
34,Female,44335,High School,Married,2,Northeast,Suburban,13,1082.58,83.28,35,5,0.068,0.377,1,0.359,0.163,9,7.55,15,33.76,1,0,1
24,Female,76922,PhD,Single,2,Northeast,Rural,16,1168.02,73.0,36,4,0.067,0.823,0,0.221,0.033,10,3.48,7,30.92,0,0,1
18,Female,47269,Bachelor,Single,3,Northeast,Suburban,12,637.17,53.1,27,2,0.069,0.932,0,0.203,0.049,9,6.09,19,20.78,0,0,0
41,Female,66732,Bachelor,Married,2,Northeast,Suburban,15,901.05,60.07,17,4,0.227,0.531,0,0.416,0.047,3,3.69,10,29.23,0,1,0
68,Male,82310,Bachelor,Married,1,West,Suburban,23,1988.48,86.46,23,9,0.056,0.306,1,0.288,0.059,20,5.29,7,30.02,0,0,1
66,Female,67273,Bachelor,Married,4,Northeast,Suburban,21,1435.58,68.36,31,3,0.039,0.452,1,0.305,0.128,13,7.21,10,46.28,0,0,0
35,Male,85700,Bachelor,Married,2,Midwest,Suburban,10,150.0,15.0,18,3,0.312,0.35,0,0.358,0.168,5,3.52,4,26.35,0,0,0
32,Male,95759,Master,Married,2,Midwest,Suburban,18,1240.54,68.92,31,4,0.116,0.334,0,0.351,0.093,6,5.13,10,34.81,0,0,1
49,Male,75701,Master,Married,4,Southeast,Rural,18,1337.22,74.29,10,4,0.318,0.154,0,0.246,0.052,8,19.76,8,17.08,0,0,1
27,Female,64244,Bachelor,Married,3,West,Suburban,16,684.13,42.76,25,2,0.119,0.592,0,0.233,0.077,9,7.57,16,36.68,1,0,0
46,Female,63866,Bachelor,Single,1,Southeast,Suburban,13,674.13,51.86,39,2,0.084,0.719,1,0.403,0.045,11,4.05,10,32.11,0,0,0
53,Male,64076,High School,Married,5,West,Suburban,12,651.33,54.28,31,3,0.067,0.487,0,0.469,0.109,10,5.47,9,42.34,0,0,0
60,Female,68428,High School,Married,4,West,Suburban,9,865.02,96.11,34,1,0.092,0.625,0,0.24,0.099,8,3.89,6,40.41,0,0,0
40,Male,66182,Bachelor,Married,3,West,Urban,12,900.57,75.05,21,3,0.119,0.413,0,0.498,0.054,11,15.7,15,37.73,1,0,1
38,Male,101044,Bachelor,Married,1,Southwest,Rural,22,1916.26,87.1,31,2,0.227,0.522,1,0.291,0.061,19,5.83,21,29.95,1,0,0
28,Male,86395,PhD,Single,3,Southeast,Urban,20,997.64,49.88,23,4,0.209,0.524,0,0.259,0.046,20,3.9,16,40.39,1,1,1
29,Male,66676,Master,Single,1,Northeast,Suburban,7,347.51,49.64,31,3,0.076,0.374,0,0.414,0.1,5,6.1,7,50.39,0,0,0
38,Male,59561,Bachelor,Married,5,Midwest,Suburban,7,537.5,76.79,26,4,0.078,0.636,0,0.225,0.029,8,3.49,11,43.15,1,0,0
47,Female,93856,Bachelor,Divorced,1,Southeast,Suburban,19,1712.47,90.13,15,6,0.129,0.759,1,0.399,0.108,9,3.4,8,0.0,0,0,1
55,Female,44818,High School,Widowed,2,West,Suburban,9,215.99,24.0,47,3,0.032,0.679,0,0.399,0.115,8,3.28,7,0.0,0,0,0
29,Male,82360,PhD,Single,1,Southwest,Urban,22,2181.7,99.17,25,5,0.104,0.617,1,0.404,0.056,15,4.72,7,26.81,0,0,1
64,Female,113502,Bachelor,Widowed,3,Southeast,Suburban,27,1877.53,69.54,25,5,0.036,0.751,1,0.217,0.093,15,12.18,9,3.2,0,0,1
37,Female,58859,High School,Single,1,Northeast,Rural,11,732.55,66.6,53,3,0.256,0.392,0,0.331,0.129,6,3.2,16,41.79,1,1,0
41,Female,76278,Bachelor,Married,2,Southeast,Suburban,8,982.47,122.81,57,3,0.154,0.455,0,0.417,0.085,10,17.7,11,21.79,0,0,0
30,Female,111582,Master,Single,2,Midwest,Urban,23,1780.74,77.42,22,2,0.137,0.337,0,0.273,0.043,11,3.31,15,32.65,1,1,1
18,Male,73695,Master,Single,1,Northeast,Rural,20,1403.96,70.2,22,6,0.078,0.618,1,0.289,0.144,13,3.71,6,52.44,0,0,0
55,Female,58977,High School,Married,4,Southwest,Suburban,16,773.0,48.31,24,2,0.141,0.561,0,0.169,0.019,12,3.58,12,12.05,1,0,1
53,Female,93768,Master,Divorced,1,Southwest,Suburban,23,1848.95,80.39,25,1,0.08,0.256,1,0.241,0.074,11,4.28,9,25.49,0,1,1
37,Male,53168,Bachelor,Married,6,Northeast,Suburban,8,680.69,85.09,31,2,0.195,0.39,0,0.162,0.064,4,16.6,8,37.16,1,1,0
43,Male,78839,High School,Married,4,Midwest,Suburban,16,1048.46,65.53,21,2,0.171,0.781,0,0.306,0.145,11,3.56,10,42.4,1,1,1
49,Female,103418,Master,Married,6,Midwest,Urban,12,909.87,75.82,55,2,0.179,0.497,1,0.336,0.104,12,17.97,13,21.81,0,1,0
18,Male,86866,Master,Single,1,Midwest,Rural,27,2578.61,95.5,17,4,0.019,0.265,1,0.532,0.176,11,10.12,17,43.18,1,1,1
34,Other,85994,Bachelor,Married,3,West,Urban,30,1431.97,47.73,14,8,0.191,0.89,1,0.064,0.029,21,7.21,8,45.23,1,1,0
53,Male,76786,Bachelor,Married,6,Northeast,Suburban,22,1541.22,70.06,28,3,0.122,0.707,1,0.288,0.076,14,7.84,6,0.0,1,0,1
23,Female,59828,Master,Single,4,Southeast,Suburban,18,816.48,45.36,31,6,0.173,0.204,1,0.237,0.059,13,4.67,10,64.99,0,0,1
46,Male,91624,Master,Married,2,West,Rural,10,710.52,71.05,32,2,0.1,0.782,0,0.097,0.044,4,3.31,4,25.96,1,0,0
21,Female,59308,Master,Single,2,Southeast,Urban,10,419.07,41.91,47,1,0.149,0.526,0,0.207,0.081,11,7.54,15,51.3,1,1,1
48,Female,81474,Bachelor,Single,3,Midwest,Suburban,7,295.13,42.16,35,1,0.187,0.594,0,0.196,0.072,9,3.76,10,25.35,0,0,0
41,Male,120381,PhD,Married,4,Southwest,Suburban,25,1150.51,46.02,8,2,0.283,0.73,1,0.322,0.053,16,8.81,5,19.01,0,0,1
18,Female,82477,PhD,Single,2,Southwest,Suburban,6,373.1,62.18,103,1,0.085,0.377,0,0.231,0.063,6,4.32,14,73.79,1,1,1
59,Male,75049,High School,Married,4,Northeast,Rural,13,937.08,72.08,41,4,0.092,0.236,0,0.155,0.04,11,5.41,10,21.35,0,1,0
30,Male,78192,Master,Single,2,Midwest,Urban,18,1536.49,85.36,36,6,0.031,0.38,1,0.289,0.135,10,4.03,11,46.56,1,0,0
29,Male,75840,Bachelor,Single,5,Southeast,Suburban,17,700.58,41.21,35,7,0.189,0.501,0,0.536,0.064,10,8.18,17,39.77,0,0,0
45,Female,66583,Bachelor,Married,3,Midwest,Urban,10,663.38,66.34,37,4,0.037,0.42,0,0.248,0.122,7,6.14,9,49.31,1,0,0
59,Male,54853,Bachelor,Widowed,2,Midwest,Suburban,14,960.56,68.61,43,5,0.162,0.426,0,0.359,0.167,11,7.54,4,50.2,1,0,0
26,Male,53463,High School,Married,4,Southwest,Urban,8,511.48,63.94,68,5,0.025,0.484,0,0.385,0.137,10,7.71,17,60.93,0,0,0
42,Male,89017,Bachelor,Single,1,Southwest,Rural,13,1035.63,79.66,23,4,0.079,0.358,0,0.281,0.076,10,17.94,8,38.14,1,0,0
48,Female,100695,Master,Married,3,Southeast,Urban,20,742.02,37.1,24,3,0.085,0.601,0,0.273,0.111,8,6.01,8,29.25,1,0,0
52,Female,57596,High School,Married,4,Southeast,Suburban,12,676.87,56.41,26,3,0.21,0.741,0,0.518,0.225,2,3.98,4,30.1,1,0,1
44,Male,58774,Bachelor,Married,4,Southeast,Urban,16,923.86,57.74,18,2,0.019,0.597,1,0.508,0.086,8,3.26,10,38.54,0,0,1
36,Male,106817,PhD,Single,3,Southeast,Suburban,28,2640.85,94.32,7,3,0.148,0.254,1,0.435,0.196,16,11.87,11,30.03,0,0,1
29,Female,65922,Bachelor,Married,2,Southwest,Suburban,18,1632.8,90.71,25,4,0.087,0.584,1,0.196,0.031,10,3.23,16,38.95,0,1,1
43,Male,73113,Bachelor,Married,3,Midwest,Urban,18,1104.73,61.37,20,6,0.11,0.686,0,0.2,0.053,8,6.19,11,28.03,1,1,0
25,Female,87936,Bachelor,Single,4,Southeast,Urban,25,1676.72,67.07,8,3,0.15,0.433,1,0.101,0.018,14,4.15,7,29.9,0,1,0
18,Female,40797,Bachelor,Single,3,West,Urban,4,212.04,53.01,115,2,0.291,0.722,0,0.134,0.043,2,12.53,18,75.33,1,0,1
48,Female,105625,Bachelor,Single,1,Midwest,Urban,27,2247.7,83.25,20,2,0.171,0.628,1,0.121,0.057,8,6.06,13,29.78,1,1,1
55,Male,100076,Master,Married,4,Northeast,Urban,22,1951.12,88.69,13,7,0.098,0.513,1,0.336,0.08,13,5.8,8,19.72,0,1,1
18,Female,27466,Bachelor,Single,2,Southeast,Suburban,25,1357.87,54.31,27,2,0.286,0.497,1,0.122,0.052,11,5.55,7,54.24,0,0,0
26,Female,73711,Master,Single,3,Midwest,Suburban,16,1013.33,63.33,35,4,0.102,0.275,0,0.162,0.05,6,8.05,12,12.54,1,0,0
51,Female,95792,Bachelor,Divorced,2,Southeast,Suburban,26,2284.9,87.88,23,7,0.132,0.536,1,0.172,0.073,17,3.12,4,37.66,0,1,0
72,Male,92724,Bachelor,Married,5,West,Urban,29,2087.61,71.99,6,2,0.216,0.617,1,0.214,0.098,8,6.57,4,29.36,0,0,0
42,Male,52078,Bachelor,Married,5,Midwest,Urban,6,162.18,27.03,102,5,0.069,0.587,0,0.539,0.148,8,5.14,8,1.89,0,0,0
31,Male,77932,Master,Married,2,West,Suburban,15,687.62,45.84,45,4,0.03,0.431,0,0.292,0.075,12,4.39,10,73.55,1,0,0
39,Female,58942,Bachelor,Married,3,Northeast,Suburban,13,195.0,15.0,32,1,0.071,0.485,0,0.07,0.013,7,9.16,8,42.22,1,0,0
62,Female,82577,High School,Married,4,Southwest,Urban,22,2299.94,104.54,31,5,0.012,0.649,1,0.23,0.105,11,3.61,3,25.64,0,0,1
32,Male,77800,Bachelor,Divorced,2,West,Suburban,23,2175.92,94.61,21,4,0.048,0.491,1,0.132,0.053,17,11.96,11,28.82,0,0,0
30,Male,48755,Bachelor,Single,2,Southeast,Urban,7,525.5,75.07,31,4,0.073,0.444,0,0.142,0.041,12,3.49,12,15.09,0,0,0
34,Male,57212,Bachelor,Married,5,Northeast,Urban,13,705.62,54.28,44,3,0.085,0.404,0,0.219,0.056,6,5.12,9,36.46,0,0,0
27,Female,88549,Master,Single,3,Midwest,Suburban,15,1407.12,93.81,30,3,0.011,0.488,0,0.314,0.044,7,3.13,8,27.93,0,0,1
43,Female,47117,High School,Single,2,West,Urban,15,1072.71,71.51,23,5,0.258,0.845,1,0.363,0.065,6,3.91,15,25.67,0,1,0
66,Male,92167,Master,Single,1,Southwest,Rural,12,564.0,47.0,23,4,0.071,0.513,0,0.342,0.073,15,3.72,1,30.34,1,0,0
46,Male,59719,Bachelor,Married,4,Southwest,Rural,5,220.67,44.13,77,6,0.126,0.601,0,0.195,0.089,10,5.59,8,23.22,0,1,0
38,Male,76280,Bachelor,Single,2,Southwest,Suburban,21,1656.68,78.89,25,2,0.138,0.338,1,0.374,0.137,10,4.34,8,22.44,0,1,1
37,Female,74837,Bachelor,Single,1,Northeast,Urban,10,576.37,57.64,60,1,0.082,0.735,0,0.229,0.04,6,3.35,12,45.91,0,0,0
18,Female,44739,Bachelor,Divorced,4,Midwest,Urban,7,267.57,38.22,63,1,0.029,0.462,0,0.323,0.078,5,9.88,13,32.49,1,0,0
55,Female,99676,Master,Divorced,1,Northeast,Suburban,13,1252.03,96.31,29,1,0.216,0.364,0,0.294,0.051,9,3.57,10,8.14,0,1,0
40,Male,80506,High School,Married,3,Southeast,Suburban,6,322.12,53.69,75,7,0.087,0.657,0,0.463,0.1,5,23.51,10,38.29,0,1,0
39,Female,57189,Bachelor,Married,6,West,Rural,10,1082.27,108.23,41,1,0.056,0.326,0,0.218,0.035,7,3.2,9,20.63,1,0,0
80,Male,90323,Master,Married,3,Southwest,Urban,12,1284.56,107.05,41,4,0.114,0.712,0,0.217,0.093,8,7.97,2,0.0,0,1,1
46,Female,84226,Bachelor,Divorced,2,West,Suburban,16,1085.5,67.84,30,6,0.115,0.396,0,0.432,0.053,10,8.01,15,22.97,1,0,0
30,Male,62943,Bachelor,Married,3,Northeast,Suburban,11,951.1,86.46,59,3,0.276,0.348,0,0.275,0.077,10,4.72,10,46.43,0,0,0
35,Female,57949,Bachelor,Divorced,4,Southeast,Rural,15,940.58,62.71,32,2,0.171,0.526,0,0.214,0.046,12,10.35,3,53.68,1,1,1
59,Female,112581,Master,Married,3,West,Suburban,23,1793.4,77.97,23,5,0.146,0.454,0,0.254,0.067,11,4.0,6,10.72,0,0,0
43,Female,117588,PhD,Married,3,Southeast,Suburban,16,2053.69,128.36,39,4,0.042,0.417,0,0.472,0.216,12,8.47,12,34.66,1,0,1
20,Female,38475,Master,Single,2,Northeast,Rural,7,399.33,57.05,85,1,0.138,0.518,0,0.104,0.029,8,11.47,4,14.54,1,0,0
55,Male,74811,Bachelor,Single,5,Midwest,Urban,6,297.09,49.52,37,2,0.154,0.322,0,0.254,0.07,9,3.32,4,28.44,1,1,0
31,Male,130162,PhD,Married,3,Southeast,Urban,15,1564.23,104.28,26,1,0.149,0.268,0,0.362,0.097,10,5.07,17,34.15,0,1,0
70,Female,90351,High School,Single,2,West,Suburban,21,2283.22,108.72,31,6,0.145,0.403,1,0.25,0.039,15,15.38,3,19.65,0,1,1
58,Male,82141,High School,Married,5,Midwest,Suburban,13,924.53,71.12,50,2,0.059,0.575,0,0.432,0.14,10,5.37,5,8.71,1,1,0
35,Male,101193,Master,Divorced,1,West,Urban,19,1610.97,84.79,14,1,0.097,0.53,0,0.23,0.049,10,6.65,11,36.33,0,0,1
61,Male,74656,High School,Married,5,West,Urban,15,920.0,61.33,26,3,0.044,0.284,0,0.309,0.106,7,11.6,7,0.0,0,0,0
43,Female,71950,High School,Single,2,Northeast,Urban,15,1095.22,73.01,20,2,0.03,0.415,0,0.44,0.161,14,9.07,6,26.21,1,1,0
54,Male,79570,High School,Divorced,2,Southwest,Suburban,13,652.98,50.23,43,3,0.149,0.484,0,0.393,0.168,7,4.45,4,0.25,1,1,0
49,Male,87885,Bachelor,Divorced,3,Southeast,Suburban,17,986.54,58.03,36,2,0.092,0.668,0,0.14,0.054,13,7.94,10,37.9,0,1,0
29,Male,73969,Master,Married,3,Northeast,Rural,15,902.06,60.14,27,3,0.074,0.392,0,0.396,0.137,9,7.39,13,47.57,1,1,0
32,Male,68780,Bachelor,Married,3,West,Suburban,16,1083.9,67.74,32,7,0.032,0.853,0,0.279,0.114,9,10.87,10,53.67,1,0,0
57,Female,62374,High School,Married,5,Southeast,Suburban,15,1251.54,83.44,41,3,0.074,0.714,0,0.195,0.071,4,6.05,9,12.05,0,1,0
36,Other,69592,Bachelor,Single,1,Southeast,Suburban,11,680.38,61.85,47,3,0.048,0.551,0,0.22,0.052,5,7.62,11,35.62,1,0,0
35,Female,81072,PhD,Married,2,Southeast,Suburban,16,1393.36,87.08,15,4,0.237,0.635,0,0.205,0.03,4,5.75,16,25.8,0,0,0
27,Male,65340,Master,Single,3,Southeast,Suburban,11,592.51,53.86,47,5,0.214,0.682,0,0.172,0.069,4,8.58,16,42.15,0,0,0
48,Female,74765,Bachelor,Divorced,4,Midwest,Urban,19,1503.97,79.16,13,5,0.151,0.495,1,0.414,0.077,10,5.72,5,15.27,1,1,0
72,Female,114044,PhD,Married,4,Midwest,Rural,18,1998.03,111.0,28,1,0.098,0.273,0,0.447,0.199,15,3.17,5,11.22,0,0,1
25,Male,68024,Master,Single,3,Southeast,Rural,26,1604.43,61.71,13,7,0.076,0.385,1,0.267,0.101,10,5.64,14,40.03,1,1,0
42,Female,56741,High School,Married,4,West,Urban,16,1046.33,65.4,12,2,0.052,0.492,1,0.446,0.125,10,23.7,7,25.16,0,0,0
63,Female,82033,High School,Divorced,5,Southeast,Rural,9,533.61,59.29,30,2,0.115,0.436,0,0.386,0.187,11,6.06,1,42.6,0,1,0
40,Female,71838,High School,Married,4,Northeast,Urban,17,1320.01,77.65,24,2,0.092,0.592,1,0.181,0.072,11,3.09,7,47.59,1,0,1
48,Female,87043,Master,Divorced,3,Northeast,Suburban,20,349.85,17.49,34,1,0.181,0.518,1,0.273,0.08,6,4.89,13,18.32,0,0,1
26,Male,81426,Bachelor,Divorced,2,Southwest,Suburban,10,381.94,38.19,29,3,0.099,0.542,0,0.378,0.083,8,3.64,8,49.3,0,0,0
48,Male,93079,Bachelor,Divorced,3,Midwest,Urban,14,1231.94,88.0,47,3,0.053,0.292,0,0.406,0.084,7,6.07,10,33.83,0,0,0
39,Female,64361,High School,Divorced,6,West,Urban,8,235.69,29.46,42,3,0.116,0.469,0,0.194,0.04,8,4.88,12,44.43,0,0,1
56,Male,117704,PhD,Divorced,6,Southwest,Suburban,19,1502.39,79.07,35,4,0.126,0.341,0,0.146,0.042,14,6.26,5,8.93,0,1,1
59,Male,92586,Bachelor,Divorced,4,Southeast,Suburban,13,1356.69,104.36,50,2,0.125,0.631,0,0.348,0.061,9,13.96,8,28.0,1,1,1
80,Female,152405,PhD,Single,3,Northeast,Urban,16,1975.69,123.48,15,1,0.069,0.358,0,0.162,0.063,7,3.01,4,23.92,0,0,0
50,Female,128953,PhD,Married,5,Midwest,Urban,19,2705.12,142.37,31,5,0.249,0.683,0,0.29,0.126,16,7.57,6,24.49,0,1,0
46,Male,82424,High School,Single,1,Southwest,Rural,19,1381.68,72.72,23,4,0.065,0.586,1,0.249,0.033,16,5.74,9,27.15,1,1,0
44,Female,76419,Bachelor,Single,1,Northeast,Suburban,10,665.55,66.55,50,8,0.11,0.55,0,0.236,0.094,9,13.12,11,39.12,0,0,0
36,Female,62724,High School,Married,6,Midwest,Urban,7,430.95,61.56,75,6,0.151,0.641,0,0.279,0.084,9,3.06,14,49.62,0,0,0
47,Female,128353,PhD,Single,2,West,Suburban,23,1740.63,75.68,10,6,0.059,0.458,1,0.35,0.046,14,6.89,6,50.1,0,0,1
37,Male,60844,Bachelor,Divorced,2,Southwest,Urban,5,280.79,56.16,103,4,0.122,0.399,0,0.508,0.112,5,18.84,10,37.89,0,0,1
44,Male,56023,High School,Divorced,1,Southwest,Urban,13,426.41,32.8,24,4,0.113,0.329,1,0.203,0.092,14,6.93,11,32.13,0,0,0
61,Male,74640,High School,Single,1,West,Rural,14,1270.94,90.78,38,3,0.04,0.389,0,0.202,0.078,5,4.41,4,11.39,1,0,0
26,Male,74893,Bachelor,Single,2,Northeast,Rural,10,822.15,82.22,45,4,0.184,0.462,0,0.205,0.053,15,3.98,11,39.74,0,1,0
59,Male,131527,PhD,Divorced,2,Southeast,Urban,36,2611.94,72.55,15,5,0.091,0.4,1,0.313,0.12,18,11.74,7,27.41,1,1,1
61,Male,85937,Bachelor,Divorced,1,Northeast,Rural,16,954.68,59.67,30,2,0.117,0.379,0,0.178,0.036,16,6.04,10,0.0,0,1,0
40,Male,64970,Master,Divorced,5,Northeast,Rural,17,1195.04,70.3,34,5,0.084,0.329,0,0.33,0.057,14,4.46,14,47.33,1,0,0
18,Female,58692,Bachelor,Widowed,1,West,Suburban,13,841.99,64.77,48,1,0.166,0.406,0,0.05,0.023,9,12.09,17,24.51,1,1,0
32,Male,37425,High School,Widowed,1,Southeast,Suburban,7,194.06,27.72,53,3,0.128,0.752,0,0.159,0.037,6,5.97,10,21.79,0,0,0
61,Female,97050,PhD,Married,3,Southwest,Urban,9,718.62,79.85,39,3,0.024,0.445,0,0.252,0.047,6,6.57,7,41.07,0,0,0
41,Female,39441,High School,Married,3,Southwest,Urban,6,366.88,61.15,45,1,0.189,0.546,0,0.212,0.072,7,8.26,9,48.01,1,0,0
27,Male,97095,PhD,Married,5,Southwest,Suburban,22,1992.05,90.55,27,4,0.29,0.391,1,0.347,0.157,9,6.11,16,15.19,1,0,1
34,Female,88215,Bachelor,Married,6,Midwest,Rural,15,1617.01,107.8,44,3,0.068,0.347,0,0.255,0.103,8,4.98,9,8.93,0,0,0
54,Female,69383,High School,Divorced,3,Midwest,Suburban,13,906.01,69.69,20,1,0.093,0.54,0,0.206,0.057,9,3.78,11,30.78,1,0,0
50,Male,83770,Bachelor,Married,1,Southeast,Urban,20,941.36,47.07,20,6,0.076,0.576,1,0.273,0.097,17,5.75,8,41.71,0,1,1
38,Female,118743,PhD,Married,3,West,Urban,15,1021.21,68.08,37,2,0.021,0.489,1,0.338,0.061,9,3.15,12,26.98,0,0,0
36,Male,76233,PhD,Married,6,Northeast,Suburban,20,1864.8,93.24,25,7,0.104,0.517,0,0.397,0.121,12,18.85,12,11.31,0,1,0
36,Female,62202,High School,Married,1,Northeast,Suburban,7,653.24,93.32,78,2,0.055,0.549,0,0.348,0.152,6,5.86,13,26.18,1,0,0
28,Male,62826,Bachelor,Single,1,Midwest,Urban,15,910.73,60.72,11,3,0.187,0.69,1,0.321,0.152,12,9.8,12,22.62,1,0,0
66,Female,101890,Bachelor,Widowed,1,Southeast,Suburban,22,1949.04,88.59,29,3,0.141,0.148,1,0.418,0.164,9,9.61,2,27.91,0,0,1
37,Male,62947,Bachelor,Married,6,Southeast,Suburban,8,506.68,63.33,24,3,0.063,0.424,0,0.128,0.033,9,12.14,13,19.22,0,0,1
60,Female,91330,Master,Widowed,3,West,Urban,14,975.84,69.7,28,4,0.079,0.576,0,0.282,0.058,7,4.15,4,14.82,0,1,0
64,Male,78907,High School,Divorced,2,West,Urban,17,673.75,39.63,18,4,0.254,0.396,0,0.247,0.056,9,3.4,8,19.21,0,0,1
56,Female,140137,PhD,Divorced,2,West,Urban,16,1753.82,109.61,40,3,0.013,0.32,0,0.302,0.121,15,3.38,13,12.79,1,1,0
35,Female,81513,Bachelor,Married,3,Southeast,Rural,8,851.16,106.4,37,3,0.283,0.637,0,0.237,0.042,6,3.85,10,45.0,0,0,0
48,Male,86384,Master,Married,2,Southeast,Suburban,31,2374.49,76.6,12,1,0.238,0.472,1,0.281,0.073,11,5.04,12,11.04,0,0,1
41,Female,53285,Bachelor,Single,4,Southwest,Suburban,14,708.45,50.6,44,4,0.145,0.439,0,0.359,0.175,9,5.4,17,30.92,1,1,0
28,Male,37768,Bachelor,Single,3,West,Suburban,9,362.25,40.25,47,3,0.032,0.456,0,0.356,0.166,6,3.01,15,51.99,1,0,0
46,Female,127141,PhD,Divorced,1,Midwest,Suburban,33,3415.79,103.51,19,8,0.271,0.633,1,0.274,0.128,15,4.84,12,1.41,0,0,1
24,Female,45473,Bachelor,Married,2,West,Urban,17,1287.9,75.76,30,2,0.079,0.29,1,0.124,0.015,18,10.9,17,30.39,1,1,0
59,Female,97917,Master,Married,3,West,Suburban,15,1344.18,89.61,14,7,0.115,0.427,0,0.393,0.186,5,4.53,2,0.18,1,1,1
35,Female,118418,PhD,Married,4,Midwest,Suburban,20,1036.31,51.82,20,3,0.025,0.408,1,0.216,0.038,11,6.11,9,16.61,0,1,1
45,Male,52391,Bachelor,Married,4,Southeast,Urban,8,728.34,91.04,31,3,0.077,0.312,0,0.174,0.07,9,10.1,11,40.75,1,0,1
46,Male,99783,Bachelor,Single,3,Midwest,Urban,19,1834.58,96.56,10,8,0.081,0.516,1,0.333,0.059,14,3.72,15,21.51,0,0,1
38,Male,52195,High School,Married,5,West,Suburban,15,787.43,52.5,24,2,0.162,0.442,0,0.325,0.083,14,5.87,12,49.67,0,1,0
50,Female,48371,High School,Married,4,Southeast,Suburban,11,479.37,43.58,56,3,0.106,0.651,0,0.428,0.114,9,3.38,6,27.55,0,0,0
34,Male,64089,Bachelor,Single,2,Midwest,Urban,11,584.21,53.11,20,8,0.074,0.455,0,0.252,0.076,7,8.48,4,44.48,1,0,0
55,Female,58761,High School,Married,5,Southwest,Suburban,10,766.33,76.63,16,6,0.149,0.22,0,0.307,0.14,10,7.41,2,49.82,1,1,1
21,Female,64012,Bachelor,Single,3,Southeast,Rural,9,202.47,22.5,69,3,0.339,0.431,0,0.289,0.103,5,4.15,12,45.74,0,0,1
43,Male,65278,Bachelor,Single,1,Midwest,Urban,12,874.96,72.91,36,3,0.109,0.45,0,0.26,0.046,10,6.44,14,36.12,0,0,0
71,Female,68725,Bachelor,Married,2,Southeast,Suburban,18,1259.52,69.97,25,6,0.03,0.675,0,0.208,0.057,17,4.18,2,34.5,0,0,1
26,Male,58091,Bachelor,Single,2,West,Suburban,25,1609.43,64.38,26,5,0.058,0.309,1,0.388,0.061,9,4.55,10,60.79,1,1,0
31,Male,30051,High School,Single,1,Southwest,Urban,6,130.62,21.77,80,3,0.158,0.525,0,0.222,0.052,7,7.85,11,0.0,0,0,0
49,Female,67864,High School,Single,3,West,Suburban,17,507.46,29.85,35,4,0.125,0.449,0,0.235,0.063,7,8.68,11,30.56,0,1,0
44,Male,57993,Bachelor,Single,1,Southeast,Rural,18,1869.92,103.88,31,5,0.101,0.816,1,0.439,0.099,11,3.68,10,13.52,1,0,0
47,Male,70879,Bachelor,Single,1,Northeast,Rural,8,544.79,68.1,57,6,0.018,0.622,0,0.157,0.064,11,9.0,14,38.18,0,0,0
49,Female,82538,Bachelor,Divorced,3,West,Urban,14,1539.83,109.99,37,2,0.077,0.295,0,0.363,0.038,13,4.01,13,3.6,1,1,1
51,Male,78213,Bachelor,Married,6,Southeast,Rural,11,958.91,87.17,40,2,0.071,0.432,0,0.396,0.188,11,4.37,5,26.01,1,0,0
58,Other,105756,Master,Single,5,Northeast,Suburban,25,2128.16,85.13,14,3,0.113,0.382,1,0.148,0.046,15,10.76,7,23.53,0,0,1
48,Other,89204,Bachelor,Single,3,Northeast,Urban,25,1981.0,79.24,13,1,0.026,0.377,0,0.227,0.096,14,7.48,6,27.99,1,0,1
38,Male,53630,Bachelor,Married,2,Midwest,Urban,13,1019.48,78.42,19,3,0.055,0.855,0,0.243,0.043,9,10.48,12,0.0,0,0,0
52,Male,111234,PhD,Divorced,5,Northeast,Rural,27,2955.77,109.47,13,12,0.124,0.542,1,0.435,0.105,23,3.07,7,27.75,1,1,0
70,Female,61657,Master,Married,5,Midwest,Suburban,10,703.48,70.35,45,1,0.343,0.391,0,0.31,0.151,6,11.06,5,13.61,0,0,0
40,Male,76309,Bachelor,Single,4,Southwest,Rural,7,630.07,90.01,63,4,0.046,0.548,0,0.416,0.131,7,9.29,12,26.57,0,0,1
27,Male,57687,Bachelor,Single,5,Midwest,Urban,9,734.85,81.65,55,3,0.141,0.701,0,0.364,0.089,9,4.13,17,19.17,1,1,0
58,Female,57248,High School,Married,6,West,Suburban,23,1499.99,65.22,27,2,0.108,0.273,1,0.222,0.111,13,16.38,3,2.83,0,1,0
40,Male,77335,Bachelor,Single,1,Northeast,Urban,23,1301.61,56.59,22,4,0.03,0.285,1,0.443,0.166,9,5.73,19,3.17,0,0,0
18,Female,102590,PhD,Single,2,Midwest,Urban,22,2007.23,91.24,12,5,0.039,0.646,1,0.155,0.066,14,3.68,16,27.26,0,0,1
54,Male,76659,Bachelor,Married,5,Northeast,Rural,16,853.82,53.36,11,4,0.148,0.436,0,0.275,0.049,12,21.2,11,0.99,1,0,0
33,Male,82827,PhD,Single,1,West,Urban,12,765.67,63.81,22,1,0.113,0.486,0,0.264,0.028,4,9.44,6,47.71,1,1,0
40,Male,75075,Bachelor,Married,6,West,Suburban,10,754.88,75.49,61,1,0.204,0.534,0,0.302,0.141,11,5.03,9,23.43,1,0,0
46,Other,87365,PhD,Married,2,Southeast,Rural,16,1153.57,72.1,29,6,0.147,0.526,0,0.467,0.103,7,6.81,10,35.69,0,0,1
44,Female,65894,Bachelor,Married,4,Southeast,Rural,13,1160.35,89.26,46,4,0.07,0.811,1,0.21,0.085,13,19.52,10,18.57,0,1,0
52,Female,85536,High School,Married,2,Southeast,Suburban,32,1905.91,59.56,9,8,0.125,0.493,1,0.287,0.078,16,5.92,9,25.55,0,1,0
35,Male,69532,Bachelor,Married,2,West,Suburban,20,444.07,22.2,27,3,0.031,0.374,1,0.301,0.136,14,7.03,19,23.87,1,0,0
49,Male,51607,Bachelor,Married,4,Southwest,Suburban,9,738.04,82.0,58,5,0.121,0.534,0,0.288,0.059,10,5.2,8,55.3,1,0,0
38,Male,29045,High School,Married,5,West,Urban,20,909.46,45.47,29,4,0.219,0.716,1,0.293,0.092,12,13.93,15,0.0,1,0,0
53,Female,100431,Master,Married,3,Northeast,Urban,17,1395.99,82.12,26,2,0.262,0.201,1,0.06,0.015,13,12.42,4,33.47,1,0,1
51,Female,94335,Bachelor,Single,3,Midwest,Urban,10,613.99,61.4,56,3,0.006,0.449,0,0.29,0.109,7,16.49,6,14.82,0,0,0
27,Female,52935,Master,Single,3,Southwest,Suburban,12,225.54,18.79,53,5,0.08,0.546,0,0.307,0.097,7,4.06,9,36.83,1,1,0
58,Male,93745,Bachelor,Divorced,2,West,Urban,19,1149.42,60.5,35,9,0.09,0.347,1,0.258,0.102,8,5.54,4,39.26,1,0,0
33,Female,86955,Bachelor,Married,4,Southeast,Urban,19,1612.68,84.88,12,3,0.27,0.226,0,0.317,0.087,11,7.37,4,22.54,0,0,0
54,Male,142117,PhD,Widowed,2,Southeast,Suburban,18,1746.64,97.04,27,8,0.356,0.244,0,0.253,0.104,6,9.28,7,12.41,0,1,0
47,Other,83168,Bachelor,Divorced,2,West,Suburban,18,1168.79,64.93,12,4,0.131,0.587,0,0.223,0.068,11,15.45,11,27.68,0,0,1
69,Male,103402,Bachelor,Married,5,Northeast,Suburban,29,1383.73,47.71,22,6,0.062,0.267,1,0.22,0.032,13,4.93,4,0.0,0,0,0
38,Female,39002,Bachelor,Divorced,6,Midwest,Urban,14,1200.17,85.73,47,3,0.077,0.461,1,0.362,0.142,12,4.08,11,23.25,1,1,0
36,Male,100896,Bachelor,Married,3,Midwest,Suburban,11,871.88,79.26,38,2,0.115,0.576,0,0.218,0.059,5,6.93,8,9.5,1,1,1
41,Male,94767,PhD,Married,3,Northeast,Rural,21,2608.66,124.22,32,2,0.101,0.412,1,0.395,0.163,8,30.0,13,34.54,1,0,0
37,Female,56197,Bachelor,Divorced,5,Southeast,Urban,12,785.21,65.43,46,3,0.029,0.391,0,0.432,0.2,11,3.75,11,33.56,1,0,0
53,Male,79171,Bachelor,Married,4,Southwest,Urban,15,1509.1,100.61,35,6,0.105,0.479,0,0.275,0.127,12,3.53,9,28.84,0,1,0
18,Male,92675,Master,Single,2,Southeast,Suburban,26,1611.52,61.98,18,3,0.274,0.402,0,0.071,0.029,7,15.04,13,65.87,1,0,0
26,Female,94520,Bachelor,Married,4,Southeast,Rural,12,563.67,46.97,31,6,0.103,0.591,0,0.45,0.066,12,3.94,11,42.83,1,1,0
25,Female,62481,Bachelor,Single,2,West,Urban,14,805.15,57.51,47,5,0.072,0.611,0,0.46,0.223,15,5.6,12,35.94,1,0,1
56,Female,130371,PhD,Married,6,West,Urban,32,3404.34,106.39,8,5,0.043,0.561,1,0.31,0.096,16,6.28,6,9.41,1,0,1
67,Male,94848,Bachelor,Married,4,West,Urban,29,2633.09,90.8,20,5,0.166,0.518,1,0.422,0.197,16,10.89,2,20.78,1,0,1
40,Female,72033,Master,Divorced,2,West,Suburban,13,960.79,73.91,27,1,0.296,0.762,0,0.242,0.09,3,7.65,13,23.37,0,1,0
39,Female,93951,Bachelor,Divorced,3,West,Rural,12,1473.73,122.81,45,5,0.035,0.475,0,0.33,0.061,12,5.7,10,30.63,0,0,0
43,Male,80668,Master,Single,2,West,Suburban,13,1016.22,78.17,19,3,0.078,0.297,0,0.213,0.075,11,7.91,14,46.02,0,0,0
59,Female,140832,PhD,Widowed,1,West,Suburban,23,2166.93,94.21,16,4,0.069,0.708,0,0.366,0.091,13,7.93,7,6.77,0,1,0
28,Male,82478,Bachelor,Single,1,Southwest,Suburban,11,732.25,66.57,58,3,0.099,0.511,0,0.3,0.032,9,7.17,18,51.74,0,0,0
45,Male,70810,High School,Widowed,4,Southwest,Urban,26,1281.76,49.3,18,2,0.127,0.33,1,0.191,0.084,18,11.81,9,23.16,0,0,0
56,Male,112834,Bachelor,Married,2,Southwest,Suburban,19,1753.33,92.28,22,3,0.117,0.769,0,0.186,0.092,12,3.69,4,18.98,0,1,1
49,Male,128285,Master,Single,3,West,Urban,13,1505.06,115.77,42,3,0.023,0.589,0,0.192,0.059,8,4.49,6,35.01,0,0,0
44,Female,58171,High School,Single,4,Southwest,Urban,15,1308.98,87.27,25,3,0.111,0.691,0,0.358,0.081,15,4.45,11,41.03,1,0,0
57,Female,59068,High School,Single,1,Southwest,Urban,19,1018.35,53.6,22,3,0.111,0.571,1,0.291,0.054,8,16.46,6,12.95,0,0,0
18,Female,27035,Bachelor,Single,1,Southeast,Suburban,7,297.22,42.46,61,1,0.327,0.76,0,0.276,0.056,8,4.47,13,21.77,1,0,0
52,Female,145870,PhD,Divorced,1,West,Suburban,21,1892.17,90.1,32,2,0.106,0.282,0,0.331,0.144,11,3.76,9,27.8,0,0,1
32,Male,74604,Master,Single,2,Midwest,Suburban,11,953.35,86.67,51,5,0.233,0.334,0,0.297,0.048,4,5.11,10,50.42,1,0,0
18,Female,72025,Bachelor,Divorced,3,Northeast,Urban,10,413.21,41.32,18,4,0.117,0.309,0,0.308,0.145,14,5.61,16,38.65,1,1,0
49,Female,53681,High School,Married,2,West,Urban,15,636.01,42.4,38,3,0.207,0.539,1,0.3,0.081,9,11.83,10,54.33,0,0,0
62,Male,113273,Bachelor,Divorced,5,Southeast,Urban,15,225.0,15.0,28,5,0.084,0.607,0,0.181,0.066,10,8.26,11,25.13,1,0,0
39,Female,46298,High School,Single,2,Southeast,Urban,7,206.95,29.56,38,2,0.102,0.667,0,0.153,0.041,8,6.17,11,47.19,1,0,0
56,Other,52524,High School,Widowed,3,Southeast,Suburban,10,444.41,44.44,59,3,0.058,0.451,0,0.325,0.162,9,5.82,11,16.76,0,0,1
66,Female,120272,PhD,Divorced,3,Northeast,Urban,14,1118.89,79.92,22,2,0.069,0.451,0,0.391,0.097,9,3.21,6,14.5,1,0,0
61,Female,111423,PhD,Widowed,1,Northeast,Suburban,30,1794.42,59.81,11,8,0.102,0.982,1,0.251,0.063,17,3.54,2,9.6,0,0,1
66,Male,87344,High School,Widowed,1,Midwest,Suburban,24,1225.8,51.07,8,7,0.191,0.569,1,0.546,0.245,11,3.31,2,27.42,1,1,0
53,Male,67229,High School,Single,2,West,Urban,7,621.92,88.85,89,3,0.055,0.456,0,0.258,0.038,5,17.41,7,35.56,0,0,0
43,Male,84415,Bachelor,Single,4,Midwest,Suburban,14,792.53,56.61,41,5,0.125,0.252,0,0.535,0.091,8,12.03,10,31.13,0,0,1
18,Female,50634,Bachelor,Married,2,Midwest,Urban,13,248.71,19.13,18,3,0.066,0.886,0,0.242,0.119,9,5.85,18,63.72,1,0,0
38,Female,46023,High School,Divorced,6,West,Suburban,17,546.63,32.15,25,5,0.065,0.722,1,0.406,0.056,15,3.48,17,62.89,1,0,0
29,Other,55046,Bachelor,Single,2,Southeast,Rural,11,406.25,36.93,30,5,0.181,0.448,0,0.225,0.026,14,25.65,14,39.14,1,0,1
74,Male,115474,High School,Married,4,Southwest,Suburban,19,1640.27,86.33,10,2,0.285,0.368,0,0.18,0.073,9,4.16,6,37.06,1,0,0
39,Male,90177,Master,Married,6,Southeast,Urban,16,1316.49,82.28,40,4,0.08,0.612,0,0.316,0.091,14,7.47,14,27.26,1,0,1
43,Female,60243,Master,Married,3,Southwest,Rural,15,495.75,33.05,40,7,0.032,0.369,0,0.357,0.111,6,3.69,6,20.76,1,0,0
50,Female,72796,Bachelor,Married,4,Southeast,Suburban,26,1882.51,72.4,26,7,0.077,0.654,1,0.284,0.087,24,10.49,6,34.04,0,1,0
42,Male,75652,Bachelor,Married,2,West,Suburban,14,1341.49,95.82,21,8,0.127,0.327,0,0.162,0.073,12,5.25,13,21.31,1,0,1
67,Female,151880,PhD,Married,4,Northeast,Suburban,22,2777.73,126.26,24,2,0.096,0.483,0,0.307,0.077,10,11.36,7,46.71,0,1,0
32,Female,111630,PhD,Married,4,Midwest,Urban,41,3993.38,97.4,5,9,0.094,0.382,1,0.498,0.21,10,5.96,9,49.63,1,0,0
44,Female,46974,High School,Widowed,2,Southeast,Suburban,13,801.34,61.64,29,3,0.139,0.58,0,0.299,0.098,7,4.08,9,18.31,1,0,1
30,Female,100875,Bachelor,Divorced,4,Midwest,Suburban,13,963.3,74.1,46,5,0.104,0.321,0,0.3,0.048,8,3.74,13,50.69,1,0,1
22,Male,57732,Bachelor,Married,4,Midwest,Rural,11,959.68,87.24,15,2,0.106,0.368,0,0.088,0.034,12,3.43,7,62.38,1,0,0
32,Other,69894,High School,Divorced,4,Southeast,Urban,15,1102.98,73.53,27,4,0.103,0.532,0,0.419,0.058,9,4.0,13,22.68,0,1,0
41,Female,56074,Bachelor,Married,4,Southeast,Suburban,15,629.24,41.95,26,5,0.056,0.461,0,0.331,0.066,8,8.33,8,5.12,1,0,0
35,Male,32627,Bachelor,Divorced,2,Southeast,Rural,7,303.09,43.3,70,4,0.315,0.452,0,0.385,0.124,5,3.34,15,68.83,1,1,0
31,Male,44273,Bachelor,Divorced,2,West,Urban,7,270.36,38.62,39,3,0.17,0.405,0,0.235,0.066,10,3.87,8,40.35,1,0,0
20,Female,20000,Bachelor,Married,3,Southeast,Rural,5,186.11,37.22,46,2,0.159,0.514,0,0.273,0.084,5,3.67,17,35.8,1,0,0
40,Male,104281,Bachelor,Married,5,West,Urban,17,1809.65,106.45,29,2,0.142,0.442,0,0.25,0.075,9,4.44,14,38.23,0,1,1
19,Male,89017,PhD,Single,1,Midwest,Urban,21,1490.64,70.98,24,3,0.058,0.648,0,0.05,0.016,9,6.34,15,38.76,1,0,0
53,Female,54130,High School,Single,2,Northeast,Urban,12,494.08,41.17,45,3,0.064,0.32,0,0.284,0.062,13,3.48,6,40.78,0,1,0
43,Male,81789,Bachelor,Single,2,Northeast,Suburban,11,1008.79,91.71,26,1,0.116,0.396,0,0.296,0.078,11,4.96,5,26.33,0,0,0
20,Female,44440,High School,Divorced,3,West,Urban,10,777.51,77.75,17,4,0.195,0.433,0,0.333,0.132,6,9.65,13,47.1,1,0,0
37,Male,64514,High School,Married,4,Midwest,Suburban,20,931.0,46.55,31,2,0.043,0.702,1,0.15,0.067,10,3.15,15,28.74,0,0,0
30,Female,82742,Bachelor,Divorced,3,Southeast,Urban,20,2019.4,100.97,14,1,0.101,0.183,0,0.249,0.028,13,4.68,10,33.57,0,0,0
46,Male,58051,High School,Married,6,Southwest,Urban,16,1252.41,78.28,24,6,0.085,0.334,0,0.242,0.062,16,3.32,8,40.59,0,1,0
62,Male,62002,High School,Divorced,6,West,Suburban,11,549.59,49.96,36,3,0.108,0.757,0,0.05,0.013,5,8.04,3,15.33,1,0,0
18,Male,67416,Bachelor,Single,1,Southeast,Urban,10,880.86,88.09,25,4,0.086,0.582,0,0.215,0.068,11,17.21,20,0.0,1,0,0
43,Female,87034,Bachelor,Single,2,Midwest,Urban,29,1417.49,48.88,15,6,0.102,0.455,1,0.39,0.039,11,3.24,11,50.64,0,0,0
39,Female,88311,Master,Married,3,Southeast,Suburban,14,903.3,64.52,45,1,0.179,0.258,0,0.217,0.048,3,6.23,15,47.7,0,1,1
52,Male,99863,High School,Married,1,Northeast,Suburban,25,1450.82,58.03,12,5,0.232,0.579,0,0.304,0.106,14,3.71,11,20.14,1,0,0
45,Female,70032,Bachelor,Single,3,Southeast,Urban,12,545.8,45.48,35,4,0.1,0.407,0,0.332,0.064,6,13.36,5,38.35,0,0,0
30,Female,51102,Bachelor,Married,3,Southwest,Suburban,26,1886.89,72.57,13,1,0.295,0.538,1,0.286,0.035,13,3.03,9,33.4,0,1,0
37,Other,76471,Bachelor,Married,3,Midwest,Urban,14,951.2,67.94,47,5,0.042,0.778,0,0.231,0.045,8,4.89,12,20.27,1,0,0
30,Male,54475,Bachelor,Divorced,4,Southeast,Suburban,11,385.18,35.02,25,1,0.176,0.442,0,0.308,0.135,8,8.14,10,42.33,1,1,0
58,Female,94432,Bachelor,Single,1,Southeast,Rural,22,1439.33,65.42,10,4,0.14,0.325,1,0.273,0.057,10,7.35,8,33.29,1,1,0
42,Male,91704,PhD,Married,4,Midwest,Rural,14,875.83,62.56,17,5,0.244,0.411,0,0.191,0.054,9,5.28,11,41.14,0,0,1
70,Male,120596,PhD,Married,2,Southeast,Urban,26,2478.19,95.32,14,1,0.076,0.402,1,0.289,0.042,18,5.89,4,33.64,1,0,1
41,Other,86762,High School,Married,6,Midwest,Suburban,12,1426.12,118.84,37,2,0.042,0.684,0,0.385,0.151,8,3.64,8,20.25,0,0,1
31,Female,74316,Master,Married,2,Northeast,Suburban,20,1425.46,71.27,26,7,0.132,0.526,0,0.2,0.054,17,3.69,8,45.51,1,0,0
19,Male,28817,High School,Single,1,West,Rural,3,149.54,49.85,122,6,0.115,0.839,0,0.308,0.054,11,9.07,25,18.6,0,0,0
18,Male,102560,PhD,Married,5,Northeast,Rural,9,1008.93,112.1,67,4,0.171,0.566,0,0.453,0.221,5,5.38,8,51.8,0,0,0
18,Female,39234,Bachelor,Single,3,Southwest,Suburban,10,387.6,38.76,34,2,0.206,0.585,0,0.358,0.156,11,5.07,11,57.2,1,0,1
46,Female,67005,Bachelor,Single,2,Midwest,Rural,14,1262.24,90.16,38,1,0.058,0.529,0,0.357,0.089,5,3.49,10,50.31,0,1,0
49,Male,73448,High School,Married,4,West,Rural,22,1281.15,58.23,14,3,0.204,0.571,1,0.333,0.05,20,8.56,8,43.2,0,0,0
18,Female,54076,High School,Single,2,West,Suburban,10,498.34,49.83,50,2,0.077,0.431,0,0.182,0.063,15,6.0,12,49.57,1,1,0
55,Male,117907,Master,Married,1,Southeast,Suburban,19,1564.83,82.36,34,2,0.046,0.464,1,0.221,0.091,17,6.91,7,9.39,0,1,0
34,Male,86591,PhD,Married,2,Southwest,Suburban,7,498.09,71.16,89,4,0.104,0.617,0,0.322,0.145,4,4.45,12,60.8,1,0,0
44,Female,84740,Bachelor,Single,6,Southeast,Suburban,11,757.58,68.87,48,2,0.205,0.421,0,0.302,0.081,10,3.81,7,38.69,0,0,0
66,Male,101408,Master,Married,6,Northeast,Suburban,12,1054.43,87.87,53,3,0.214,0.664,0,0.437,0.081,11,7.17,7,10.14,1,0,1
55,Male,90515,Master,Married,1,West,Suburban,19,1268.66,66.77,27,2,0.234,0.365,1,0.162,0.03,11,6.12,7,0.0,1,0,1
37,Female,88248,Bachelor,Divorced,3,Northeast,Urban,13,989.73,76.13,50,5,0.094,0.453,0,0.189,0.02,9,3.18,6,16.78,0,0,1
28,Female,39756,High School,Single,1,Southeast,Rural,16,282.32,17.64,39,1,0.144,0.402,1,0.125,0.052,12,3.21,11,31.04,0,1,1
18,Male,44173,High School,Single,1,Northeast,Rural,5,338.67,67.73,40,3,0.143,0.534,0,0.398,0.121,10,17.15,18,18.76,1,0,1
31,Female,67733,Bachelor,Divorced,6,Midwest,Urban,12,1038.08,86.51,34,2,0.068,0.446,0,0.106,0.05,8,4.56,10,11.76,1,0,0
38,Female,39938,High School,Married,2,West,Suburban,21,1142.41,54.4,16,8,0.097,0.513,1,0.263,0.044,14,14.52,9,26.97,1,0,0
27,Male,61691,High School,Married,3,Southeast,Suburban,11,833.83,75.8,16,1,0.095,0.471,0,0.207,0.047,13,6.39,13,39.4,1,1,0
40,Female,66004,High School,Divorced,1,Midwest,Suburban,13,601.29,46.25,31,2,0.049,0.26,0,0.052,0.023,6,3.82,17,18.46,1,1,0
43,Male,30205,High School,Single,1,Southeast,Suburban,6,452.72,75.45,37,3,0.036,0.353,0,0.156,0.054,5,5.29,13,49.15,0,0,0
38,Male,105161,PhD,Married,6,Southeast,Suburban,22,1900.46,86.38,8,1,0.094,0.389,1,0.252,0.061,20,8.5,11,11.89,1,0,1
32,Female,39605,High School,Widowed,2,Midwest,Suburban,13,230.1,17.7,30,3,0.026,0.702,1,0.256,0.053,13,14.9,13,42.0,1,0,0
44,Other,92256,Bachelor,Widowed,3,Midwest,Rural,14,1406.1,100.44,20,1,0.25,0.73,1,0.365,0.122,9,16.61,11,22.08,1,0,0
48,Male,57319,Bachelor,Single,2,Southeast,Suburban,10,730.14,73.01,63,1,0.083,0.517,0,0.285,0.072,7,4.26,9,2.46,0,0,0
25,Male,55252,Bachelor,Single,1,West,Suburban,14,1330.82,95.06,41,1,0.047,0.514,0,0.204,0.042,10,3.89,9,48.15,1,1,0
63,Female,81430,High School,Married,5,Northeast,Suburban,12,1247.91,103.99,54,2,0.104,0.614,0,0.343,0.086,3,6.65,8,15.16,1,1,0
40,Male,73415,Bachelor,Married,5,Northeast,Rural,9,841.89,93.54,66,2,0.032,0.47,0,0.444,0.17,6,3.35,11,44.83,1,1,0
42,Male,70644,High School,Married,6,West,Urban,8,598.41,74.8,64,2,0.119,0.728,0,0.16,0.043,13,7.64,12,41.13,0,0,0
52,Male,59423,Bachelor,Married,3,Southwest,Suburban,19,1405.47,73.97,25,5,0.218,0.63,0,0.254,0.074,5,6.57,9,32.13,0,0,0
45,Female,86378,High School,Divorced,3,West,Rural,17,877.48,51.62,12,6,0.091,0.397,0,0.448,0.164,11,4.45,11,10.02,0,0,1
56,Male,93277,Bachelor,Married,3,Midwest,Suburban,25,1777.46,71.1,12,4,0.085,0.301,1,0.221,0.065,17,3.95,13,5.94,1,0,0
46,Male,97795,Bachelor,Divorced,2,Southeast,Rural,24,3325.97,138.58,22,5,0.163,0.176,0,0.251,0.121,7,26.08,7,16.59,1,1,1
32,Female,79313,Bachelor,Single,2,Midwest,Urban,18,631.86,35.1,21,1,0.139,0.387,1,0.562,0.072,13,5.06,14,38.81,1,0,0
47,Female,78025,Bachelor,Single,2,Northeast,Rural,18,1353.91,75.22,18,6,0.032,0.316,0,0.334,0.123,6,7.04,17,21.31,1,0,1
24,Female,40537,Bachelor,Single,2,Southwest,Suburban,12,593.76,49.48,18,2,0.104,0.272,0,0.251,0.112,1,8.3,22,17.84,1,0,0
43,Male,81546,Master,Single,3,Midwest,Rural,10,878.4,87.84,20,6,0.23,0.288,1,0.418,0.087,7,12.93,9,27.61,1,0,0
41,Female,82243,High School,Married,3,West,Suburban,13,976.22,75.09,21,3,0.052,0.284,0,0.376,0.1,8,8.0,4,26.81,1,0,0
38,Male,106781,Master,Divorced,3,Southwest,Urban,25,2692.05,107.68,24,5,0.155,0.312,1,0.567,0.144,9,11.64,11,21.49,0,0,0
40,Male,78306,Master,Single,3,Northeast,Suburban,15,1041.84,69.46,34,3,0.026,0.602,0,0.412,0.191,14,4.51,9,30.65,0,0,0
18,Female,20000,Bachelor,Married,3,Midwest,Suburban,10,554.85,55.49,33,3,0.045,0.874,1,0.149,0.034,10,3.29,14,24.51,0,1,0
33,Male,63809,Bachelor,Married,2,Northeast,Suburban,13,899.84,69.22,15,3,0.245,0.748,0,0.204,0.065,10,5.42,18,54.96,0,0,0
43,Male,70684,Bachelor,Single,2,Southwest,Suburban,13,773.63,59.51,20,4,0.008,0.508,0,0.356,0.059,9,9.81,13,31.96,1,0,1
44,Male,57053,High School,Married,5,Midwest,Suburban,21,1046.76,49.85,19,6,0.033,0.405,1,0.406,0.048,14,6.19,11,0.0,0,0,0
26,Male,54328,High School,Married,5,Southeast,Urban,6,496.33,82.72,38,3,0.176,0.387,0,0.388,0.142,5,6.78,14,17.3,1,0,0
60,Male,86743,High School,Married,2,West,Suburban,15,1288.06,85.87,37,4,0.238,0.431,0,0.348,0.111,13,5.97,9,5.91,1,0,1
29,Other,78654,Bachelor,Single,1,West,Urban,15,1338.77,89.25,38,3,0.333,0.601,0,0.272,0.037,10,3.11,10,24.58,1,1,0
56,Male,92085,Bachelor,Widowed,3,West,Urban,30,3034.15,101.14,8,2,0.06,0.128,1,0.364,0.176,16,4.7,6,12.45,0,0,0
48,Male,66988,Master,Married,4,Southeast,Suburban,8,425.11,53.14,64,3,0.066,0.295,0,0.508,0.138,8,7.07,11,37.37,0,1,0
32,Male,61082,Bachelor,Single,4,Southwest,Suburban,10,551.24,55.12,42,4,0.104,0.292,0,0.313,0.091,4,4.67,12,52.9,1,1,0
68,Female,159561,PhD,Divorced,4,West,Rural,20,2059.29,102.96,33,3,0.076,0.141,0,0.307,0.089,11,20.06,8,16.91,0,0,1
24,Female,95413,PhD,Single,1,Midwest,Suburban,34,3343.19,98.33,17,4,0.092,0.555,1,0.285,0.087,15,3.57,14,24.68,1,0,0
55,Male,120117,PhD,Divorced,3,Southeast,Rural,17,1561.89,91.88,27,1,0.037,0.311,0,0.255,0.075,12,8.26,10,1.08,1,1,1
57,Female,106592,Master,Married,3,West,Urban,29,2521.88,86.96,17,8,0.047,0.238,1,0.327,0.142,10,11.53,7,39.27,1,0,1
31,Male,71630,Bachelor,Single,2,West,Rural,18,804.96,44.72,14,4,0.094,0.684,0,0.382,0.11,16,7.22,9,25.7,1,0,1
62,Male,39453,High School,Married,6,Southwest,Rural,9,595.87,66.21,67,4,0.025,0.653,0,0.225,0.073,15,4.33,4,16.48,0,0,0
38,Male,67407,Bachelor,Married,2,Southeast,Suburban,10,808.46,80.85,44,3,0.068,0.713,0,0.239,0.053,11,3.25,9,72.79,0,0,0
46,Male,76831,Bachelor,Married,6,Southeast,Urban,15,1194.54,79.64,31,4,0.068,0.322,0,0.363,0.115,5,9.15,10,9.7,0,1,1
45,Male,110822,Master,Divorced,3,Midwest,Suburban,23,2039.35,88.67,20,4,0.139,0.39,1,0.275,0.094,12,3.68,4,8.36,1,0,1
39,Female,102515,PhD,Divorced,4,Midwest,Urban,14,1429.71,102.12,22,2,0.252,0.408,0,0.542,0.214,10,7.53,13,24.02,1,0,0
54,Male,59102,Bachelor,Married,5,Southwest,Suburban,12,702.85,58.57,48,3,0.169,0.533,0,0.354,0.155,8,5.72,4,16.74,0,0,0
53,Female,89451,Bachelor,Married,6,Northeast,Urban,18,1856.11,103.12,34,2,0.112,0.873,1,0.316,0.113,5,11.15,11,29.19,1,0,0
18,Male,42942,Bachelor,Single,2,Northeast,Suburban,9,591.92,65.77,34,3,0.029,0.412,0,0.404,0.063,5,5.38,15,55.67,1,1,0
61,Male,56148,High School,Married,4,Southeast,Urban,12,393.95,32.83,32,2,0.088,0.719,0,0.204,0.028,6,4.84,12,39.76,0,0,0
18,Male,42487,Bachelor,Divorced,6,Southeast,Urban,15,728.59,48.57,17,5,0.068,0.516,1,0.439,0.148,10,5.25,9,54.1,0,0,0
57,Female,94337,Bachelor,Married,3,Midwest,Urban,22,1840.68,83.67,13,4,0.154,0.559,1,0.5,0.102,10,4.03,3,15.81,0,0,1
58,Male,120881,Master,Married,3,Southeast,Urban,17,1300.63,76.51,20,5,0.057,0.587,1,0.294,0.122,12,27.94,3,2.17,1,0,0
25,Female,67843,Bachelor,Single,1,Southwest,Suburban,13,1111.67,85.51,48,5,0.129,0.741,0,0.286,0.135,12,7.21,20,49.19,1,0,0
35,Male,108080,PhD,Married,4,Southwest,Urban,15,667.78,44.52,32,2,0.121,0.597,0,0.229,0.062,7,3.15,13,33.9,0,0,1
25,Male,67695,Bachelor,Single,2,Southeast,Suburban,10,799.23,79.92,45,5,0.038,0.439,0,0.05,0.017,4,4.64,10,62.9,1,0,0
38,Male,87519,Master,Married,2,West,Suburban,17,1488.63,87.57,38,2,0.219,0.529,0,0.367,0.138,14,4.66,9,0.0,1,0,1
37,Male,65653,High School,Single,2,West,Urban,13,300.0,23.08,43,2,0.082,0.451,0,0.05,0.02,7,4.41,17,0.0,1,0,0
53,Male,61718,Master,Single,1,Midwest,Urban,11,692.22,62.93,15,3,0.073,0.549,0,0.309,0.091,9,6.25,14,19.13,0,0,1
61,Male,91066,Bachelor,Married,4,West,Suburban,17,1136.17,66.83,13,1,0.035,0.564,1,0.27,0.033,11,5.04,4,32.27,0,0,1
62,Female,59526,High School,Married,3,Southeast,Rural,18,1586.04,88.11,16,2,0.185,0.308,1,0.339,0.059,6,12.91,5,32.01,0,0,1
33,Male,84443,Bachelor,Single,3,Midwest,Suburban,13,721.13,55.47,24,2,0.053,0.323,0,0.088,0.011,11,4.32,9,12.7,0,0,0
38,Female,98792,PhD,Divorced,1,Northeast,Suburban,6,572.28,95.38,91,3,0.015,0.54,0,0.549,0.168,5,9.6,8,46.33,1,0,0
18,Male,40464,High School,Single,1,Midwest,Suburban,6,421.19,70.2,86,4,0.09,0.368,0,0.321,0.107,6,8.69,16,59.71,1,0,0
29,Female,41223,Bachelor,Married,3,Midwest,Rural,12,513.12,42.76,20,4,0.195,0.504,0,0.238,0.026,8,11.78,20,41.44,0,0,1
56,Female,100652,Bachelor,Married,4,Midwest,Rural,26,2763.3,106.28,17,6,0.13,0.356,1,0.307,0.067,13,5.0,7,20.97,0,1,0
66,Male,102809,Bachelor,Single,1,Northeast,Suburban,15,1096.41,73.09,15,6,0.139,0.219,0,0.346,0.162,8,3.54,2,0.0,1,0,1
23,Male,82354,Master,Single,2,Northeast,Urban,25,2445.7,97.83,10,8,0.076,0.554,1,0.05,0.006,12,10.91,7,44.82,1,0,0
33,Female,54804,Bachelor,Single,1,Southeast,Suburban,7,766.42,109.49,39,2,0.025,0.379,0,0.258,0.076,9,4.94,6,53.59,0,0,0
41,Female,61795,Bachelor,Divorced,1,Southeast,Urban,7,556.52,79.5,84,1,0.068,0.626,0,0.239,0.088,9,4.8,7,51.04,1,1,1
46,Male,110753,PhD,Single,3,Southwest,Suburban,24,2342.88,97.62,15,5,0.171,0.571,1,0.195,0.042,11,3.41,4,60.06,0,0,1
29,Male,68382,Master,Single,2,Southwest,Suburban,10,547.29,54.73,62,5,0.14,0.546,0,0.233,0.107,6,9.98,10,40.9,1,0,0
48,Female,100523,Master,Divorced,4,Southeast,Suburban,15,1761.04,117.4,37,3,0.066,0.467,0,0.28,0.044,11,9.11,6,28.82,0,1,1
34,Male,35386,Bachelor,Married,6,Northeast,Suburban,16,1047.32,65.46,34,1,0.171,0.343,1,0.314,0.119,12,3.1,13,20.67,1,0,1
41,Female,51086,High School,Single,2,Southeast,Urban,9,417.01,46.33,62,3,0.025,0.587,0,0.364,0.097,6,8.33,9,16.74,0,0,0
50,Male,107551,Bachelor,Married,3,Southwest,Rural,16,1820.12,113.76,13,3,0.037,0.382,0,0.314,0.063,13,3.91,8,30.31,1,0,0
42,Male,95792,Master,Married,4,West,Urban,10,800.94,80.09,57,1,0.177,0.335,0,0.205,0.057,12,10.12,10,23.8,0,1,0
35,Female,56101,High School,Single,3,Southeast,Urban,8,572.7,71.59,35,5,0.035,0.744,0,0.275,0.088,4,3.11,14,31.86,0,0,0
40,Female,102378,Bachelor,Married,5,West,Suburban,11,802.79,72.98,60,2,0.039,0.773,0,0.124,0.024,11,4.45,10,8.68,1,1,0
40,Male,22560,High School,Divorced,5,West,Rural,6,135.05,22.51,92,1,0.035,0.495,0,0.267,0.125,6,3.45,11,33.14,1,0,0
36,Male,57170,Bachelor,Divorced,3,Northeast,Suburban,26,1062.18,40.85,26,7,0.018,0.228,1,0.196,0.028,11,7.56,13,46.45,1,0,0
38,Female,79982,Master,Single,2,West,Suburban,8,498.91,62.36,77,2,0.113,0.48,0,0.436,0.141,4,7.71,6,23.31,1,1,0
65,Female,90475,High School,Married,3,Midwest,Suburban,13,1111.51,85.5,27,5,0.095,0.299,0,0.305,0.089,5,8.58,5,23.34,0,0,0
50,Male,93734,Bachelor,Married,3,West,Urban,17,1205.39,70.91,38,1,0.207,0.69,0,0.377,0.168,13,6.1,8,18.92,0,0,0
37,Female,87209,PhD,Married,5,Midwest,Suburban,13,751.12,57.78,25,5,0.159,0.393,0,0.263,0.074,10,5.62,12,30.09,1,0,1
52,Female,82169,High School,Married,3,Southeast,Suburban,20,1041.25,52.06,25,5,0.198,0.265,1,0.364,0.123,10,17.39,12,13.11,0,0,1
36,Female,63350,Bachelor,Divorced,2,West,Rural,26,2262.12,87.0,23,5,0.181,0.309,1,0.341,0.16,6,6.16,11,28.84,0,0,1
59,Female,135974,PhD,Divorced,2,Southeast,Urban,26,2483.96,95.54,14,5,0.085,0.61,1,0.325,0.039,19,10.51,7,19.38,1,0,0
47,Male,92710,PhD,Single,2,West,Urban,11,409.22,37.2,24,1,0.172,0.597,0,0.356,0.11,14,4.65,9,40.97,0,0,0
40,Female,55750,High School,Married,6,Northeast,Suburban,13,750.36,57.72,48,2,0.039,0.342,0,0.442,0.207,5,6.2,8,14.26,0,1,0
48,Female,56647,High School,Single,3,Southwest,Suburban,10,500.16,50.02,21,1,0.139,0.322,0,0.342,0.048,7,3.49,8,19.32,0,0,1
18,Male,55840,High School,Single,2,Southeast,Suburban,13,806.12,62.01,27,2,0.128,0.461,0,0.179,0.081,9,5.88,13,59.41,1,0,0
25,Male,67758,Master,Single,4,West,Urban,14,735.48,52.53,31,3,0.11,0.375,0,0.269,0.029,11,17.15,14,31.7,1,0,0
24,Male,74163,Master,Single,2,Southeast,Urban,22,2042.02,92.82,27,6,0.099,0.212,1,0.397,0.17,11,4.51,19,25.51,0,0,0
44,Female,83402,Bachelor,Married,5,Southeast,Rural,14,960.86,68.63,43,4,0.034,0.134,0,0.322,0.144,11,3.02,6,20.68,1,0,0
67,Male,102378,Bachelor,Married,4,Southwest,Suburban,20,1539.62,76.98,22,4,0.064,0.38,0,0.199,0.021,9,11.23,13,31.89,0,0,0
75,Female,98904,High School,Married,2,West,Suburban,20,1462.62,73.13,23,1,0.265,0.303,1,0.194,0.037,7,5.49,8,20.62,1,0,1
51,Female,84566,Bachelor,Widowed,2,Southeast,Suburban,17,1389.87,81.76,36,1,0.103,0.527,1,0.242,0.065,11,3.28,5,71.75,0,0,0
49,Female,73526,Bachelor,Married,4,Southeast,Suburban,12,895.94,74.66,33,5,0.094,0.395,0,0.388,0.109,7,7.24,4,11.54,1,0,1
18,Female,64754,Master,Single,2,Midwest,Suburban,15,818.4,54.56,30,2,0.037,0.712,0,0.181,0.064,19,9.13,11,43.26,1,1,0
33,Other,67385,Bachelor,Single,1,Southeast,Suburban,15,962.54,64.17,12,7,0.026,0.857,1,0.378,0.049,9,5.92,8,40.19,0,1,0
30,Male,68343,Bachelor,Married,1,West,Urban,10,591.11,59.11,63,1,0.175,0.355,0,0.337,0.036,15,3.54,14,36.4,1,0,0
32,Female,63992,Bachelor,Widowed,3,Northeast,Suburban,16,1263.84,78.99,28,2,0.236,0.576,1,0.545,0.097,13,14.58,17,38.52,0,0,0
39,Male,57088,High School,Married,6,Southwest,Urban,14,458.76,32.77,38,2,0.039,0.34,0,0.409,0.17,10,4.27,8,63.39,1,0,0
34,Female,45041,Bachelor,Divorced,4,Midwest,Suburban,10,457.08,45.71,28,1,0.052,0.452,0,0.187,0.043,8,7.71,17,27.26,1,0,0
18,Male,50010,High School,Single,3,Southeast,Suburban,9,459.85,51.09,54,4,0.28,0.583,0,0.471,0.182,8,8.55,15,39.32,1,1,0
53,Other,85716,Bachelor,Married,4,Midwest,Urban,20,2015.03,100.75,20,2,0.031,0.493,0,0.361,0.094,13,5.48,7,20.01,0,1,0
25,Female,60628,High School,Single,2,West,Suburban,23,1927.88,83.82,10,6,0.059,0.549,1,0.25,0.092,7,10.31,10,24.73,1,0,0
45,Female,61602,High School,Married,3,Midwest,Urban,18,1235.59,68.64,33,1,0.038,0.398,1,0.384,0.04,11,5.84,9,0.0,0,0,0
73,Male,87924,Master,Married,2,Northeast,Rural,32,1730.36,54.07,19,9,0.117,0.713,1,0.418,0.05,14,4.01,3,0.0,0,1,1
28,Male,57623,Bachelor,Married,4,Northeast,Urban,7,419.69,59.96,27,3,0.062,0.298,0,0.32,0.126,6,7.86,13,55.56,0,1,0
18,Female,67001,Master,Single,1,West,Rural,19,1920.78,101.09,19,3,0.078,0.432,1,0.119,0.057,10,5.87,12,23.02,1,0,1
37,Male,96343,Master,Married,3,Southeast,Suburban,20,1503.95,75.2,16,5,0.196,0.308,1,0.492,0.075,7,8.31,11,33.48,1,0,1
58,Female,55945,Bachelor,Married,4,West,Urban,18,1089.81,60.54,24,6,0.053,0.538,1,0.156,0.038,12,5.72,7,21.08,1,1,1
71,Male,128017,PhD,Married,4,Midwest,Urban,17,1661.52,97.74,25,8,0.047,0.352,0,0.361,0.151,12,11.52,5,18.24,0,1,1
23,Female,51705,High School,Single,2,Midwest,Urban,16,621.71,38.86,31,2,0.258,0.392,0,0.35,0.052,10,24.06,15,28.04,1,0,1
49,Male,84877,Master,Married,3,Midwest,Urban,15,843.88,56.26,19,4,0.095,0.833,0,0.409,0.091,12,7.18,6,65.08,0,0,0
35,Female,99719,PhD,Married,6,Midwest,Urban,25,1591.49,63.66,11,5,0.118,0.418,0,0.186,0.037,16,9.33,7,41.63,0,0,0
40,Female,78194,Master,Married,3,West,Urban,18,1136.37,63.13,30,4,0.149,0.677,0,0.401,0.121,11,3.2,6,26.04,0,0,0
80,Male,78656,High School,Divorced,4,Midwest,Urban,23,1797.96,78.17,29,3,0.176,0.662,1,0.292,0.047,12,3.7,2,19.48,1,0,0
19,Male,49673,Bachelor,Married,5,Northeast,Suburban,5,291.18,58.24,116,1,0.125,0.466,0,0.155,0.047,4,3.39,10,17.55,1,1,0
45,Male,50939,High School,Married,5,Midwest,Suburban,12,787.4,65.62,47,2,0.264,0.53,0,0.278,0.101,10,6.48,9,32.4,1,0,0
49,Female,90054,Bachelor,Widowed,2,Midwest,Suburban,14,1655.29,118.24,14,4,0.156,0.462,0,0.413,0.122,11,4.18,14,45.23,0,0,0
58,Female,90975,Master,Divorced,2,Southwest,Urban,11,1401.23,127.38,26,2,0.014,0.349,0,0.371,0.054,8,4.99,8,15.26,1,1,1
43,Female,61456,Bachelor,Married,3,West,Rural,21,1314.7,62.6,25,3,0.044,0.58,1,0.255,0.029,5,5.39,3,40.57,0,0,0
46,Female,103918,Bachelor,Single,4,Midwest,Suburban,20,2008.46,100.42,16,3,0.061,0.313,1,0.371,0.183,14,5.89,10,28.96,1,0,1
36,Male,83811,Bachelor,Married,1,Southeast,Suburban,18,1531.58,85.09,20,2,0.116,0.333,0,0.33,0.126,13,11.82,10,62.59,1,0,1
46,Male,49477,Bachelor,Married,3,Midwest,Urban,11,839.05,76.28,58,3,0.053,0.51,0,0.347,0.156,9,4.68,15,9.98,0,0,0
36,Male,72928,Master,Divorced,1,West,Suburban,10,872.98,87.3,20,5,0.065,0.506,0,0.26,0.026,13,3.98,15,59.45,0,0,1
51,Male,100036,Master,Divorced,4,West,Suburban,19,1319.62,69.45,32,2,0.324,0.314,0,0.261,0.11,14,3.56,6,21.03,0,1,0
36,Other,59256,High School,Divorced,2,West,Rural,17,1687.33,99.25,11,4,0.043,0.348,0,0.284,0.134,6,4.19,11,33.61,1,0,0
47,Female,55842,Bachelor,Married,6,Southeast,Rural,14,1239.6,88.54,24,3,0.184,0.568,0,0.134,0.025,14,7.31,6,42.12,0,1,1
41,Male,75778,High School,Married,4,Midwest,Suburban,29,2529.4,87.22,16,6,0.059,0.798,1,0.246,0.053,17,11.35,5,30.93,0,1,0
58,Female,99378,Bachelor,Married,2,Southeast,Suburban,27,2521.86,93.4,13,6,0.08,0.676,1,0.221,0.075,10,3.79,5,32.96,0,1,1
41,Female,110628,PhD,Single,3,Southeast,Suburban,19,1772.36,93.28,35,7,0.272,0.377,0,0.24,0.04,13,14.98,9,16.96,0,0,1
18,Male,90350,Master,Single,2,Northeast,Urban,21,1664.87,79.28,20,4,0.198,0.453,1,0.204,0.023,12,3.33,4,36.42,0,1,1
60,Male,95384,Bachelor,Single,6,Northeast,Suburban,12,1121.34,93.45,44,2,0.061,0.342,0,0.432,0.177,9,4.84,5,38.0,0,1,0
28,Male,69728,Bachelor,Single,2,Southeast,Urban,10,699.39,69.94,51,1,0.204,0.775,0,0.138,0.059,12,5.44,12,54.38,1,0,0
32,Female,89565,Bachelor,Married,4,Southeast,Suburban,9,741.08,82.34,63,2,0.161,0.484,0,0.117,0.04,6,3.24,14,31.74,0,1,0
33,Other,83518,Bachelor,Divorced,2,Southeast,Urban,17,1227.93,72.23,36,4,0.112,0.527,1,0.13,0.037,15,12.38,14,6.84,0,1,1
62,Female,62577,High School,Single,3,Southeast,Urban,15,879.28,58.62,27,1,0.205,0.44,1,0.224,0.074,8,4.45,7,18.43,1,1,0
18,Male,64497,Bachelor,Married,3,Southwest,Suburban,10,1005.63,100.56,59,4,0.075,0.261,0,0.24,0.062,7,6.98,21,45.27,1,0,0
80,Male,79635,High School,Widowed,2,Southeast,Urban,20,1480.61,74.03,25,4,0.096,0.457,0,0.284,0.058,12,3.72,0,28.35,0,0,1
57,Female,93762,Bachelor,Widowed,1,Southwest,Suburban,25,1779.69,71.19,21,3,0.034,0.287,1,0.09,0.012,16,11.89,10,35.86,0,1,1
45,Female,68749,High School,Married,2,Southeast,Suburban,12,842.3,70.19,21,2,0.229,0.581,0,0.289,0.061,7,10.62,8,45.11,0,0,1
41,Female,82647,PhD,Married,5,West,Rural,17,844.36,49.67,17,2,0.169,0.4,1,0.203,0.065,5,3.62,7,22.21,1,0,1
46,Female,90572,Master,Married,1,Northeast,Suburban,14,1352.6,96.61,37,3,0.17,0.237,0,0.448,0.049,9,6.24,6,17.13,0,1,0
49,Male,83778,Bachelor,Married,1,Northeast,Suburban,14,1045.08,74.65,21,3,0.151,0.407,0,0.262,0.115,12,3.69,6,34.6,1,0,0
51,Female,59855,High School,Divorced,2,Southwest,Rural,14,782.5,55.89,30,4,0.149,0.341,0,0.254,0.077,7,12.7,9,31.02,1,0,0
50,Female,85320,Bachelor,Married,5,West,Urban,11,732.34,66.58,37,3,0.122,0.3,0,0.376,0.124,8,5.67,8,6.57,0,1,0
43,Male,72088,High School,Married,4,Northeast,Suburban,12,443.84,36.99,23,1,0.012,0.541,0,0.258,0.052,4,3.47,13,22.2,1,0,0
39,Female,71341,Bachelor,Married,3,Northeast,Suburban,17,1779.83,104.7,27,4,0.155,0.632,0,0.236,0.117,6,5.25,13,14.23,1,1,0
39,Male,90168,Master,Single,3,West,Urban,26,2121.03,81.58,18,3,0.179,0.752,1,0.192,0.053,18,4.53,8,49.89,0,0,1
39,Male,92551,Bachelor,Married,5,Northeast,Urban,13,1495.21,115.02,18,2,0.094,0.721,0,0.255,0.046,10,4.5,12,46.03,0,0,0
59,Male,94897,Bachelor,Married,4,Southeast,Suburban,15,1124.2,74.95,24,4,0.061,0.404,1,0.21,0.101,7,5.1,7,47.28,0,0,1
50,Male,83612,Bachelor,Married,3,West,Urban,11,919.59,83.6,31,2,0.139,0.83,1,0.193,0.02,3,6.59,9,38.78,0,1,0
18,Male,70628,PhD,Single,2,West,Urban,21,1736.63,82.7,22,2,0.071,0.353,1,0.213,0.103,12,7.78,14,56.71,1,0,1
51,Male,121465,PhD,Married,4,Southeast,Suburban,15,1548.21,103.21,37,6,0.096,0.653,0,0.494,0.112,12,3.79,9,39.11,0,0,0
44,Female,80752,Bachelor,Divorced,2,West,Urban,13,832.38,64.03,13,3,0.084,0.482,0,0.466,0.185,8,4.34,7,14.93,1,1,0
41,Male,92656,Bachelor,Married,4,Midwest,Suburban,16,697.41,43.59,15,1,0.071,0.43,0,0.509,0.117,12,4.05,7,29.01,1,0,1
36,Male,70103,Bachelor,Single,2,Northeast,Urban,11,1241.56,112.87,28,2,0.119,0.679,0,0.285,0.098,9,18.89,16,15.84,1,0,0
58,Male,44756,High School,Married,3,Southwest,Urban,13,525.66,40.44,44,4,0.022,0.267,0,0.325,0.106,13,10.82,2,16.84,1,0,0
56,Female,59898,Bachelor,Married,4,Midwest,Suburban,13,1473.68,113.36,31,4,0.185,0.385,0,0.424,0.182,13,8.36,6,18.9,1,0,0
30,Male,75635,Bachelor,Married,2,Midwest,Suburban,7,408.9,58.41,57,2,0.139,0.751,0,0.315,0.107,3,3.96,16,16.22,1,0,0
48,Male,55447,High School,Married,2,West,Rural,14,1231.47,87.96,27,7,0.157,0.741,1,0.21,0.095,9,5.6,8,19.84,0,0,0
27,Female,68751,Bachelor,Married,2,Northeast,Suburban,20,1574.83,78.74,19,3,0.172,0.453,1,0.295,0.128,11,5.03,12,41.12,0,0,0
21,Female,59113,Bachelor,Single,3,Southwest,Rural,15,1122.56,74.84,44,3,0.105,0.238,0,0.121,0.033,5,5.42,17,50.34,0,0,0
32,Female,78697,Master,Married,3,Midwest,Urban,15,891.7,59.45,42,4,0.112,0.332,0,0.208,0.068,9,19.28,10,44.6,0,1,0
54,Female,82354,Bachelor,Widowed,2,Southeast,Suburban,25,1642.72,65.71,22,4,0.199,0.503,1,0.359,0.154,11,8.07,4,3.41,0,1,1
56,Male,72419,Bachelor,Widowed,2,Southwest,Suburban,12,732.3,61.03,27,5,0.124,0.739,0,0.05,0.023,9,4.84,10,18.36,1,1,0
49,Female,79563,Bachelor,Single,3,Southwest,Suburban,8,602.22,75.28,51,1,0.147,0.549,0,0.202,0.027,8,3.34,9,27.61,0,0,0
52,Male,73432,Bachelor,Married,6,West,Rural,20,1300.43,65.02,26,3,0.068,0.432,1,0.202,0.086,15,4.44,10,21.93,0,0,0
49,Male,74216,Bachelor,Single,1,West,Suburban,13,766.66,58.97,28,3,0.203,0.666,0,0.121,0.038,10,3.38,8,28.9,1,0,0
32,Male,76345,Master,Married,5,Midwest,Suburban,15,777.93,51.86,29,7,0.073,0.635,0,0.351,0.121,15,9.07,17,24.3,1,1,0
48,Female,60599,High School,Single,3,Southeast,Rural,22,1011.11,45.96,11,4,0.223,0.393,1,0.309,0.079,8,3.53,10,23.67,1,0,0
54,Male,97632,Bachelor,Divorced,2,Midwest,Urban,12,1073.89,89.49,17,2,0.077,0.724,1,0.238,0.031,9,3.63,11,40.52,1,0,0
53,Female,81053,Bachelor,Single,3,Southeast,Urban,12,677.87,56.49,21,4,0.185,0.51,0,0.402,0.192,8,4.56,7,35.74,0,0,1
59,Female,103155,Bachelor,Married,3,Southeast,Suburban,17,1013.14,59.6,33,5,0.364,0.623,1,0.144,0.068,12,7.62,7,11.57,1,1,0
52,Male,135267,PhD,Married,3,Midwest,Urban,11,1104.99,100.45,23,6,0.01,0.595,0,0.327,0.058,7,3.68,6,12.61,1,0,0
47,Female,76024,High School,Widowed,1,Southwest,Suburban,20,487.45,24.37,32,7,0.296,0.646,1,0.292,0.074,14,5.1,14,37.71,1,0,0
58,Female,95017,Bachelor,Divorced,1,Midwest,Rural,17,1315.47,77.38,21,2,0.275,0.592,0,0.242,0.082,16,3.92,3,15.66,1,0,0
41,Female,78302,Bachelor,Married,4,West,Urban,16,1131.64,70.73,16,2,0.056,0.674,1,0.262,0.085,4,8.64,9,41.14,0,1,0
28,Male,90980,Master,Single,3,Southeast,Suburban,22,1908.45,86.75,27,5,0.125,0.54,1,0.166,0.025,12,4.72,18,41.28,1,0,1
39,Female,73140,Bachelor,Single,2,Southeast,Urban,5,366.96,73.39,72,2,0.115,0.659,0,0.208,0.022,6,5.19,12,7.75,1,1,0
30,Male,94368,Master,Married,4,Southwest,Urban,27,1393.89,51.63,14,6,0.29,0.82,1,0.278,0.137,11,8.23,14,57.46,0,0,0
31,Female,89611,Master,Married,5,Midwest,Urban,26,1848.11,71.08,13,2,0.12,0.365,1,0.448,0.221,15,5.31,13,35.38,1,1,1
39,Female,66402,Bachelor,Married,4,Northeast,Suburban,14,1067.59,76.26,24,5,0.166,0.377,0,0.079,0.025,7,5.13,7,41.48,0,0,0
30,Male,78037,Bachelor,Single,2,Southeast,Urban,17,1315.45,77.38,30,2,0.176,0.684,1,0.126,0.035,8,3.47,13,30.04,0,0,1
37,Female,71572,Bachelor,Married,4,Southeast,Suburban,20,1002.97,50.15,22,3,0.238,0.676,1,0.392,0.189,21,4.56,13,28.18,0,0,0
18,Female,68408,Master,Single,1,West,Suburban,14,1015.31,72.52,29,3,0.059,0.502,0,0.29,0.084,11,9.88,21,62.12,1,0,0
45,Female,54457,High School,Widowed,3,West,Suburban,11,830.79,75.53,35,1,0.088,0.557,0,0.412,0.119,6,6.51,9,16.66,1,0,1
42,Male,76690,Bachelor,Married,2,Southeast,Urban,10,488.19,48.82,23,3,0.101,0.784,0,0.337,0.05,13,4.26,8,60.93,0,1,0
29,Male,93746,Master,Single,3,Northeast,Urban,14,527.36,37.67,42,5,0.112,0.293,0,0.18,0.044,5,11.45,11,57.39,1,1,0
51,Other,94734,Bachelor,Married,3,Southeast,Suburban,11,1241.33,112.85,57,1,0.163,0.457,0,0.296,0.106,8,11.35,8,49.08,1,1,0
56,Female,90700,Bachelor,Married,4,Northeast,Rural,10,816.57,81.66,56,6,0.112,0.522,0,0.33,0.129,7,5.47,11,29.26,1,1,0
18,Female,63994,Bachelor,Married,2,Southeast,Suburban,17,898.47,52.85,23,6,0.058,0.508,1,0.236,0.118,15,6.46,17,58.5,1,0,1
30,Male,83675,Bachelor,Married,3,Southeast,Suburban,32,1984.2,62.01,21,5,0.042,0.471,1,0.341,0.142,10,4.1,13,51.45,1,0,1
30,Male,62350,Bachelor,Single,2,Midwest,Rural,23,1474.55,64.11,21,6,0.07,0.499,1,0.377,0.14,20,8.59,10,23.42,1,0,1
27,Female,45468,Bachelor,Single,2,Southeast,Urban,19,1397.53,73.55,30,1,0.099,0.527,1,0.355,0.061,9,3.69,6,41.05,1,1,0
54,Female,133316,PhD,Single,4,Midwest,Suburban,25,1661.56,66.46,22,8,0.061,0.661,0,0.194,0.047,15,8.3,7,45.14,1,0,1
39,Male,63853,Bachelor,Divorced,4,Southeast,Suburban,16,862.52,53.91,33,4,0.004,0.497,0,0.235,0.092,12,3.36,8,18.94,1,0,0
38,Female,75644,Master,Single,1,West,Urban,18,1816.22,100.9,28,2,0.14,0.408,0,0.305,0.089,8,8.77,9,22.75,1,0,0
18,Female,28057,Bachelor,Single,1,West,Rural,12,726.25,60.52,22,2,0.078,0.627,0,0.229,0.093,3,3.91,14,50.13,0,1,1
51,Male,74969,High School,Married,6,Southeast,Suburban,14,1151.79,82.27,22,1,0.13,0.351,0,0.25,0.091,7,13.42,7,19.22,1,0,0
23,Male,49678,Master,Single,4,Northeast,Urban,6,377.96,62.99,95,3,0.067,0.447,0,0.434,0.125,1,5.39,9,52.74,0,1,0
42,Male,47946,High School,Married,1,Southeast,Urban,9,541.64,60.18,28,5,0.021,0.426,0,0.171,0.04,12,6.83,11,35.21,1,0,0
46,Female,116223,PhD,Divorced,2,Northeast,Suburban,17,1338.72,78.75,14,2,0.051,0.281,0,0.111,0.018,10,9.63,11,41.58,1,0,0
62,Male,116028,Master,Married,5,Southeast,Suburban,19,1460.14,76.85,16,9,0.137,0.418,1,0.375,0.104,8,3.18,7,24.29,0,0,1
22,Male,48424,Bachelor,Single,2,Southwest,Rural,8,562.68,70.33,42,3,0.124,0.614,0,0.248,0.092,8,8.75,18,2.06,0,0,0
18,Female,52987,Bachelor,Single,3,Midwest,Suburban,9,411.31,45.7,48,4,0.022,0.333,0,0.148,0.019,8,4.23,20,41.84,1,1,1
44,Male,62711,Bachelor,Widowed,5,Southeast,Suburban,17,1139.55,67.03,28,5,0.22,0.605,1,0.285,0.065,16,3.94,11,0.24,0,0,1
69,Male,87574,Bachelor,Married,4,Southwest,Urban,18,1382.79,76.82,32,4,0.145,0.463,0,0.446,0.069,18,8.95,8,19.18,0,0,1
60,Male,92593,Bachelor,Single,2,Northeast,Urban,24,2883.22,120.13,8,8,0.07,0.443,1,0.364,0.079,11,5.59,5,11.13,0,1,1
45,Female,69075,Bachelor,Married,5,Southeast,Suburban,8,490.63,61.33,32,1,0.109,0.399,0,0.35,0.148,7,11.88,9,60.86,1,0,0
34,Female,64136,Bachelor,Single,3,Southwest,Rural,15,1281.56,85.44,28,2,0.212,0.472,0,0.22,0.057,3,3.85,12,18.3,0,1,1
54,Male,46829,High School,Single,2,Southeast,Suburban,13,878.29,67.56,22,3,0.028,0.828,0,0.338,0.152,5,7.11,6,32.77,0,1,0
27,Female,94194,Master,Single,1,Southwest,Suburban,14,1046.53,74.75,44,5,0.034,0.604,0,0.211,0.083,9,6.92,13,41.56,1,0,1
49,Female,102450,Master,Married,2,West,Suburban,9,507.11,56.35,53,4,0.165,0.318,0,0.545,0.134,3,10.03,9,28.85,1,0,0
49,Male,91693,Bachelor,Married,4,West,Suburban,13,972.23,74.79,32,3,0.02,0.461,0,0.352,0.058,4,7.55,11,0.0,1,0,0
57,Male,120556,Master,Divorced,4,Northeast,Urban,16,1732.2,108.26,10,2,0.129,0.671,1,0.253,0.025,9,4.46,5,11.77,1,1,1
80,Male,77221,High School,Married,4,Midwest,Suburban,12,529.37,44.11,50,3,0.183,0.646,0,0.144,0.039,10,6.64,2,29.06,0,0,0
47,Male,57824,High School,Married,6,Midwest,Suburban,13,983.14,75.63,31,4,0.199,0.807,0,0.492,0.148,8,11.15,7,28.6,0,0,0
34,Female,39377,Bachelor,Married,1,West,Suburban,20,1530.92,76.55,22,1,0.282,0.598,1,0.236,0.066,13,10.66,7,61.06,1,1,0
41,Female,120506,Bachelor,Married,4,West,Suburban,28,2580.85,92.17,19,3,0.184,0.734,1,0.434,0.107,17,11.09,12,19.06,0,1,1
18,Male,52756,Bachelor,Single,1,Northeast,Urban,14,1045.13,74.65,46,5,0.045,0.619,0,0.252,0.099,11,6.06,21,42.69,0,1,1
31,Male,95980,Master,Married,1,West,Suburban,24,1939.08,80.8,10,1,0.125,0.352,0,0.303,0.042,11,8.77,15,26.31,0,1,1
35,Male,80027,PhD,Married,4,Southeast,Suburban,20,1628.82,81.44,10,4,0.139,0.362,0,0.297,0.043,12,4.04,11,50.12,1,1,1
34,Female,82745,Bachelor,Married,4,Southeast,Urban,17,1721.15,101.24,13,3,0.048,0.29,1,0.19,0.061,14,14.45,16,23.37,1,0,1
44,Male,118663,Master,Married,3,Southeast,Suburban,23,1339.8,58.25,24,2,0.05,0.207,1,0.203,0.023,9,6.07,11,43.87,1,0,0
29,Female,47895,High School,Single,4,Southeast,Suburban,9,347.79,38.64,25,2,0.089,0.65,0,0.311,0.081,5,7.22,16,63.99,1,1,1
58,Male,56836,High School,Married,6,West,Rural,17,1418.34,83.43,25,1,0.09,0.382,1,0.356,0.064,10,6.55,5,37.36,0,1,0
42,Female,87118,Master,Married,6,Southeast,Rural,9,920.35,102.26,56,1,0.287,0.636,0,0.408,0.075,5,3.56,4,48.28,1,0,0
41,Female,39998,Bachelor,Single,4,West,Suburban,14,305.77,21.84,38,4,0.238,0.563,0,0.276,0.081,12,10.42,13,18.22,0,1,0
37,Male,69631,Bachelor,Married,5,West,Urban,16,1536.99,96.06,23,4,0.085,0.522,1,0.218,0.069,12,4.7,16,41.3,1,0,1
44,Female,88114,Bachelor,Married,2,West,Suburban,15,339.21,22.61,35,2,0.142,0.273,0,0.451,0.12,10,14.55,11,33.04,1,1,0
54,Other,83263,Bachelor,Divorced,2,Southeast,Suburban,20,1682.87,84.14,33,3,0.038,0.343,1,0.282,0.043,15,3.23,6,25.23,1,1,0
28,Male,58737,Bachelor,Single,5,Southwest,Suburban,9,573.7,63.74,19,6,0.125,0.323,0,0.052,0.015,6,3.55,15,10.63,0,0,0
32,Female,74113,Bachelor,Divorced,3,Midwest,Urban,16,838.31,52.39,32,4,0.13,0.367,0,0.374,0.157,8,4.15,12,0.2,1,1,0
37,Male,64260,High School,Widowed,2,West,Suburban,16,779.19,48.7,27,6,0.129,0.439,1,0.265,0.098,7,5.18,13,15.59,0,0,1
21,Female,20000,High School,Single,2,Northeast,Suburban,4,109.23,27.31,59,2,0.153,0.466,0,0.16,0.049,4,5.39,9,30.91,0,0,0
29,Male,65132,Bachelor,Married,5,Southwest,Urban,16,935.73,58.48,20,3,0.219,0.516,0,0.404,0.063,12,3.25,10,64.42,1,0,0
34,Female,104339,Bachelor,Married,3,West,Rural,32,3900.49,121.89,19,3,0.13,0.448,1,0.345,0.118,16,3.51,10,40.34,0,0,1
55,Female,79574,Master,Widowed,2,Southwest,Suburban,10,862.49,86.25,45,2,0.232,0.358,0,0.25,0.076,8,4.04,7,15.77,0,0,0
45,Female,60318,High School,Divorced,1,West,Suburban,18,1599.25,88.85,10,2,0.124,0.452,1,0.05,0.022,9,7.59,11,41.42,1,0,0
44,Female,89926,High School,Widowed,2,Northeast,Suburban,23,1575.99,68.52,29,6,0.168,0.672,1,0.231,0.037,9,3.56,5,41.26,0,1,1
54,Female,100362,Bachelor,Married,1,Southeast,Urban,14,1187.01,84.79,36,2,0.063,0.597,0,0.428,0.109,5,8.4,4,7.02,0,0,0
39,Male,64099,Bachelor,Married,6,Midwest,Suburban,18,731.12,40.62,22,5,0.026,0.432,1,0.266,0.037,10,7.08,11,35.71,1,0,0
47,Female,66292,High School,Married,1,Southeast,Urban,21,1209.12,57.58,26,4,0.172,0.621,1,0.373,0.116,14,5.92,13,27.92,1,0,0
40,Female,57568,High School,Married,6,Southeast,Suburban,9,429.61,47.73,29,2,0.015,0.273,0,0.287,0.132,9,5.71,9,29.63,0,1,0
45,Female,95378,PhD,Married,4,Northeast,Suburban,23,2011.62,87.46,13,5,0.096,0.221,0,0.314,0.15,14,7.02,12,20.62,0,1,1
33,Female,80886,Master,Divorced,3,West,Urban,17,957.2,56.31,14,3,0.128,0.567,0,0.279,0.031,7,5.97,15,26.87,0,1,1
18,Female,50800,Bachelor,Single,3,West,Suburban,11,425.29,38.66,33,4,0.091,0.395,0,0.415,0.103,9,3.14,19,41.81,1,0,1
39,Female,73491,Bachelor,Married,2,Northeast,Suburban,12,896.07,74.67,52,3,0.087,0.566,0,0.309,0.071,13,6.7,8,39.11,0,1,0
63,Male,79774,Bachelor,Married,6,Northeast,Suburban,28,1926.87,68.82,13,6,0.17,0.687,1,0.24,0.085,16,3.7,7,34.81,0,0,0
55,Male,65450,Bachelor,Married,3,Southeast,Suburban,12,584.57,48.71,26,5,0.008,0.435,0,0.388,0.149,12,10.83,12,30.9,0,0,0
56,Male,84780,Bachelor,Widowed,3,Midwest,Urban,13,720.94,55.46,40,2,0.089,0.533,0,0.217,0.038,10,3.03,7,19.55,0,0,0
60,Male,129326,Master,Widowed,3,West,Suburban,16,1290.33,80.65,38,5,0.306,0.49,0,0.334,0.058,9,3.31,0,13.73,1,0,0
43,Female,61233,High School,Married,4,Northeast,Urban,15,1153.63,76.91,19,4,0.143,0.421,0,0.393,0.084,10,7.79,10,39.05,1,0,0
44,Male,85826,Master,Married,3,Southwest,Suburban,14,1137.69,81.26,41,1,0.24,0.64,1,0.213,0.023,10,12.09,11,46.83,0,0,1
32,Male,62511,High School,Married,6,Northeast,Urban,12,553.82,46.15,26,2,0.185,0.482,0,0.254,0.084,13,12.59,3,45.89,0,0,0
37,Other,52825,High School,Married,6,West,Urban,4,168.42,42.1,63,2,0.118,0.263,0,0.202,0.077,5,6.59,10,40.2,1,0,0
51,Male,94420,High School,Married,6,West,Suburban,11,596.9,54.26,36,3,0.057,0.572,0,0.387,0.039,8,9.4,8,28.1,1,1,0
60,Male,73541,High School,Single,3,West,Urban,20,1178.11,58.91,10,4,0.255,0.493,1,0.255,0.07,10,5.26,9,0.0,0,1,0
39,Male,112307,PhD,Married,5,Northeast,Rural,20,1772.25,88.61,31,1,0.129,0.362,1,0.409,0.116,11,6.12,8,40.57,0,1,1
35,Male,57280,Bachelor,Married,4,Midwest,Suburban,16,656.98,41.06,38,4,0.041,0.262,1,0.546,0.188,10,12.18,14,22.26,1,1,1
42,Female,66746,High School,Married,5,Northeast,Rural,14,1499.67,107.12,36,1,0.152,0.479,0,0.287,0.115,10,5.98,8,19.63,0,1,0
51,Female,115526,PhD,Married,4,Midwest,Suburban,20,2004.77,100.24,16,6,0.077,0.286,1,0.258,0.115,16,8.7,6,33.37,0,0,1
20,Female,70752,Master,Single,1,Southeast,Urban,12,776.79,64.73,21,1,0.103,0.464,0,0.436,0.071,5,5.52,12,64.83,0,1,0
18,Male,62473,Master,Single,3,West,Suburban,11,692.32,62.94,47,1,0.071,0.633,0,0.294,0.076,10,5.37,15,48.22,1,0,0
33,Female,87429,PhD,Widowed,2,Southwest,Urban,13,596.52,45.89,17,1,0.128,0.701,0,0.368,0.125,11,4.44,20,45.05,1,1,0
23,Male,63235,Bachelor,Single,1,Midwest,Suburban,11,414.01,37.64,33,5,0.209,0.542,0,0.189,0.056,9,6.96,11,59.93,1,0,0
34,Male,92234,Master,Single,1,West,Suburban,10,1025.75,102.57,21,3,0.05,0.678,0,0.337,0.123,9,11.34,11,21.19,0,0,0
39,Male,69892,Bachelor,Married,2,Midwest,Suburban,9,878.83,97.65,41,2,0.007,0.363,0,0.309,0.101,4,4.26,9,45.33,0,1,0
35,Male,87909,Master,Divorced,3,Southeast,Urban,17,503.99,29.65,14,3,0.145,0.581,0,0.303,0.07,13,4.41,9,39.22,0,0,1
63,Male,105431,Master,Divorced,1,Midwest,Suburban,24,2210.96,92.12,8,3,0.11,0.346,1,0.241,0.113,9,3.01,5,35.02,1,0,1
46,Male,78877,Bachelor,Married,6,West,Suburban,13,1261.93,97.07,30,3,0.139,0.587,0,0.406,0.174,11,4.29,15,31.23,0,0,0
46,Other,89393,Master,Single,2,Midwest,Suburban,22,1492.96,67.86,21,7,0.135,0.38,1,0.301,0.118,15,14.53,6,46.38,1,0,1
51,Male,81669,Bachelor,Divorced,2,Midwest,Urban,17,1720.76,101.22,23,1,0.066,0.333,0,0.277,0.071,8,9.31,11,45.01,0,1,1
24,Male,100270,Bachelor,Married,3,West,Suburban,23,2196.08,95.48,11,1,0.099,0.507,0,0.173,0.021,15,9.3,6,16.0,0,1,0
57,Male,75874,High School,Married,6,Midwest,Suburban,9,692.6,76.96,22,4,0.024,0.508,0,0.304,0.149,10,10.68,5,23.77,0,0,1
40,Female,112279,PhD,Divorced,2,West,Suburban,18,1462.43,81.25,13,3,0.212,0.312,0,0.267,0.099,12,12.73,6,44.63,0,1,1
52,Male,88770,Bachelor,Married,4,Northeast,Suburban,23,1753.23,76.23,24,6,0.149,0.569,1,0.239,0.051,17,4.37,4,28.02,1,0,1
25,Female,56657,Bachelor,Single,2,Midwest,Suburban,16,790.08,49.38,11,2,0.147,0.337,1,0.177,0.05,11,6.02,12,23.21,1,0,0
18,Other,74409,Bachelor,Married,3,Southeast,Urban,7,511.94,73.13,81,4,0.031,0.285,0,0.205,0.041,5,4.37,11,62.11,1,1,0
54,Male,109432,PhD,Married,3,Midwest,Rural,15,1346.58,89.77,40,1,0.044,0.307,0,0.333,0.132,15,6.27,9,30.52,0,0,1
47,Male,94025,Bachelor,Single,2,Northeast,Suburban,16,1093.23,68.33,39,1,0.088,0.415,0,0.199,0.071,8,5.06,12,36.26,1,0,0
28,Male,72986,Master,Single,3,Southeast,Suburban,6,165.31,27.55,94,2,0.118,0.698,0,0.525,0.162,12,16.4,11,30.56,0,0,0
28,Female,63600,Master,Married,5,Southeast,Suburban,21,1215.9,57.9,24,5,0.006,0.63,1,0.219,0.055,12,10.55,15,34.46,0,1,0
58,Male,92480,Bachelor,Single,4,Southeast,Urban,15,838.24,55.88,40,6,0.12,0.376,0,0.36,0.08,11,10.73,4,32.55,0,0,1
24,Male,43229,Bachelor,Single,1,Northeast,Suburban,12,350.36,29.2,44,1,0.044,0.707,0,0.319,0.136,9,3.11,13,20.57,1,0,0
66,Male,116434,Master,Married,3,West,Suburban,14,1041.84,74.42,23,1,0.09,0.547,0,0.334,0.086,11,13.72,6,18.13,1,1,1
28,Female,75087,PhD,Married,3,Southeast,Urban,16,1345.3,84.08,35,5,0.218,0.754,0,0.189,0.055,13,14.41,12,50.82,0,1,0
51,Male,91614,Master,Widowed,2,Southeast,Urban,27,1446.78,53.58,18,7,0.037,0.4,1,0.467,0.079,15,11.01,10,1.37,0,0,1
37,Male,33724,High School,Married,5,Northeast,Suburban,7,203.8,29.11,24,5,0.029,0.433,0,0.291,0.13,7,9.7,10,19.71,0,1,0
51,Female,138762,Master,Married,3,Northeast,Urban,18,2043.3,113.52,32,6,0.144,0.387,0,0.28,0.056,7,3.39,10,24.52,0,0,0
33,Female,42190,Bachelor,Married,2,West,Rural,14,500.95,35.78,43,4,0.056,0.642,0,0.324,0.054,10,6.07,8,25.81,1,0,0
39,Female,71947,Bachelor,Single,5,West,Urban,15,651.44,43.43,29,1,0.046,0.422,0,0.466,0.163,19,7.88,9,21.39,0,0,0
42,Male,106349,Master,Divorced,1,West,Rural,14,1390.92,99.35,29,3,0.11,0.455,0,0.144,0.022,12,4.65,8,31.36,1,0,0
26,Female,76945,Bachelor,Single,4,Southeast,Rural,15,988.25,65.88,26,1,0.067,0.622,0,0.28,0.138,10,3.44,9,52.63,1,0,1
53,Female,110770,Master,Married,2,Northeast,Suburban,24,2080.6,86.69,23,4,0.264,0.386,1,0.327,0.106,10,3.26,6,25.67,0,1,1
34,Male,63041,Bachelor,Married,5,Northeast,Rural,21,1197.91,57.04,13,4,0.096,0.617,1,0.286,0.034,18,4.35,15,11.84,0,0,0
38,Female,106266,Master,Single,1,Midwest,Rural,29,2656.38,91.6,20,5,0.067,0.535,1,0.426,0.066,24,3.51,10,32.03,0,0,0
27,Male,75900,Bachelor,Single,3,West,Urban,22,1796.51,81.66,14,4,0.031,0.643,1,0.19,0.09,6,14.22,9,11.23,0,1,1
18,Female,58184,Bachelor,Single,2,West,Rural,12,679.59,56.63,25,4,0.178,0.546,0,0.282,0.09,5,10.57,14,39.65,0,1,1
39,Male,90408,Master,Married,3,Southeast,Urban,13,588.13,45.24,44,2,0.082,0.704,0,0.394,0.095,12,6.38,8,18.71,0,0,0
78,Female,83441,High School,Married,3,Southeast,Urban,13,1009.71,77.67,19,3,0.099,0.409,1,0.222,0.084,7,3.15,4,9.89,0,1,0
53,Male,54355,High School,Married,3,Northeast,Suburban,12,604.53,50.38,50,1,0.042,0.828,0,0.329,0.082,8,4.43,10,13.15,0,0,0
41,Female,121957,PhD,Married,3,West,Urban,16,1729.99,108.12,42,5,0.081,0.376,0,0.24,0.038,6,3.29,14,33.79,0,0,0
38,Male,90683,Bachelor,Widowed,1,Southeast,Urban,16,918.87,57.43,21,3,0.06,0.47,1,0.305,0.121,8,3.94,11,33.5,1,1,0
42,Other,90938,PhD,Single,4,Midwest,Rural,15,1037.72,69.18,43,3,0.03,0.503,0,0.333,0.082,7,7.87,5,40.78,1,1,1
50,Female,63293,High School,Widowed,1,West,Rural,13,416.12,32.01,35,1,0.086,0.586,0,0.351,0.173,10,9.53,12,28.74,0,0,1
24,Male,57648,Bachelor,Married,2,Southwest,Suburban,20,1489.74,74.49,15,3,0.145,0.613,1,0.284,0.059,12,6.0,10,55.76,1,0,0
58,Female,101510,Master,Divorced,2,Northeast,Suburban,28,2947.34,105.26,14,3,0.081,0.522,1,0.357,0.047,15,4.12,8,6.5,0,0,1
52,Other,83164,Bachelor,Single,2,Northeast,Rural,4,247.29,61.82,124,2,0.338,0.326,0,0.22,0.073,5,7.12,6,4.51,1,0,0
52,Male,96402,Bachelor,Married,3,West,Urban,14,1040.47,74.32,36,4,0.273,0.422,0,0.428,0.06,9,12.14,8,48.66,0,1,1
48,Male,67791,Bachelor,Single,2,Midwest,Rural,12,572.42,47.7,34,1,0.038,0.434,0,0.306,0.128,9,4.12,12,29.76,1,0,0
42,Female,76504,Master,Married,1,Southwest,Suburban,15,809.8,53.99,20,3,0.168,0.795,0,0.324,0.08,10,3.13,15,28.89,1,0,1
52,Male,85749,High School,Widowed,1,Northeast,Rural,10,867.46,86.75,52,9,0.137,0.611,0,0.342,0.167,5,4.31,7,11.06,0,0,0
50,Male,73660,Bachelor,Single,2,West,Suburban,19,1078.19,56.75,17,4,0.059,0.705,1,0.24,0.111,11,8.13,7,40.45,1,0,0
36,Male,35454,High School,Married,3,West,Rural,7,400.61,57.23,45,2,0.099,0.535,0,0.288,0.088,13,4.53,10,29.43,1,0,0
33,Male,59723,Bachelor,Single,3,West,Rural,23,1369.81,59.56,24,2,0.139,0.451,1,0.14,0.034,12,12.8,12,52.8,1,1,1
43,Male,70049,Bachelor,Married,2,Southeast,Rural,31,2481.11,80.04,15,3,0.118,0.518,1,0.31,0.154,21,3.71,12,51.87,0,0,1
65,Male,115924,Bachelor,Married,4,Southeast,Suburban,21,1682.39,80.11,12,4,0.084,0.41,1,0.296,0.072,14,9.12,6,14.03,0,1,1
23,Female,72872,Bachelor,Single,1,Northeast,Rural,18,1586.56,88.14,29,1,0.19,0.488,0,0.345,0.05,13,5.59,19,40.87,0,1,0
19,Female,58012,High School,Single,1,West,Suburban,13,1254.7,96.52,23,4,0.067,0.567,0,0.188,0.074,7,3.59,16,37.22,0,1,0
44,Male,73099,High School,Married,6,Northeast,Urban,14,455.6,32.54,39,5,0.107,0.309,1,0.155,0.067,12,8.25,16,8.54,1,1,0
42,Female,88393,Bachelor,Single,1,Northeast,Suburban,23,1664.12,72.35,18,3,0.116,0.337,1,0.347,0.08,12,3.05,12,48.43,1,0,1
44,Female,65478,Bachelor,Single,3,Southeast,Urban,12,730.6,60.88,39,4,0.083,0.755,0,0.275,0.058,10,6.97,9,28.9,0,0,0
45,Female,88620,Master,Single,3,West,Rural,23,1379.9,60.0,21,7,0.128,0.403,1,0.417,0.113,14,11.29,8,55.25,0,0,1
38,Male,56151,Bachelor,Widowed,4,West,Urban,15,993.38,66.23,16,1,0.075,0.545,0,0.21,0.038,8,3.05,12,20.39,0,1,0
64,Male,73642,High School,Married,4,West,Rural,26,2320.06,89.23,19,3,0.235,0.733,1,0.09,0.041,13,7.12,3,27.5,0,0,0
18,Female,65261,Bachelor,Married,4,Midwest,Suburban,12,277.8,23.15,50,6,0.124,0.905,0,0.328,0.145,11,3.13,12,40.14,1,0,1
29,Female,50818,High School,Single,2,West,Urban,22,330.0,15.0,29,7,0.036,0.573,1,0.259,0.099,15,10.55,16,37.52,1,0,0
40,Female,107272,Master,Single,2,Northeast,Rural,21,2452.48,116.78,25,4,0.069,0.411,1,0.366,0.157,16,11.31,12,39.05,1,0,0
18,Female,67878,PhD,Single,2,West,Urban,30,1774.41,59.15,23,8,0.041,0.45,1,0.165,0.033,15,8.74,15,51.94,0,1,0
39,Male,79303,Bachelor,Single,3,Midwest,Suburban,26,1857.46,71.44,18,1,0.212,0.422,1,0.215,0.063,9,4.4,14,17.3,1,0,1
66,Female,74675,Bachelor,Married,2,Midwest,Suburban,16,735.49,45.97,18,8,0.103,0.343,0,0.391,0.096,13,4.59,5,24.15,1,0,0
42,Male,60612,High School,Married,4,Northeast,Urban,11,673.12,61.19,45,1,0.332,0.557,0,0.425,0.182,6,4.24,17,10.63,0,0,0
45,Male,87705,Bachelor,Married,6,Northeast,Suburban,21,2125.83,101.23,30,6,0.149,0.324,0,0.244,0.039,14,10.74,14,11.83,0,1,1
23,Female,70782,Master,Single,4,Southeast,Suburban,20,1506.39,75.32,18,5,0.063,0.379,0,0.194,0.034,14,4.39,17,29.65,1,1,0
32,Male,74466,Bachelor,Single,2,Northeast,Rural,17,1208.49,71.09,18,3,0.232,0.739,0,0.308,0.107,10,7.02,10,27.67,1,0,0
36,Male,55004,Bachelor,Married,3,Midwest,Urban,12,265.22,22.1,54,5,0.071,0.665,0,0.05,0.013,13,6.89,9,24.62,0,1,0
37,Female,45244,Bachelor,Married,4,Northeast,Urban,10,674.76,67.48,54,3,0.031,0.426,0,0.366,0.058,8,4.29,13,23.14,1,0,0
61,Male,112755,Master,Single,2,Northeast,Suburban,32,2770.22,86.57,6,4,0.176,0.39,1,0.26,0.037,15,10.11,5,19.45,0,0,0
50,Other,106760,Bachelor,Single,3,West,Suburban,12,854.64,71.22,37,3,0.027,0.434,0,0.391,0.113,16,6.55,9,32.01,0,1,0
25,Other,75659,PhD,Married,4,West,Suburban,8,645.44,80.68,34,3,0.208,0.253,0,0.32,0.127,5,4.55,19,32.01,1,0,1
45,Female,79932,High School,Married,4,West,Urban,5,265.04,53.01,56,3,0.134,0.321,0,0.306,0.037,4,4.86,10,40.62,0,0,0
49,Male,80451,Bachelor,Widowed,3,Southwest,Suburban,13,1058.73,81.44,16,4,0.08,0.739,0,0.411,0.163,7,9.22,8,29.94,0,0,0
59,Male,82764,Master,Married,4,West,Rural,17,1627.24,95.72,17,1,0.133,0.287,1,0.12,0.042,8,5.63,8,37.12,0,0,1
65,Male,60627,High School,Married,2,West,Urban,10,633.98,63.4,41,1,0.093,0.522,0,0.36,0.083,7,8.92,4,29.28,1,0,0
26,Male,76636,Master,Single,3,Southwest,Urban,11,658.22,59.84,18,5,0.117,0.924,0,0.334,0.037,16,5.61,14,9.52,0,1,0
29,Male,57733,Bachelor,Single,1,Southeast,Suburban,13,616.51,47.42,47,2,0.034,0.35,0,0.388,0.189,9,3.1,9,62.5,1,0,0
23,Other,24306,High School,Single,1,Northeast,Urban,7,348.65,49.81,75,3,0.055,0.6,0,0.097,0.024,9,4.26,24,55.98,1,0,0
38,Male,30589,High School,Single,3,Southeast,Suburban,11,403.19,36.65,32,4,0.028,0.698,0,0.306,0.145,8,4.85,7,26.24,0,1,0
48,Female,96299,PhD,Single,2,West,Urban,21,2635.07,125.48,11,1,0.138,0.269,0,0.259,0.08,8,13.13,11,11.6,1,0,0
56,Male,88307,Bachelor,Divorced,2,Southwest,Suburban,16,733.62,45.85,42,5,0.188,0.693,0,0.339,0.111,11,16.28,7,49.82,0,1,1
40,Female,87503,Master,Married,3,Midwest,Suburban,14,996.19,71.16,32,4,0.115,0.505,1,0.477,0.111,11,6.44,5,48.89,0,0,0
37,Female,62681,Bachelor,Married,2,Northeast,Urban,11,734.71,66.79,34,1,0.15,0.707,0,0.283,0.074,8,3.68,13,38.03,1,0,0
44,Male,78828,Bachelor,Divorced,2,Southeast,Rural,9,652.36,72.48,29,3,0.063,0.43,0,0.331,0.12,9,8.02,7,10.06,0,1,0
29,Male,79400,Bachelor,Married,4,Southwest,Rural,7,409.39,58.48,36,3,0.043,0.532,0,0.218,0.063,9,4.83,15,51.91,0,1,0
73,Female,134911,PhD,Married,2,Midwest,Suburban,23,2808.32,122.1,25,3,0.169,0.561,0,0.284,0.073,13,3.28,4,19.9,1,1,1
18,Female,68180,Master,Divorced,4,Midwest,Suburban,12,929.12,77.43,35,4,0.111,0.64,0,0.344,0.038,8,7.77,12,69.8,1,0,0
44,Female,104721,Master,Married,2,Southeast,Urban,17,1651.66,97.16,40,5,0.031,0.583,0,0.385,0.095,11,4.71,9,20.01,0,0,1
72,Male,68802,High School,Single,1,Midwest,Suburban,16,816.68,51.04,41,8,0.145,0.198,1,0.355,0.063,12,4.42,4,7.2,0,0,0
42,Male,70826,Bachelor,Widowed,4,West,Suburban,17,975.09,57.36,16,2,0.134,0.85,0,0.276,0.13,9,17.04,3,34.12,0,1,0
39,Female,68783,Bachelor,Single,2,West,Urban,7,519.1,74.16,91,3,0.094,0.687,0,0.221,0.045,3,3.26,6,14.31,0,0,0
36,Female,80845,PhD,Married,1,Northeast,Urban,13,629.36,48.41,51,4,0.034,0.456,1,0.195,0.024,7,13.56,13,30.6,0,1,0
39,Male,65501,Bachelor,Married,2,Midwest,Urban,7,532.43,76.06,77,2,0.29,0.605,0,0.311,0.052,6,7.11,10,26.65,0,0,0
62,Female,59075,Bachelor,Married,3,Southeast,Urban,16,920.3,57.52,23,7,0.034,0.509,1,0.209,0.032,13,5.41,5,14.51,0,0,0
18,Male,83682,Bachelor,Single,2,Midwest,Suburban,7,651.93,93.13,38,3,0.07,0.392,0,0.204,0.035,4,5.3,13,51.3,1,0,0
65,Male,63538,High School,Married,3,Midwest,Rural,22,1170.77,53.22,10,5,0.163,0.497,1,0.417,0.082,10,3.47,4,2.94,0,1,0
20,Male,65391,High School,Single,1,Southeast,Suburban,20,1979.58,98.98,10,5,0.222,0.75,1,0.327,0.158,13,9.46,14,25.42,1,1,1
38,Male,86571,Master,Married,4,West,Suburban,15,1222.43,81.5,39,5,0.04,0.321,0,0.316,0.129,10,4.0,10,27.61,1,0,1
35,Female,77072,Bachelor,Married,4,Midwest,Suburban,13,1026.28,78.94,50,2,0.079,0.232,0,0.253,0.048,10,10.73,8,22.17,1,1,0
50,Male,88268,Master,Married,5,West,Suburban,13,783.67,60.28,43,5,0.144,0.765,0,0.362,0.134,4,10.87,7,51.81,0,1,0
18,Male,73118,Master,Single,1,Northeast,Suburban,23,1647.39,71.63,24,1,0.065,0.36,1,0.204,0.073,15,9.3,11,57.44,1,0,0
48,Female,88757,Bachelor,Divorced,3,Southeast,Suburban,14,887.51,63.39,27,4,0.138,0.488,0,0.422,0.097,18,20.61,9,46.88,1,1,1
72,Female,108168,Bachelor,Divorced,1,Southwest,Urban,24,1278.65,53.28,21,5,0.079,0.43,1,0.351,0.087,14,8.18,3,19.94,0,1,1
21,Female,54021,High School,Married,6,Southwest,Suburban,24,1274.34,53.1,21,3,0.045,0.458,1,0.346,0.159,12,11.16,14,25.36,0,0,1
44,Female,100275,PhD,Single,3,Midwest,Suburban,15,1550.91,103.39,20,5,0.111,0.193,0,0.261,0.076,10,7.14,11,36.48,1,1,0
32,Male,58994,Bachelor,Single,1,West,Urban,22,1280.72,58.21,25,3,0.116,0.419,1,0.217,0.104,18,26.25,17,28.52,1,1,1
48,Female,55087,Bachelor,Single,3,Southeast,Urban,14,723.25,51.66,17,4,0.114,0.557,0,0.519,0.09,6,4.77,7,24.97,0,1,0
42,Female,82048,Bachelor,Single,4,Southeast,Urban,8,519.01,64.88,38,2,0.052,0.567,0,0.069,0.008,5,4.26,11,41.04,0,0,0
32,Female,82435,Bachelor,Married,4,West,Suburban,12,1392.59,116.05,38,1,0.059,0.355,0,0.398,0.118,8,6.23,13,47.22,0,0,0
49,Male,104039,Bachelor,Widowed,2,Midwest,Suburban,13,1224.44,94.19,34,1,0.304,0.777,0,0.256,0.086,17,6.06,7,34.77,0,0,0
69,Male,100377,Bachelor,Married,1,Southeast,Urban,20,967.77,48.39,27,2,0.129,0.307,0,0.376,0.116,11,5.86,1,8.33,1,0,0
39,Female,75302,Master,Widowed,4,Southwest,Urban,7,397.52,56.79,62,2,0.089,0.581,0,0.38,0.137,10,3.72,12,36.22,0,0,0
52,Male,71743,Master,Single,1,Midwest,Urban,15,867.83,57.86,13,4,0.391,0.643,0,0.271,0.065,13,4.34,6,16.85,0,0,0
22,Female,73825,Bachelor,Married,3,Southeast,Rural,22,1154.74,52.49,31,2,0.035,0.484,0,0.137,0.021,15,3.76,12,32.7,1,1,0
27,Female,35255,Bachelor,Single,1,Southeast,Urban,25,1222.87,48.91,23,2,0.034,0.83,1,0.178,0.038,19,3.99,9,46.82,0,1,0
49,Female,89690,Master,Divorced,5,Southeast,Urban,23,1457.44,63.37,27,4,0.175,0.654,1,0.286,0.037,11,12.51,7,23.25,0,0,0
64,Female,73435,High School,Single,1,Northeast,Suburban,14,790.47,56.46,41,3,0.107,0.675,1,0.154,0.02,15,3.13,4,60.75,0,1,0
47,Female,92158,Master,Divorced,3,West,Urban,17,1345.54,79.15,16,3,0.092,0.724,0,0.358,0.09,12,10.19,11,9.2,0,1,1
37,Male,55737,High School,Single,3,Southeast,Suburban,14,378.76,27.05,46,5,0.108,0.464,0,0.388,0.178,11,3.7,10,23.87,0,0,0
41,Female,75472,Bachelor,Married,2,Southeast,Urban,11,271.86,24.71,60,3,0.102,0.536,0,0.481,0.143,9,4.62,11,36.43,0,1,0
23,Female,22769,Bachelor,Single,2,Southwest,Rural,9,596.17,66.24,22,5,0.172,0.548,0,0.414,0.07,7,6.98,13,33.64,1,0,0
51,Male,81619,Bachelor,Married,2,Southwest,Rural,27,2363.96,87.55,9,3,0.116,0.64,1,0.161,0.039,19,16.19,14,6.78,1,1,0
55,Male,66156,Master,Divorced,4,Southwest,Suburban,11,775.01,70.46,60,2,0.136,0.772,0,0.333,0.163,6,9.74,6,26.53,1,1,0
35,Male,64583,High School,Widowed,2,Southeast,Suburban,17,1162.54,68.38,19,4,0.078,0.538,1,0.318,0.036,5,15.98,11,22.68,1,1,0
34,Female,59473,Bachelor,Married,3,West,Suburban,9,503.56,55.95,63,3,0.326,0.85,0,0.429,0.146,9,20.98,11,35.24,0,0,0
45,Male,44244,Bachelor,Married,2,Midwest,Rural,4,449.77,112.44,44,1,0.091,0.353,0,0.2,0.069,6,9.03,8,32.26,1,0,0
35,Female,71386,Master,Single,1,Midwest,Suburban,14,973.73,69.55,38,1,0.064,0.525,1,0.31,0.14,6,3.36,15,37.1,0,0,1
41,Male,49848,High School,Married,6,West,Urban,11,1177.95,107.09,47,1,0.083,0.283,0,0.227,0.061,10,3.05,8,49.93,1,0,0
73,Male,131860,Master,Married,3,Southeast,Urban,18,2469.35,137.19,36,5,0.148,0.279,0,0.255,0.068,7,15.36,7,6.52,0,0,0
38,Female,73949,Bachelor,Divorced,6,West,Urban,19,1447.94,76.21,29,3,0.143,0.33,1,0.349,0.17,17,7.91,11,1.71,0,0,0
36,Male,59566,High School,Married,4,Midwest,Suburban,13,722.58,55.58,14,3,0.039,0.342,0,0.349,0.038,9,3.83,11,54.44,1,1,0
32,Female,98918,Master,Married,6,West,Urban,22,1755.14,79.78,18,3,0.129,0.531,1,0.233,0.08,14,7.64,7,44.11,1,1,1
53,Female,66557,High School,Married,4,Southeast,Suburban,22,1215.76,55.26,16,3,0.104,0.607,1,0.235,0.089,14,5.54,10,37.91,0,0,0
39,Female,83112,Bachelor,Married,5,West,Suburban,14,1130.86,80.78,32,1,0.112,0.531,0,0.424,0.058,10,3.08,13,27.59,0,1,0
32,Male,61457,High School,Married,3,Southwest,Rural,10,742.04,74.2,37,4,0.235,0.424,0,0.279,0.108,7,4.45,12,28.06,0,0,0
61,Female,70102,Bachelor,Married,3,Midwest,Suburban,22,892.48,40.57,14,5,0.095,0.651,1,0.273,0.099,13,4.25,7,26.92,1,0,0
63,Female,113094,Bachelor,Married,3,Midwest,Suburban,25,3470.91,138.84,20,2,0.123,0.506,1,0.134,0.014,15,7.21,12,22.65,0,1,1
32,Female,44895,Bachelor,Single,2,West,Suburban,7,257.79,36.83,44,3,0.201,0.344,0,0.235,0.104,5,8.85,9,33.37,0,0,0
18,Female,68760,Bachelor,Married,4,Midwest,Rural,16,240.0,15.0,38,3,0.169,0.31,0,0.351,0.125,9,25.63,15,50.32,0,1,0
57,Female,63443,Bachelor,Single,4,Midwest,Urban,9,540.77,60.09,35,3,0.086,0.652,0,0.298,0.14,8,6.58,6,24.13,0,0,0
31,Female,74418,Bachelor,Divorced,1,West,Urban,14,619.36,44.24,30,5,0.058,0.694,1,0.05,0.018,6,5.22,8,42.3,1,0,0
53,Female,110928,Bachelor,Single,1,Southeast,Suburban,19,1603.51,84.4,31,4,0.076,0.809,0,0.174,0.047,14,10.74,7,11.22,1,0,1
18,Male,81805,PhD,Single,1,Southeast,Suburban,16,1157.14,72.32,37,1,0.253,0.425,0,0.365,0.127,7,7.0,22,51.13,0,0,0
55,Male,95754,Master,Married,5,West,Suburban,13,1128.17,86.78,35,3,0.059,0.324,0,0.437,0.195,14,5.11,5,13.41,1,0,0
23,Male,53156,High School,Single,2,Northeast,Suburban,7,536.87,76.7,48,3,0.226,0.549,0,0.212,0.057,9,7.85,10,76.54,0,1,0
52,Male,62259,High School,Married,6,West,Urban,25,1024.5,40.98,18,6,0.08,0.303,1,0.468,0.126,10,9.02,3,27.39,0,0,0
42,Male,131474,PhD,Married,6,Midwest,Urban,21,1857.88,88.47,29,2,0.115,0.179,1,0.208,0.029,11,11.09,8,28.93,1,0,0
27,Male,65082,Bachelor,Single,5,Midwest,Rural,9,685.01,76.11,30,4,0.104,0.686,0,0.308,0.1,8,4.09,7,39.5,0,1,0
35,Female,63797,Bachelor,Married,2,Southeast,Urban,16,780.0,48.75,14,4,0.025,0.619,0,0.256,0.071,14,4.04,4,51.42,0,1,0
52,Male,89095,Master,Married,3,West,Suburban,19,702.99,37.0,25,3,0.113,0.445,0,0.292,0.073,10,4.0,8,7.67,1,0,1
43,Female,61005,Bachelor,Married,3,West,Suburban,17,1239.14,72.89,27,1,0.165,0.387,0,0.19,0.022,13,6.84,10,38.35,1,0,1
50,Male,71183,Bachelor,Divorced,1,Midwest,Urban,9,488.58,54.29,34,2,0.234,0.34,0,0.243,0.083,6,3.23,9,5.24,0,0,0
71,Male,122139,PhD,Divorced,2,Southeast,Urban,15,1176.5,78.43,26,4,0.078,0.374,0,0.323,0.039,6,9.96,1,19.91,1,0,0
18,Male,62685,Master,Single,1,Southeast,Urban,10,637.44,63.74,20,7,0.123,0.544,0,0.37,0.05,6,11.13,16,36.02,0,0,0
66,Male,68527,High School,Divorced,2,Southwest,Suburban,15,965.19,64.35,15,4,0.023,0.753,0,0.399,0.048,10,18.21,7,16.1,0,1,1
43,Female,91482,High School,Divorced,4,Southwest,Urban,13,1243.91,95.69,45,4,0.123,0.612,0,0.278,0.059,11,8.83,2,46.82,0,1,1
28,Female,47548,Bachelor,Single,5,Southeast,Urban,12,345.51,28.79,33,5,0.088,0.585,0,0.367,0.113,14,3.61,17,44.6,0,0,0
22,Male,75399,Master,Single,2,West,Urban,6,677.66,112.94,33,3,0.291,0.356,0,0.25,0.084,11,11.77,17,62.33,1,0,1
39,Male,80687,Bachelor,Divorced,1,West,Urban,17,715.03,42.06,39,3,0.085,0.58,0,0.307,0.073,4,5.95,15,44.24,1,1,1
55,Male,79051,High School,Married,3,Northeast,Urban,17,1050.1,61.77,16,4,0.004,0.571,0,0.278,0.105,9,16.53,12,20.35,0,0,1
40,Female,101720,PhD,Single,4,West,Urban,20,1269.79,63.49,16,8,0.041,0.512,1,0.236,0.097,13,6.45,4,24.13,1,1,1
64,Female,73189,High School,Married,5,West,Urban,21,1421.81,67.71,32,4,0.134,0.528,1,0.252,0.086,7,6.06,5,0.0,0,0,0
20,Female,48373,High School,Married,6,West,Suburban,13,709.31,54.56,20,2,0.08,0.238,0,0.098,0.023,15,3.21,12,39.99,0,0,1
41,Female,62397,High School,Divorced,4,Southeast,Urban,11,709.78,64.53,59,3,0.097,0.584,0,0.248,0.029,2,4.67,11,48.43,1,0,0
23,Female,55115,Bachelor,Single,1,Southeast,Suburban,9,565.06,62.78,57,2,0.137,0.47,0,0.294,0.139,8,14.01,16,17.26,1,0,0
47,Male,54771,Bachelor,Widowed,2,West,Suburban,12,1002.16,83.51,32,1,0.025,0.528,0,0.121,0.06,6,6.67,5,24.57,1,1,0
55,Male,107581,PhD,Single,2,Northeast,Rural,27,2346.93,86.92,18,2,0.068,0.357,1,0.05,0.007,18,4.7,3,18.81,0,0,1
35,Female,66401,Master,Single,1,Midwest,Urban,19,1728.39,90.97,23,2,0.102,0.367,0,0.222,0.059,16,4.9,12,60.09,0,1,1
18,Female,44992,Bachelor,Single,6,Midwest,Urban,5,87.44,17.49,103,4,0.4,0.616,0,0.25,0.047,5,7.03,13,47.07,1,0,0
44,Female,76298,Bachelor,Widowed,2,Midwest,Rural,17,415.86,24.46,12,4,0.059,0.6,1,0.185,0.059,9,7.43,12,17.77,0,0,0
48,Female,84381,Bachelor,Married,6,Southeast,Rural,20,1494.62,74.73,29,4,0.12,0.26,1,0.266,0.079,14,7.46,16,22.54,0,0,1
48,Male,90706,High School,Single,2,West,Urban,12,982.72,81.89,54,2,0.038,0.654,0,0.244,0.045,7,3.4,7,17.55,0,1,0
60,Female,65538,High School,Married,3,Southeast,Urban,14,729.29,52.09,27,2,0.084,0.368,0,0.249,0.116,7,6.48,7,11.0,0,1,0
25,Female,102219,PhD,Single,2,Southwest,Rural,15,1213.6,80.91,17,2,0.13,0.43,0,0.05,0.023,14,6.85,17,45.12,0,0,0
52,Male,71789,High School,Married,4,Midwest,Urban,19,1660.62,87.4,12,3,0.112,0.519,1,0.319,0.121,11,4.27,14,29.26,1,0,0
59,Female,92239,High School,Single,4,Southeast,Rural,14,1253.37,89.53,24,2,0.186,0.602,0,0.521,0.202,6,5.06,7,44.52,0,1,1
18,Female,63643,Bachelor,Married,1,Southeast,Rural,13,717.89,55.22,18,3,0.049,0.644,0,0.168,0.04,7,3.78,14,28.79,0,0,0
46,Male,62272,Bachelor,Married,3,West,Urban,18,1171.68,65.09,16,7,0.262,0.679,0,0.244,0.062,19,3.77,12,45.17,0,0,0
34,Male,26954,High School,Married,4,Midwest,Rural,8,469.24,58.65,60,2,0.035,0.393,0,0.399,0.118,6,3.44,6,35.47,0,0,0
40,Male,62268,High School,Single,2,Midwest,Suburban,7,255.8,36.54,51,4,0.133,0.695,0,0.202,0.072,6,5.25,11,61.57,0,1,0
47,Female,70273,Bachelor,Single,1,West,Suburban,21,1029.77,49.04,30,2,0.041,0.358,1,0.436,0.119,7,7.18,12,11.15,0,0,0
34,Male,68095,Master,Married,2,Northeast,Suburban,15,1237.72,82.51,27,3,0.022,0.24,1,0.238,0.05,13,14.07,7,34.44,0,0,0
31,Female,46386,Bachelor,Divorced,4,Southwest,Urban,14,260.4,18.6,17,5,0.112,0.896,0,0.203,0.091,14,6.77,10,45.98,0,0,1
42,Female,76614,Bachelor,Married,3,Northeast,Suburban,13,604.5,46.5,18,6,0.089,0.574,0,0.289,0.061,5,5.9,8,10.93,0,0,0
25,Male,83215,Bachelor,Married,2,Southwest,Urban,16,757.44,47.34,33,1,0.058,0.632,0,0.093,0.033,9,12.97,11,9.97,0,0,1
25,Female,69469,Master,Married,3,Northeast,Rural,16,1329.46,83.09,31,3,0.206,0.379,0,0.264,0.102,9,5.04,16,41.69,1,0,0
52,Other,91054,Bachelor,Single,1,West,Suburban,18,968.95,53.83,30,3,0.116,0.422,0,0.232,0.081,7,5.75,9,22.32,0,1,1
24,Male,43266,High School,Single,1,Southwest,Urban,9,607.24,67.47,36,5,0.124,0.654,0,0.222,0.089,11,5.44,16,30.18,0,0,0
51,Male,62059,Bachelor,Divorced,2,Southeast,Urban,17,917.37,53.96,37,2,0.057,0.6,1,0.246,0.044,11,4.92,4,5.85,1,0,1
48,Female,105022,Master,Married,2,Southeast,Rural,23,2715.96,118.09,10,5,0.078,0.241,1,0.319,0.082,14,7.37,7,52.78,1,0,1
18,Female,23579,High School,Single,2,Northeast,Urban,15,665.34,44.36,12,3,0.044,0.863,1,0.141,0.046,10,10.84,13,37.73,1,1,0
31,Male,65724,Bachelor,Married,3,West,Rural,9,757.81,84.2,58,2,0.078,0.433,0,0.237,0.106,11,13.76,7,8.12,0,1,0
59,Male,67677,High School,Married,4,Northeast,Urban,9,657.41,73.05,55,1,0.204,0.562,0,0.334,0.163,12,6.25,9,0.0,0,0,0
27,Male,60596,High School,Married,4,Midwest,Suburban,20,1025.63,51.28,21,3,0.021,0.557,1,0.261,0.116,12,9.02,11,32.94,1,0,0
35,Other,52727,Bachelor,Single,2,Southeast,Rural,17,953.91,56.11,11,8,0.195,0.88,1,0.221,0.033,11,6.8,11,41.47,1,0,0
48,Male,84863,Bachelor,Married,2,West,Urban,17,1234.18,72.6,13,4,0.151,0.709,0,0.215,0.024,18,4.63,11,19.4,0,0,0
53,Female,85403,Master,Married,5,Midwest,Urban,11,698.11,63.46,24,2,0.026,0.589,0,0.056,0.012,7,9.79,12,42.12,0,1,0
38,Female,63333,Bachelor,Married,1,Northeast,Rural,11,873.67,79.42,44,4,0.076,0.628,0,0.273,0.072,12,14.46,10,27.24,0,0,1
33,Male,20000,Bachelor,Married,4,Southwest,Suburban,11,992.33,90.21,45,4,0.035,0.313,1,0.23,0.034,11,3.84,17,13.12,0,0,0
63,Female,122381,Bachelor,Widowed,3,West,Suburban,12,1122.09,93.51,42,4,0.105,0.538,0,0.329,0.122,9,10.18,7,28.84,0,1,0
68,Male,103258,Bachelor,Divorced,4,Midwest,Rural,13,1247.5,95.96,44,4,0.081,0.758,0,0.252,0.116,19,6.99,4,23.62,0,1,1
56,Female,58889,High School,Married,2,Midwest,Suburban,12,840.25,70.02,15,2,0.048,0.224,0,0.25,0.065,11,12.63,10,16.93,0,0,0
43,Male,73130,Master,Single,2,Southeast,Rural,20,300.0,15.0,25,3,0.036,0.49,1,0.211,0.105,19,7.43,10,27.88,0,0,0
29,Female,86365,PhD,Single,2,Northeast,Suburban,12,996.17,83.01,24,1,0.117,0.87,0,0.295,0.064,14,16.2,19,54.31,0,0,0
29,Female,74553,Bachelor,Single,3,Southeast,Suburban,8,608.86,76.11,55,2,0.051,0.4,0,0.267,0.07,4,3.83,6,37.6,0,1,0
49,Male,36418,High School,Divorced,2,Midwest,Urban,9,209.14,23.24,58,1,0.07,0.758,0,0.33,0.04,5,4.06,9,26.43,1,0,0
48,Male,61876,High School,Widowed,1,Southwest,Rural,12,302.01,25.17,44,6,0.119,0.897,0,0.234,0.09,12,4.82,9,38.88,0,1,1
63,Male,117559,Bachelor,Married,5,West,Suburban,8,778.58,97.32,37,1,0.165,0.185,0,0.268,0.028,8,8.44,6,14.51,0,0,1
51,Male,64390,Bachelor,Married,5,West,Urban,23,2187.32,95.1,15,3,0.102,0.368,1,0.353,0.096,14,4.62,10,0.0,1,1,1
19,Female,72005,Master,Single,3,Northeast,Suburban,20,1172.32,58.62,32,10,0.131,0.43,1,0.377,0.072,12,3.43,15,41.4,1,0,1
57,Female,134249,Master,Single,2,West,Suburban,26,2352.77,90.49,23,2,0.11,0.552,1,0.468,0.165,14,4.23,10,39.63,0,0,0
27,Male,71682,Bachelor,Single,3,Midwest,Suburban,23,2576.17,112.01,13,3,0.247,0.231,1,0.348,0.065,19,9.12,15,33.63,0,1,1
36,Female,71288,Bachelor,Single,3,Midwest,Rural,12,1002.77,83.56,38,6,0.284,0.555,0,0.317,0.103,7,18.05,9,38.67,0,0,1
45,Female,84199,Bachelor,Married,4,Midwest,Urban,15,717.21,47.81,15,3,0.055,0.478,1,0.179,0.024,9,3.78,6,12.18,0,1,0
71,Female,91387,Bachelor,Married,1,Northeast,Rural,24,1474.4,61.43,21,6,0.043,0.807,1,0.277,0.036,22,13.47,8,23.17,1,0,1
80,Male,124094,Bachelor,Married,2,Northeast,Urban,34,4611.51,135.63,14,4,0.084,0.57,1,0.375,0.17,13,3.02,4,0.0,0,0,1
51,Male,75410,Bachelor,Married,1,Midwest,Suburban,22,1197.78,54.44,14,3,0.09,0.495,1,0.379,0.157,11,5.91,11,4.06,0,0,1
39,Male,42412,Bachelor,Married,4,Northeast,Suburban,7,283.79,40.54,51,1,0.183,0.339,0,0.387,0.189,11,3.36,8,21.44,1,0,0
50,Female,74730,Bachelor,Married,3,Midwest,Urban,17,1373.22,80.78,33,3,0.101,0.51,1,0.219,0.042,7,18.43,10,37.0,0,0,1
55,Male,70098,Bachelor,Married,3,Southeast,Suburban,13,777.12,59.78,23,3,0.045,0.467,0,0.398,0.086,13,6.34,7,25.72,0,0,0
37,Male,80982,Master,Widowed,2,West,Rural,22,1745.91,79.36,26,3,0.057,0.447,0,0.154,0.077,14,4.49,13,39.15,0,1,1
68,Male,91113,Bachelor,Single,4,West,Urban,11,894.45,81.31,29,1,0.266,0.475,0,0.184,0.068,8,14.11,7,0.0,0,1,0
45,Female,94561,Bachelor,Divorced,1,West,Urban,15,1115.67,74.38,40,5,0.076,0.562,0,0.379,0.084,6,6.19,14,0.0,1,1,1
49,Male,90229,Bachelor,Married,3,West,Suburban,21,2085.33,99.3,9,4,0.038,0.159,0,0.194,0.039,15,21.19,6,9.62,0,1,0
51,Male,85348,Bachelor,Married,3,West,Suburban,13,613.19,47.17,23,4,0.07,0.268,0,0.275,0.12,9,6.66,12,27.11,0,0,1
48,Male,63955,High School,Single,2,Southwest,Rural,16,1029.24,64.33,16,4,0.02,0.512,1,0.43,0.112,10,20.82,10,8.52,1,0,1
54,Male,52917,High School,Single,2,West,Urban,7,313.98,44.85,83,2,0.063,0.881,0,0.283,0.033,11,7.98,11,21.66,0,0,0
32,Female,33482,Bachelor,Married,2,Southwest,Rural,5,397.9,79.58,69,3,0.161,0.33,0,0.402,0.098,3,9.35,8,17.65,0,0,0
33,Male,68697,Bachelor,Married,4,West,Suburban,11,669.45,60.86,40,4,0.166,0.545,0,0.334,0.057,4,5.79,10,55.62,1,1,0
25,Male,102519,PhD,Single,1,Northeast,Urban,15,1795.67,119.71,19,1,0.016,0.581,0,0.47,0.065,19,7.34,18,55.15,0,0,0
48,Female,77374,Bachelor,Married,6,Southwest,Rural,14,843.53,60.25,16,2,0.035,0.405,1,0.331,0.15,14,3.12,6,9.95,0,0,0
53,Male,74977,Bachelor,Married,3,West,Urban,21,1463.1,69.67,23,2,0.143,0.536,0,0.173,0.065,7,3.48,3,15.89,0,0,0
48,Male,70967,High School,Married,3,Midwest,Suburban,11,959.7,87.25,28,3,0.092,0.238,0,0.335,0.123,9,3.48,10,48.97,0,1,0
67,Female,77950,High School,Widowed,4,Southeast,Suburban,26,1296.46,49.86,25,4,0.317,0.635,1,0.414,0.141,16,5.36,7,33.57,1,0,1
41,Male,113686,Master,Divorced,3,Midwest,Suburban,19,2223.47,117.02,22,3,0.032,0.544,0,0.206,0.08,15,8.43,9,33.58,0,0,1
52,Male,85690,High School,Married,2,Southwest,Suburban,8,586.94,73.37,28,3,0.033,0.45,0,0.193,0.092,8,9.93,10,28.04,1,0,1
25,Male,74992,Bachelor,Single,2,Southwest,Suburban,15,1135.91,75.73,12,2,0.036,0.317,0,0.323,0.041,11,16.31,19,32.12,0,1,0
36,Female,80766,Bachelor,Single,1,Midwest,Urban,14,1138.25,81.3,20,3,0.12,0.439,0,0.194,0.022,9,3.47,10,59.45,0,0,0
52,Female,62847,Bachelor,Widowed,6,Southeast,Suburban,23,1377.76,59.9,14,1,0.044,0.375,1,0.299,0.097,10,6.67,7,34.59,0,1,0
54,Female,108744,Master,Married,4,West,Rural,15,1022.64,68.18,18,6,0.049,0.26,0,0.363,0.095,7,4.86,9,29.8,1,0,0
37,Female,75844,Bachelor,Divorced,6,West,Suburban,9,628.26,69.81,38,5,0.099,0.637,0,0.377,0.05,5,3.99,7,25.1,1,0,1
40,Male,81696,Bachelor,Married,3,Southeast,Rural,14,428.71,30.62,44,4,0.091,0.413,0,0.244,0.118,12,8.15,15,45.91,1,0,0
19,Male,78189,Master,Divorced,4,West,Suburban,15,643.21,42.88,13,4,0.145,0.339,0,0.281,0.114,7,4.56,10,21.72,1,1,0
36,Female,91191,Master,Married,4,Southeast,Suburban,18,1310.28,72.79,32,4,0.062,0.483,0,0.167,0.049,13,4.06,10,31.14,1,0,1
55,Female,110112,High School,Married,3,Southeast,Suburban,14,1624.04,116.0,27,3,0.106,0.35,0,0.168,0.081,11,6.78,7,25.81,1,0,0
50,Male,64457,High School,Married,6,West,Urban,8,740.56,92.57,75,2,0.21,0.307,0,0.377,0.154,6,7.72,7,7.83,0,1,0
49,Female,78845,High School,Widowed,2,West,Rural,21,1869.25,89.01,24,2,0.192,0.452,1,0.459,0.06,14,3.05,5,23.04,0,0,1
42,Male,67135,Bachelor,Widowed,1,Southeast,Rural,24,786.87,32.79,10,6,0.071,0.406,1,0.139,0.051,7,5.98,13,27.76,1,1,0
42,Male,116059,PhD,Married,3,Northeast,Rural,23,2163.03,94.04,29,3,0.154,0.488,0,0.164,0.047,14,3.9,12,0.0,0,0,1
32,Male,80289,Bachelor,Married,3,Southeast,Suburban,27,1429.17,52.93,9,2,0.055,0.415,1,0.209,0.07,11,4.55,7,44.63,0,1,1
52,Male,87666,Bachelor,Married,5,West,Rural,19,1377.29,72.49,18,4,0.174,0.354,1,0.251,0.049,9,8.49,7,25.7,1,1,1
48,Female,119038,Master,Married,2,West,Suburban,20,2172.18,108.61,34,6,0.062,0.592,1,0.359,0.103,12,7.2,11,43.36,1,1,1
49,Female,66535,Bachelor,Divorced,4,Midwest,Suburban,5,382.13,76.43,49,2,0.099,0.499,0,0.119,0.027,5,6.19,8,0.0,0,0,0
34,Male,60491,Bachelor,Married,6,Southeast,Rural,22,1890.0,85.91,22,2,0.113,0.975,1,0.141,0.039,11,6.98,11,37.97,1,0,1
18,Male,88185,PhD,Single,1,Southeast,Suburban,26,1193.61,45.91,26,2,0.112,0.41,1,0.231,0.033,12,6.58,8,28.03,0,0,0
58,Female,115212,Master,Married,6,West,Suburban,22,1477.29,67.15,24,2,0.121,0.552,1,0.223,0.034,13,4.3,8,26.87,0,0,1
34,Male,85491,Master,Married,4,Southeast,Urban,22,2263.23,102.87,23,1,0.124,0.555,1,0.17,0.048,11,7.51,21,8.29,0,0,0
29,Female,83086,Bachelor,Married,6,Midwest,Rural,6,611.87,101.98,74,4,0.161,0.713,0,0.13,0.026,7,4.18,14,46.96,1,1,0
52,Male,87274,Master,Married,2,Southwest,Urban,13,953.07,73.31,34,3,0.083,0.573,0,0.216,0.045,11,12.19,8,23.56,0,1,0
36,Female,37291,High School,Single,2,Southeast,Urban,18,867.21,48.18,36,2,0.17,0.926,1,0.288,0.103,7,3.72,11,37.46,0,1,0
57,Male,90821,Bachelor,Married,6,Southeast,Urban,17,1680.73,98.87,26,2,0.088,0.3,0,0.165,0.017,10,11.04,8,8.56,0,0,1
51,Male,110242,PhD,Married,5,Southeast,Suburban,21,2011.04,95.76,24,5,0.144,0.404,0,0.098,0.028,10,5.89,9,4.87,1,1,0
52,Male,90342,Bachelor,Married,2,Southwest,Urban,13,1134.87,87.3,41,1,0.092,0.593,0,0.364,0.12,8,7.9,5,17.15,0,0,0
21,Male,71988,Master,Married,4,West,Suburban,8,379.98,47.5,52,2,0.035,0.896,0,0.255,0.061,10,3.12,15,27.14,1,0,1
60,Male,83499,Bachelor,Married,6,Midwest,Urban,11,1042.1,94.74,55,4,0.052,0.495,0,0.311,0.097,11,10.41,6,8.5,0,0,0
45,Female,60475,High School,Divorced,4,Northeast,Suburban,20,1124.89,56.24,9,4,0.4,0.676,1,0.329,0.142,18,11.24,10,50.85,1,0,0
36,Male,84832,Master,Single,3,Midwest,Urban,18,802.24,44.57,20,4,0.072,0.272,1,0.319,0.088,4,4.45,12,39.61,0,1,1
44,Male,56225,High School,Divorced,3,Northeast,Urban,14,594.8,42.49,34,3,0.054,0.497,0,0.333,0.098,10,7.76,9,18.81,1,0,0
18,Female,51953,Bachelor,Single,2,Northeast,Rural,12,528.42,44.03,14,1,0.118,0.641,0,0.353,0.157,12,3.07,16,31.46,1,1,0
48,Female,57946,High School,Single,3,Midwest,Suburban,15,1328.0,88.53,43,1,0.21,0.5,0,0.122,0.034,12,9.61,6,20.62,0,1,0
26,Other,104249,PhD,Single,2,West,Urban,15,1022.88,68.19,39,5,0.151,0.416,0,0.368,0.176,9,11.46,17,44.76,0,1,0
21,Female,60310,Bachelor,Divorced,4,West,Rural,20,1356.98,67.85,14,7,0.058,0.886,1,0.236,0.109,8,5.38,10,36.18,0,0,0
19,Male,89651,Bachelor,Single,1,West,Urban,20,652.41,32.62,17,4,0.083,0.304,0,0.248,0.028,18,3.15,20,24.28,1,0,1
58,Female,74410,High School,Married,3,Southwest,Urban,17,1461.0,85.94,30,6,0.038,0.35,0,0.269,0.046,9,4.31,7,0.0,0,1,0
32,Female,87937,PhD,Divorced,6,West,Suburban,10,581.37,58.14,33,3,0.017,0.46,0,0.287,0.086,8,7.72,8,30.0,1,0,0
65,Female,147660,Master,Single,4,Southwest,Urban,31,3461.04,111.65,20,4,0.068,0.46,1,0.385,0.059,12,4.55,3,20.33,0,0,1
33,Male,88204,Master,Married,6,Midwest,Urban,8,655.29,81.91,35,1,0.089,0.489,0,0.285,0.128,4,9.38,10,43.33,1,0,0
18,Male,69851,Bachelor,Single,3,Southeast,Rural,11,853.44,77.59,52,2,0.253,0.558,0,0.174,0.048,7,3.1,15,31.9,0,1,0
25,Male,69481,Bachelor,Single,1,Northeast,Urban,25,1784.67,71.39,16,7,0.081,0.62,1,0.419,0.069,15,10.14,15,50.73,1,0,1
60,Female,82945,High School,Married,3,Midwest,Urban,9,987.87,109.76,43,4,0.176,0.659,0,0.201,0.075,16,19.31,7,14.17,1,1,0
39,Female,79834,Bachelor,Single,1,West,Rural,16,1185.47,74.09,16,3,0.128,1.0,0,0.079,0.03,8,6.31,11,44.63,0,0,1
33,Female,50468,Bachelor,Married,3,Midwest,Suburban,23,2304.71,100.2,30,6,0.046,0.652,1,0.205,0.063,13,4.31,17,56.42,0,0,0
44,Male,111312,PhD,Single,2,Southeast,Urban,20,1968.21,98.41,17,3,0.069,0.511,1,0.286,0.045,10,3.25,16,41.64,1,0,1
49,Female,74927,Master,Married,4,Southwest,Suburban,11,802.54,72.96,24,3,0.258,0.236,1,0.283,0.12,17,3.5,8,27.11,0,0,0
58,Female,84384,Bachelor,Married,6,Midwest,Urban,19,1710.42,90.02,10,3,0.24,0.754,1,0.222,0.101,9,13.11,6,51.75,0,0,1
63,Male,65115,High School,Married,1,West,Suburban,14,930.89,66.49,30,2,0.1,0.453,0,0.246,0.115,12,7.26,7,7.71,1,1,1
36,Female,89762,Master,Married,2,Northeast,Suburban,22,1845.01,83.86,8,3,0.034,0.26,1,0.255,0.047,9,3.53,10,21.66,1,0,0
22,Male,48211,High School,Married,6,Southwest,Rural,10,610.51,61.05,39,3,0.011,0.752,0,0.21,0.071,6,4.64,24,34.91,0,0,1
35,Female,75817,Bachelor,Divorced,2,Southwest,Urban,12,874.31,72.86,52,2,0.058,0.387,0,0.345,0.131,3,6.93,11,3.39,0,0,0
45,Female,65909,High School,Divorced,3,West,Suburban,16,1685.2,105.32,26,3,0.091,0.614,0,0.289,0.038,10,4.52,4,31.24,1,1,0
27,Female,53097,Bachelor,Single,2,Midwest,Urban,9,917.96,102.0,20,1,0.113,0.327,1,0.343,0.111,5,11.63,19,44.79,0,0,1
27,Female,73284,Master,Married,3,West,Suburban,14,1024.56,73.18,21,5,0.307,0.702,0,0.121,0.014,6,3.2,11,38.33,0,0,0
47,Female,92005,Bachelor,Divorced,3,Northeast,Urban,16,1619.07,101.19,12,3,0.15,0.391,0,0.34,0.143,14,10.97,11,9.32,1,1,0
41,Female,74417,High School,Married,4,Northeast,Suburban,13,1185.96,91.23,47,3,0.1,0.383,0,0.288,0.131,15,3.37,9,33.21,0,0,0
42,Male,56998,Bachelor,Married,5,Southeast,Suburban,13,1044.6,80.35,22,2,0.053,0.327,0,0.258,0.091,11,8.56,11,24.03,0,0,1
30,Female,56636,Master,Single,2,Midwest,Rural,6,415.31,69.22,31,2,0.173,0.616,0,0.154,0.073,5,3.58,8,15.8,0,0,0
38,Male,45096,High School,Married,2,Midwest,Rural,10,658.16,65.82,64,3,0.162,0.533,0,0.337,0.07,7,5.78,12,27.71,0,1,0
28,Male,78678,Bachelor,Married,3,Southeast,Suburban,20,1615.26,80.76,21,4,0.049,0.254,0,0.315,0.121,14,5.23,13,34.22,1,0,0
55,Female,132823,PhD,Married,6,Midwest,Urban,24,1968.97,82.04,16,6,0.052,0.559,1,0.433,0.074,10,6.62,5,45.82,0,1,1
57,Female,102329,PhD,Divorced,2,Midwest,Suburban,24,1916.6,79.86,27,4,0.103,0.587,1,0.269,0.034,18,27.01,5,15.79,0,1,1
18,Male,89609,PhD,Single,1,Midwest,Suburban,15,763.03,50.87,29,4,0.118,0.33,1,0.177,0.048,10,8.73,16,36.66,1,0,0
28,Male,105516,Master,Single,1,Northeast,Urban,13,1225.73,94.29,24,4,0.105,0.378,0,0.231,0.111,10,3.65,10,18.5,0,0,1
19,Male,62029,Bachelor,Single,4,West,Suburban,10,696.38,69.64,56,1,0.044,0.281,0,0.157,0.068,8,5.79,16,32.0,0,0,0
32,Male,87522,Bachelor,Widowed,1,Midwest,Urban,26,2281.43,87.75,12,4,0.028,0.19,1,0.06,0.023,16,4.31,19,33.4,1,0,0
40,Male,87580,Bachelor,Married,3,Southeast,Urban,10,582.94,58.29,38,3,0.105,0.58,1,0.308,0.113,4,6.23,13,48.1,0,0,1
20,Female,42947,Bachelor,Married,2,Southwest,Urban,11,778.4,70.76,51,3,0.051,0.855,0,0.217,0.044,12,3.53,14,44.81,1,0,0
28,Male,90150,PhD,Single,2,Southeast,Rural,18,1521.02,84.5,36,3,0.193,0.281,1,0.101,0.011,10,8.48,19,44.79,0,0,0
26,Male,76921,Master,Single,3,Midwest,Urban,14,1583.68,113.12,34,4,0.145,0.666,0,0.357,0.101,10,9.95,15,42.96,0,0,0
45,Male,93162,Master,Married,3,Southeast,Urban,23,2132.15,92.7,19,5,0.328,0.429,0,0.33,0.074,13,3.66,10,72.15,0,0,1
43,Other,73744,High School,Divorced,2,West,Rural,11,604.08,54.92,18,3,0.078,0.273,0,0.142,0.035,6,13.52,14,20.71,0,0,0
31,Male,101530,PhD,Single,2,West,Suburban,14,752.64,53.76,34,6,0.259,0.264,0,0.32,0.041,4,11.86,14,53.89,1,0,0
44,Male,46756,Master,Single,2,Northeast,Suburban,10,577.41,57.74,32,2,0.124,0.828,0,0.251,0.052,4,9.74,8,27.9,0,0,0
33,Male,47307,Bachelor,Single,3,Northeast,Urban,8,264.55,33.07,51,5,0.114,0.569,0,0.246,0.082,7,8.2,10,20.21,0,0,0
37,Female,52389,Master,Divorced,1,Southeast,Suburban,13,539.55,41.5,42,5,0.091,0.623,0,0.178,0.082,10,7.75,12,28.05,1,1,1
67,Female,96830,Bachelor,Married,3,Midwest,Urban,24,1418.3,59.1,21,5,0.338,0.485,1,0.291,0.124,9,4.11,7,18.84,0,0,1
62,Male,78807,High School,Single,2,Northeast,Suburban,15,866.71,57.78,14,2,0.111,0.584,0,0.289,0.063,5,10.21,1,24.66,0,0,0
22,Male,77448,Master,Single,3,West,Suburban,15,1467.72,97.85,24,1,0.065,0.418,0,0.223,0.091,9,6.27,16,44.51,1,0,0
54,Male,69416,Bachelor,Married,6,Southeast,Suburban,24,1088.67,45.36,11,5,0.017,0.425,1,0.35,0.131,9,4.6,8,9.78,0,1,0
54,Female,78912,High School,Divorced,1,Midwest,Suburban,11,670.58,60.96,22,4,0.053,0.507,0,0.321,0.05,5,3.66,10,6.29,0,0,1
24,Female,70543,Bachelor,Married,6,Midwest,Suburban,12,439.92,36.66,23,3,0.021,0.386,0,0.098,0.033,15,8.27,12,34.71,0,0,1
54,Male,94972,PhD,Married,2,West,Suburban,23,997.23,43.36,28,4,0.023,0.464,1,0.325,0.136,11,3.79,7,33.28,1,0,1
65,Male,70609,Bachelor,Widowed,2,Northeast,Suburban,13,776.31,59.72,40,4,0.258,0.716,0,0.242,0.037,15,14.49,9,14.53,0,1,0
25,Male,75598,Master,Married,4,Southwest,Urban,16,1151.18,71.95,39,3,0.033,0.654,0,0.432,0.054,15,14.71,18,21.7,1,0,1
28,Male,89876,Bachelor,Single,4,Southwest,Rural,17,882.83,51.93,25,4,0.11,0.329,0,0.127,0.016,12,8.7,16,49.16,0,0,1
57,Female,96696,High School,Widowed,1,Southwest,Suburban,16,767.35,47.96,10,1,0.104,0.71,1,0.266,0.082,9,8.59,8,31.76,0,0,0
46,Male,85851,Bachelor,Married,3,Southeast,Suburban,27,958.47,35.5,7,5,0.152,0.824,1,0.355,0.04,15,5.49,8,24.47,1,0,1
50,Male,54650,High School,Married,2,Northeast,Suburban,10,602.34,60.23,23,2,0.016,0.647,0,0.329,0.096,4,22.02,7,13.94,1,0,1
47,Male,76502,High School,Married,4,Southwest,Rural,8,695.6,86.95,67,2,0.24,0.284,0,0.16,0.05,3,4.58,9,25.05,1,0,0
47,Female,56413,High School,Married,5,West,Rural,9,266.77,29.64,29,1,0.054,0.744,0,0.257,0.047,7,7.78,8,39.97,0,1,1
22,Female,46687,Bachelor,Single,4,Northeast,Urban,14,565.44,40.39,15,4,0.112,0.347,0,0.361,0.176,12,7.34,18,41.56,1,0,0
57,Male,54040,Bachelor,Divorced,1,Midwest,Suburban,16,1258.65,78.67,38,1,0.179,0.524,0,0.213,0.085,6,4.23,6,31.35,0,1,1
59,Male,104335,Master,Divorced,5,Northeast,Urban,21,1635.83,77.9,13,5,0.121,0.845,1,0.422,0.109,8,6.5,4,41.81,1,0,1
38,Male,46551,High School,Married,4,Midwest,Urban,11,563.95,51.27,38,4,0.025,0.82,1,0.151,0.068,14,5.2,11,35.97,0,1,0
41,Female,74846,Bachelor,Single,2,West,Rural,20,1500.58,75.03,17,2,0.025,0.468,1,0.331,0.092,7,7.41,10,36.79,1,0,0
19,Male,20000,High School,Divorced,2,Southwest,Urban,20,622.73,31.14,32,4,0.073,0.819,1,0.192,0.075,13,5.83,6,68.96,1,0,0
49,Female,82347,Bachelor,Single,2,Southeast,Urban,14,778.67,55.62,37,3,0.067,0.84,0,0.251,0.085,10,4.26,7,36.7,0,1,0
50,Female,29133,High School,Married,4,Northeast,Suburban,15,760.7,50.71,26,7,0.185,0.453,1,0.493,0.14,15,3.72,8,32.38,0,0,0
41,Female,119719,PhD,Married,6,West,Rural,31,1929.27,62.23,20,3,0.17,0.143,1,0.374,0.077,18,4.11,10,54.81,1,0,1
58,Male,109828,Master,Single,4,Southeast,Urban,16,842.72,52.67,34,3,0.157,0.201,0,0.374,0.04,8,6.56,8,23.89,0,0,0
36,Female,65220,Bachelor,Married,6,Northeast,Urban,13,634.0,48.77,44,5,0.158,0.833,0,0.28,0.032,9,3.8,8,17.15,0,0,0
50,Female,74040,High School,Married,4,Midwest,Urban,13,1056.39,81.26,51,1,0.156,0.519,0,0.385,0.137,10,4.16,14,33.57,1,0,0
26,Male,46728,Bachelor,Married,2,Southeast,Urban,15,1149.2,76.61,18,1,0.053,0.359,1,0.307,0.137,12,3.37,17,29.73,0,0,0
41,Male,89485,Master,Widowed,2,West,Urban,22,1435.38,65.24,12,5,0.044,0.451,1,0.41,0.178,12,12.01,10,26.19,0,0,0
39,Male,68721,High School,Divorced,4,Northeast,Rural,13,1052.56,80.97,34,6,0.117,0.363,0,0.212,0.068,7,3.1,9,29.45,0,1,0
45,Male,30185,Bachelor,Married,4,Midwest,Urban,8,581.81,72.73,52,3,0.078,0.76,0,0.346,0.04,5,3.75,10,55.15,1,0,0
36,Male,77691,Master,Married,4,Southeast,Suburban,10,696.01,69.6,59,4,0.193,0.574,0,0.165,0.021,2,8.55,16,11.17,0,1,0
40,Female,87260,Master,Divorced,4,Southwest,Rural,20,1727.17,86.36,12,7,0.055,0.3,1,0.221,0.038,21,3.88,7,18.78,0,0,0
54,Male,95855,Master,Married,2,Midwest,Suburban,14,1613.62,115.26,27,1,0.243,0.315,0,0.287,0.054,7,7.09,7,70.44,0,1,0
35,Female,105456,Master,Married,2,West,Urban,14,960.85,68.63,31,7,0.129,0.336,0,0.176,0.044,12,3.68,9,9.77,1,1,0
18,Male,68141,PhD,Single,1,Midwest,Suburban,20,1184.76,59.24,20,5,0.214,0.379,1,0.208,0.037,14,6.28,11,59.38,1,1,0
68,Other,85682,Bachelor,Married,6,Northeast,Rural,11,1153.36,104.85,18,5,0.039,0.363,0,0.208,0.046,7,9.33,8,13.71,1,1,0
62,Male,61461,Bachelor,Married,2,Southeast,Urban,20,838.52,41.93,12,3,0.072,0.644,1,0.531,0.066,10,3.16,4,22.86,0,0,1
22,Female,95854,Master,Single,1,West,Urban,15,1215.56,81.04,16,6,0.219,0.706,0,0.186,0.049,7,12.71,9,8.08,1,0,0
52,Male,78505,Bachelor,Divorced,4,Southeast,Urban,21,1190.42,56.69,23,2,0.126,0.875,1,0.23,0.072,11,3.42,7,37.88,1,1,0
34,Male,91223,PhD,Married,3,Midwest,Suburban,18,1851.94,102.89,21,2,0.049,0.848,0,0.24,0.093,12,5.6,10,62.14,1,0,0
45,Female,60812,High School,Married,2,West,Urban,13,477.23,36.71,20,1,0.219,0.427,0,0.38,0.048,7,16.29,6,50.66,1,0,0
46,Male,86943,Bachelor,Divorced,4,Northeast,Suburban,14,1009.8,72.13,39,4,0.07,0.635,0,0.386,0.181,14,3.45,9,7.23,1,1,1
38,Female,76210,Bachelor,Widowed,3,Southwest,Suburban,14,660.32,47.17,41,5,0.167,0.456,0,0.365,0.101,12,6.38,14,33.21,0,1,1
30,Female,104318,Bachelor,Single,4,Southeast,Suburban,19,1003.73,52.83,14,8,0.142,0.531,0,0.18,0.048,10,4.32,16,67.72,0,1,1
31,Male,72209,Bachelor,Single,4,Southeast,Suburban,17,478.42,28.14,32,4,0.248,0.498,0,0.33,0.16,14,9.73,11,47.97,1,0,0
28,Female,71021,Master,Single,2,Southeast,Urban,20,1244.34,62.22,10,5,0.069,0.58,1,0.137,0.043,15,6.85,7,46.26,0,0,0
29,Female,40379,High School,Single,2,West,Suburban,6,359.18,59.86,93,2,0.083,0.393,0,0.168,0.034,9,7.5,20,31.07,0,0,0
40,Male,81708,Master,Single,1,Southeast,Suburban,15,1068.31,71.22,44,2,0.203,0.334,0,0.421,0.047,12,13.06,11,16.37,0,1,1
31,Female,57872,Master,Married,3,Northeast,Suburban,17,1081.68,63.63,14,3,0.013,0.281,1,0.329,0.148,11,5.15,13,28.25,1,0,0
52,Female,82797,Bachelor,Divorced,1,Northeast,Urban,18,1128.79,62.71,32,5,0.064,0.293,1,0.129,0.052,10,14.74,9,15.76,0,0,1
64,Male,103552,Bachelor,Divorced,3,Northeast,Suburban,19,1927.81,101.46,11,4,0.011,0.451,0,0.446,0.16,8,5.41,7,30.08,1,0,0
33,Male,57799,Bachelor,Married,5,West,Suburban,11,808.01,73.46,59,5,0.189,0.52,0,0.334,0.093,10,4.14,5,35.49,0,0,0
45,Female,79489,Master,Married,5,Midwest,Suburban,16,1156.08,72.26,25,3,0.4,0.363,0,0.176,0.073,9,3.54,13,34.35,0,1,0
49,Male,117539,Master,Married,2,West,Urban,22,2043.32,92.88,20,3,0.142,0.475,0,0.233,0.049,8,5.98,8,3.99,1,0,0
49,Male,73402,Master,Single,1,West,Urban,12,688.63,57.39,46,3,0.251,0.53,0,0.418,0.079,9,16.55,15,36.75,1,1,0
43,Male,73982,PhD,Married,4,West,Suburban,12,1270.79,105.9,24,3,0.1,0.639,1,0.445,0.21,11,4.29,9,35.84,0,1,0
53,Female,65706,Bachelor,Single,1,Southeast,Suburban,12,948.21,79.02,30,2,0.133,0.394,0,0.141,0.018,6,5.55,8,7.5,0,1,0
49,Male,86693,PhD,Married,5,Southeast,Suburban,12,855.48,71.29,16,6,0.123,0.481,0,0.269,0.124,6,12.22,14,26.81,1,0,0
23,Male,79793,Master,Single,1,Midwest,Suburban,13,863.77,66.44,37,1,0.127,0.493,0,0.223,0.043,10,5.18,12,0.0,1,0,0
55,Female,94189,Master,Divorced,5,Southeast,Urban,15,1039.51,69.3,38,3,0.099,0.57,0,0.144,0.069,12,4.83,4,19.52,0,1,0
55,Male,66304,High School,Married,2,Midwest,Urban,18,1029.21,57.18,34,6,0.112,0.618,1,0.245,0.062,6,6.54,8,42.15,0,1,0
30,Female,111894,PhD,Married,2,Northeast,Suburban,13,1181.37,90.87,34,3,0.194,0.548,1,0.17,0.043,6,8.13,7,18.09,1,0,0
42,Other,63829,Bachelor,Single,1,West,Suburban,12,333.37,27.78,46,1,0.095,0.249,0,0.365,0.043,12,8.51,15,39.33,0,0,0
52,Female,108826,Master,Married,4,Northeast,Suburban,16,1270.89,79.43,15,3,0.059,0.494,0,0.321,0.138,9,4.04,10,5.17,0,0,0
38,Female,78669,High School,Married,3,Northeast,Rural,21,1400.96,66.71,26,3,0.118,0.583,1,0.452,0.202,11,3.21,12,18.97,0,0,0
58,Male,80165,Bachelor,Single,4,Southwest,Suburban,22,1538.16,69.92,8,4,0.051,0.553,1,0.505,0.195,12,12.06,4,16.31,0,1,1
77,Female,113255,Bachelor,Single,1,Northeast,Urban,26,2343.11,90.12,10,6,0.35,0.659,0,0.289,0.114,12,9.05,3,24.57,1,1,1
30,Male,60972,Bachelor,Married,1,Northeast,Suburban,23,1405.84,61.12,22,4,0.075,0.289,1,0.218,0.049,14,6.22,10,32.64,1,1,0
21,Male,56261,High School,Married,2,Northeast,Suburban,13,861.02,66.23,25,2,0.164,0.463,0,0.305,0.113,9,14.91,14,37.64,1,0,1
46,Male,68827,Master,Married,3,Northeast,Suburban,11,678.86,61.71,33,3,0.105,0.492,1,0.308,0.033,9,12.81,18,28.4,0,0,0
52,Male,42517,High School,Married,6,Southeast,Rural,12,852.22,71.02,48,3,0.118,0.483,0,0.396,0.155,16,5.56,9,14.81,0,0,0
38,Female,65130,Bachelor,Divorced,1,Southeast,Suburban,12,908.66,75.72,38,1,0.131,0.433,0,0.458,0.214,12,6.47,12,29.92,1,0,1
63,Male,62666,High School,Widowed,4,Midwest,Suburban,13,1381.27,106.25,28,3,0.055,0.385,0,0.342,0.067,12,7.88,7,0.0,1,0,0
21,Female,49649,Bachelor,Single,4,Midwest,Rural,16,1101.75,68.86,25,5,0.082,0.53,1,0.096,0.012,15,5.76,18,25.25,1,0,0
52,Female,78907,Bachelor,Divorced,2,Midwest,Urban,14,763.7,54.55,43,6,0.098,0.285,0,0.162,0.062,7,4.15,8,36.83,1,0,0
32,Female,77000,Bachelor,Married,1,Midwest,Urban,11,719.01,65.36,37,4,0.028,0.893,0,0.372,0.176,9,7.94,19,33.58,1,0,0
67,Male,88085,Bachelor,Widowed,2,Southeast,Urban,18,1150.13,63.9,34,1,0.03,0.79,1,0.272,0.124,11,6.57,6,29.12,1,1,0
71,Female,85042,Bachelor,Married,4,Northeast,Urban,17,1235.57,72.68,17,6,0.074,0.393,0,0.209,0.099,11,7.73,5,5.59,0,0,0
30,Male,44327,High School,Married,1,West,Urban,11,815.33,74.12,39,1,0.121,0.825,0,0.05,0.018,9,4.94,11,34.69,1,1,0
33,Male,55462,Bachelor,Married,1,Southwest,Rural,15,768.81,51.25,24,2,0.03,0.897,0,0.275,0.071,14,7.18,13,48.89,1,0,0
54,Other,54789,High School,Married,3,Northeast,Rural,15,690.36,46.02,31,3,0.103,0.375,1,0.38,0.104,5,5.44,7,27.02,0,0,0
36,Male,75204,PhD,Married,3,West,Suburban,11,857.21,77.93,41,3,0.141,0.342,0,0.372,0.174,4,3.61,6,4.53,1,0,0
41,Male,74442,Bachelor,Married,5,Southwest,Suburban,21,1069.23,50.92,22,3,0.079,0.435,1,0.251,0.092,11,3.16,13,48.39,1,0,1
42,Female,65669,Bachelor,Single,1,Northeast,Urban,14,634.87,45.35,31,2,0.08,0.419,1,0.277,0.096,10,10.19,11,46.87,0,1,0
18,Male,69494,Bachelor,Single,1,West,Suburban,18,1302.96,72.39,22,5,0.143,0.385,0,0.167,0.061,9,9.58,15,46.52,0,0,1
41,Female,51689,Bachelor,Divorced,3,Southeast,Urban,6,120.08,20.01,97,1,0.168,0.695,0,0.245,0.107,5,3.39,10,32.91,0,1,0
31,Male,42268,High School,Married,3,West,Suburban,7,290.36,41.48,41,1,0.1,0.688,0,0.33,0.04,10,3.87,12,34.42,0,1,0
34,Male,79993,High School,Married,2,Northeast,Urban,12,1045.36,87.11,32,1,0.207,0.326,0,0.343,0.057,12,7.16,15,5.36,0,0,0
63,Male,76905,Bachelor,Married,2,Northeast,Suburban,12,381.37,31.78,22,4,0.032,0.507,0,0.46,0.088,6,6.61,8,23.28,0,1,0
23,Male,55452,Bachelor,Single,1,Southwest,Urban,19,427.67,22.51,18,2,0.045,0.536,1,0.352,0.065,9,6.12,11,10.31,1,0,0
54,Male,50562,High School,Married,4,Northeast,Urban,8,212.81,26.6,35,4,0.007,0.383,0,0.306,0.095,2,3.89,7,30.56,0,1,0
37,Female,49973,Bachelor,Married,1,Northeast,Suburban,10,150.0,15.0,49,6,0.087,0.763,0,0.163,0.036,11,4.0,17,16.16,1,0,0
37,Female,123409,PhD,Widowed,1,West,Suburban,17,2203.84,129.64,31,3,0.159,0.751,0,0.154,0.038,15,5.32,9,35.2,0,1,0
53,Female,85565,Bachelor,Married,5,Northeast,Urban,25,1879.8,75.19,12,3,0.063,0.31,1,0.301,0.09,12,7.82,12,7.26,1,0,1
47,Male,80205,Bachelor,Married,3,West,Urban,12,680.32,56.69,55,5,0.05,0.341,0,0.431,0.135,14,7.03,8,57.46,1,0,0
50,Female,85155,PhD,Single,2,Midwest,Rural,14,654.84,46.77,22,3,0.037,0.376,1,0.161,0.045,12,4.89,9,24.32,1,0,1
56,Female,105781,Master,Married,6,West,Urban,22,2792.13,126.91,27,1,0.066,0.735,1,0.309,0.1,16,8.11,10,33.96,0,1,1
37,Female,87561,Bachelor,Married,2,Southeast,Suburban,13,1129.45,86.88,24,3,0.074,0.664,0,0.42,0.09,10,6.76,7,64.57,0,0,0
32,Male,98442,Master,Married,5,Midwest,Urban,28,2146.29,76.65,14,3,0.227,0.45,1,0.253,0.088,13,3.48,10,45.88,0,1,1
25,Female,55624,High School,Single,2,Southeast,Suburban,13,1068.63,82.2,39,5,0.089,0.503,0,0.328,0.081,7,12.3,19,29.34,0,0,0
29,Female,46857,Bachelor,Single,3,Southwest,Suburban,9,550.83,61.2,48,2,0.122,0.425,0,0.353,0.171,11,17.86,7,11.98,0,0,0
80,Male,109296,Bachelor,Divorced,5,Southeast,Rural,17,1268.34,74.61,25,6,0.176,0.312,0,0.226,0.105,9,7.18,1,7.92,0,0,0
60,Female,83613,High School,Widowed,1,Southeast,Suburban,24,1432.28,59.68,24,2,0.06,0.739,1,0.477,0.195,13,3.51,8,26.63,0,1,0
21,Male,30483,Bachelor,Single,3,Northeast,Urban,9,300.9,33.43,56,8,0.095,0.703,0,0.326,0.14,10,3.97,9,6.2,1,0,0
22,Female,26380,High School,Single,3,Northeast,Rural,8,182.96,22.87,75,1,0.035,0.651,0,0.321,0.157,10,3.74,23,62.36,1,0,0
49,Female,93122,Bachelor,Married,4,Southeast,Suburban,18,1778.27,98.79,16,2,0.058,0.171,1,0.228,0.04,12,4.52,8,1.98,1,1,1
50,Female,93740,Bachelor,Widowed,2,Southwest,Rural,11,731.61,66.51,15,3,0.226,0.49,0,0.413,0.147,10,11.57,3,35.03,0,0,0
50,Male,57371,Bachelor,Divorced,2,Southeast,Suburban,15,1286.24,85.75,45,1,0.101,0.55,0,0.291,0.047,10,3.22,6,2.4,1,0,0
38,Male,67925,High School,Divorced,3,Southeast,Suburban,16,758.22,47.39,19,8,0.061,0.507,0,0.251,0.05,10,3.34,9,31.53,1,0,1
40,Female,59029,High School,Single,2,West,Rural,10,475.34,47.53,18,4,0.046,0.541,0,0.05,0.014,11,10.98,10,17.61,1,0,1
46,Male,89115,Bachelor,Married,3,Southwest,Suburban,16,1048.15,65.51,18,5,0.124,0.282,0,0.308,0.046,7,18.69,10,12.59,0,1,1
43,Male,95482,PhD,Married,5,West,Suburban,25,1493.99,59.76,21,3,0.041,0.615,1,0.321,0.076,18,12.6,9,17.92,1,1,0
18,Female,49677,High School,Single,2,West,Suburban,7,301.77,43.11,63,2,0.175,0.641,0,0.376,0.126,5,4.42,18,14.21,1,1,0
38,Female,83657,Bachelor,Married,4,Northeast,Suburban,13,1076.92,82.84,21,3,0.246,0.374,0,0.342,0.051,6,3.56,14,36.99,0,0,0
29,Male,73529,Master,Single,3,West,Suburban,11,998.85,90.8,23,5,0.04,0.562,0,0.332,0.115,9,9.46,9,30.63,0,0,1
44,Male,61066,High School,Married,6,Northeast,Suburban,27,1795.89,66.51,15,5,0.14,0.567,1,0.365,0.092,17,6.26,10,26.91,0,0,0
80,Male,109872,Master,Single,1,West,Suburban,17,1039.08,61.12,10,3,0.155,0.379,0,0.172,0.043,5,6.23,2,9.29,1,0,0
47,Female,102974,Bachelor,Married,2,Midwest,Suburban,14,972.96,69.5,12,2,0.034,0.255,0,0.303,0.139,8,4.22,5,54.37,0,1,1
37,Female,68395,Bachelor,Single,4,Midwest,Suburban,21,1105.13,52.63,23,5,0.132,0.531,1,0.457,0.117,14,6.33,19,0.0,1,1,1
55,Female,70769,Bachelor,Single,3,Southwest,Urban,25,2484.87,99.39,13,4,0.163,0.279,1,0.353,0.135,11,4.35,9,29.35,1,0,0
49,Female,69062,Bachelor,Married,6,West,Urban,23,1937.57,84.24,8,8,0.033,0.412,1,0.289,0.135,17,5.25,10,14.72,0,0,0
48,Female,80901,Bachelor,Married,5,Midwest,Urban,10,947.35,94.73,39,3,0.226,0.475,0,0.31,0.123,12,5.24,10,11.52,1,0,1
51,Female,107699,Master,Married,4,Midwest,Suburban,14,975.39,69.67,46,5,0.044,0.568,0,0.322,0.117,8,7.42,12,0.0,0,1,1
72,Male,93162,Master,Married,3,Northeast,Rural,17,868.9,51.11,17,5,0.056,0.356,0,0.305,0.064,14,13.7,3,38.78,0,0,0
25,Female,103314,Master,Single,3,West,Suburban,14,1303.74,93.12,21,2,0.194,0.329,0,0.203,0.079,15,7.03,13,50.51,1,1,1
49,Male,99430,Master,Married,3,Northeast,Rural,12,846.13,70.51,33,4,0.191,0.634,0,0.267,0.049,7,4.57,6,10.3,1,1,0
28,Female,69996,Bachelor,Divorced,6,Southwest,Urban,16,1133.28,70.83,15,3,0.112,0.369,0,0.279,0.036,14,12.52,16,58.07,0,0,1
50,Female,79142,Bachelor,Married,5,Midwest,Suburban,10,778.2,77.82,48,1,0.192,0.26,0,0.294,0.094,8,4.35,6,52.14,0,0,0
28,Male,63288,Bachelor,Married,3,Southeast,Urban,20,1074.84,53.74,30,6,0.068,0.399,1,0.325,0.152,11,7.28,11,32.88,1,1,0
35,Female,81375,Master,Married,4,Midwest,Urban,25,2269.24,90.77,11,9,0.032,0.197,1,0.287,0.062,11,6.57,7,28.78,1,0,1
37,Male,85466,Bachelor,Married,2,West,Rural,12,522.3,43.53,41,2,0.067,0.422,0,0.269,0.06,10,3.5,14,19.84,1,0,1
56,Female,85281,Bachelor,Married,5,West,Urban,8,598.63,74.83,74,4,0.028,0.352,0,0.341,0.111,8,5.73,7,31.8,1,0,0
55,Male,111105,Master,Married,3,Southeast,Urban,28,2775.42,99.12,23,6,0.212,0.429,1,0.182,0.03,14,7.51,9,7.18,0,0,0
23,Female,52492,Bachelor,Single,3,West,Urban,14,1264.08,90.29,32,6,0.023,0.4,0,0.142,0.053,10,7.14,11,39.77,0,0,0
42,Male,62134,High School,Married,5,West,Suburban,16,1020.21,63.76,15,4,0.143,0.563,0,0.562,0.163,13,7.41,8,31.17,0,0,1
31,Male,53341,Bachelor,Single,1,West,Suburban,9,736.37,81.82,54,3,0.02,0.666,1,0.264,0.045,8,10.98,12,55.8,1,1,0
23,Male,77247,Bachelor,Single,2,West,Urban,16,1479.34,92.46,34,2,0.177,0.813,0,0.12,0.034,10,5.12,9,59.94,0,1,0
38,Male,58493,Bachelor,Married,3,Southwest,Urban,13,1377.77,105.98,42,3,0.131,0.56,0,0.327,0.047,6,10.24,12,11.96,0,1,0
37,Male,95325,PhD,Married,4,Northeast,Urban,15,1262.06,84.14,43,3,0.014,0.317,1,0.231,0.081,11,12.96,9,48.03,1,0,0
78,Female,98275,Bachelor,Married,2,Midwest,Urban,14,1682.51,120.18,34,4,0.022,0.564,0,0.268,0.038,9,5.93,7,1.74,0,0,0
48,Male,73690,Bachelor,Married,1,Southwest,Rural,15,1245.69,83.05,27,1,0.186,0.426,0,0.173,0.07,8,13.09,10,42.81,0,0,0
21,Male,83237,Master,Single,3,West,Rural,23,941.52,40.94,19,3,0.157,0.508,1,0.298,0.111,11,12.19,13,36.5,1,0,1
33,Male,47250,High School,Single,3,Midwest,Rural,8,433.6,54.2,39,1,0.189,0.543,0,0.271,0.034,8,10.26,8,28.1,0,1,0
57,Female,107108,Bachelor,Divorced,4,West,Rural,16,1043.57,65.22,12,4,0.109,0.724,0,0.455,0.06,10,7.07,8,1.41,1,0,1
73,Female,116722,PhD,Married,3,Southwest,Rural,26,3093.12,118.97,21,8,0.184,0.556,1,0.344,0.078,15,5.54,5,20.04,0,0,0
18,Female,72540,Master,Single,4,Southeast,Rural,9,626.77,69.64,19,7,0.241,0.517,0,0.161,0.024,11,4.12,8,31.65,1,0,0
18,Female,28363,High School,Single,2,Northeast,Rural,7,124.53,17.79,27,1,0.026,0.501,0,0.05,0.012,8,5.42,16,64.44,0,0,0
70,Male,87914,High School,Divorced,4,Southwest,Rural,9,824.51,91.61,36,6,0.139,0.343,0,0.211,0.038,5,12.77,2,25.26,1,1,0
47,Male,77960,Bachelor,Single,1,Southeast,Suburban,9,858.7,95.41,69,2,0.032,0.376,0,0.203,0.075,8,4.37,7,45.27,1,0,0
28,Male,75674,Master,Single,2,Southeast,Urban,22,1315.02,59.77,19,7,0.136,0.692,1,0.173,0.026,16,10.8,15,68.11,0,0,0
50,Female,113427,Master,Divorced,2,Southwest,Suburban,21,1633.23,77.77,13,4,0.042,0.207,1,0.269,0.031,11,5.22,5,13.32,1,1,1
18,Other,45184,Bachelor,Single,1,West,Suburban,13,736.13,56.63,48,5,0.092,0.496,0,0.231,0.044,8,9.28,16,2.68,0,0,0
42,Female,112997,PhD,Married,2,Midwest,Suburban,17,854.84,50.28,27,6,0.091,0.709,0,0.276,0.069,3,4.88,9,20.46,1,0,0
46,Male,65865,Bachelor,Divorced,2,West,Suburban,9,694.14,77.13,38,3,0.222,0.326,0,0.538,0.058,9,3.41,9,26.43,1,0,0
55,Male,86290,Bachelor,Married,6,Southeast,Suburban,16,1711.54,106.97,33,6,0.163,0.46,0,0.238,0.094,9,4.98,7,53.79,1,0,0
26,Male,43466,Bachelor,Married,4,Southeast,Urban,6,232.31,38.72,60,4,0.142,0.408,0,0.485,0.193,7,11.93,16,30.7,0,1,1
43,Female,50062,High School,Single,1,Southwest,Urban,9,827.03,91.89,58,3,0.139,0.376,0,0.399,0.116,1,5.49,8,41.98,1,0,0
28,Male,91767,PhD,Single,3,West,Rural,13,1245.14,95.78,21,7,0.079,0.48,1,0.296,0.088,9,4.92,15,30.86,0,0,0
45,Female,88819,High School,Divorced,3,Midwest,Suburban,20,1457.38,72.87,12,5,0.11,0.555,0,0.308,0.12,16,26.09,6,4.23,1,1,1
28,Male,64512,Bachelor,Single,1,Northeast,Urban,23,1723.91,74.95,18,3,0.11,0.369,1,0.203,0.081,17,6.02,19,31.92,1,0,1
35,Female,108420,Master,Married,3,Southwest,Rural,14,1626.29,116.16,23,5,0.142,0.466,0,0.188,0.068,9,3.13,18,32.2,1,0,0
27,Female,65504,Bachelor,Married,6,West,Urban,23,1508.53,65.59,21,7,0.055,0.467,1,0.202,0.028,17,3.49,15,45.28,0,0,1
51,Female,90593,Master,Single,1,Southeast,Suburban,18,1496.66,83.15,32,5,0.051,0.367,1,0.354,0.119,17,4.48,9,28.08,1,0,1
54,Female,106890,Bachelor,Divorced,2,Northeast,Urban,16,1163.77,72.74,39,2,0.048,0.33,0,0.242,0.081,7,10.56,9,26.47,1,0,0
38,Female,77555,Bachelor,Divorced,3,Midwest,Rural,15,995.7,66.38,37,2,0.098,0.363,0,0.315,0.081,9,5.58,11,59.98,0,1,0
42,Female,94559,PhD,Married,4,Northeast,Suburban,17,1552.02,91.3,20,5,0.065,0.514,0,0.341,0.057,13,3.2,11,12.56,1,0,0
20,Female,48658,High School,Single,1,Southeast,Suburban,6,304.33,50.72,82,2,0.162,0.819,0,0.247,0.117,2,3.91,15,49.35,0,0,0
37,Female,80811,Master,Single,5,Northeast,Rural,13,784.38,60.34,33,1,0.022,0.428,0,0.252,0.104,12,3.57,14,41.59,1,1,1
41,Other,28564,High School,Married,3,Southeast,Rural,10,673.02,67.3,61,4,0.092,0.401,0,0.322,0.089,6,9.04,16,43.5,0,1,0
80,Female,133639,Master,Single,2,Southeast,Suburban,21,2235.86,106.47,25,3,0.248,0.455,0,0.063,0.014,11,4.15,4,0.0,0,0,0
25,Female,62024,High School,Single,2,Northeast,Rural,16,822.56,51.41,15,3,0.225,0.416,0,0.216,0.057,8,5.2,10,57.57,1,0,0
63,Female,118569,Bachelor,Single,2,Northeast,Suburban,14,1740.77,124.34,15,1,0.082,0.661,0,0.071,0.021,15,6.32,7,2.34,1,0,1
56,Male,106732,Master,Married,4,West,Suburban,32,4020.43,125.64,14,9,0.217,0.486,1,0.232,0.095,18,10.21,3,13.45,0,0,0
46,Male,73669,Bachelor,Married,5,Northeast,Suburban,18,1568.28,87.13,20,7,0.106,0.802,0,0.43,0.051,9,4.93,10,21.64,1,1,0
68,Female,122524,Master,Married,2,Southwest,Urban,23,1549.48,67.37,11,3,0.163,0.225,0,0.194,0.073,12,3.24,4,28.46,1,0,1
47,Female,105947,Master,Married,4,West,Urban,26,2368.97,91.11,22,8,0.092,0.904,0,0.311,0.11,12,3.27,12,40.59,1,0,1
47,Female,117774,Master,Married,2,Northeast,Rural,18,1811.87,100.66,20,7,0.092,0.455,1,0.342,0.125,9,3.6,10,14.77,0,0,0
41,Male,102730,PhD,Single,3,Southeast,Urban,13,645.65,49.67,16,2,0.144,0.423,0,0.339,0.13,10,10.04,11,42.68,0,1,0
60,Female,86116,Bachelor,Single,1,Southwest,Suburban,21,2034.89,96.9,14,5,0.179,0.574,1,0.269,0.13,22,5.21,7,21.49,1,0,1
58,Female,61266,High School,Single,2,Southeast,Urban,8,518.53,64.82,61,2,0.066,0.458,0,0.296,0.124,9,7.82,5,23.75,0,0,0
32,Male,59261,High School,Married,4,Midwest,Suburban,8,656.66,82.08,59,1,0.326,0.429,0,0.312,0.103,12,8.6,16,32.83,1,0,1
22,Female,34976,Bachelor,Single,1,West,Urban,6,248.26,41.38,46,1,0.027,0.399,0,0.242,0.066,8,9.88,17,80.97,0,0,0
38,Female,67641,High School,Married,2,Northeast,Rural,10,735.05,73.5,33,3,0.208,0.337,0,0.224,0.099,12,5.25,7,44.84,1,0,0
29,Male,72617,Bachelor,Single,3,Midwest,Rural,12,923.36,76.95,16,6,0.025,0.293,0,0.339,0.168,6,3.73,19,51.58,1,0,0
41,Female,67176,High School,Divorced,2,West,Rural,14,943.04,67.36,46,2,0.188,0.35,0,0.318,0.156,16,10.34,7,35.12,1,1,0
60,Female,75673,High School,Married,3,Northeast,Suburban,12,931.97,77.66,27,3,0.064,0.622,0,0.294,0.094,17,5.98,7,11.86,1,0,0
35,Male,76594,High School,Married,3,Northeast,Rural,15,983.32,65.55,43,4,0.092,0.487,0,0.299,0.108,11,5.51,6,37.25,0,0,1
41,Male,101479,Master,Married,5,Midwest,Suburban,14,799.1,57.08,41,4,0.121,0.313,0,0.312,0.134,13,8.05,12,50.01,1,0,0
42,Other,65093,Bachelor,Married,4,West,Suburban,7,151.99,21.71,45,1,0.156,0.405,0,0.19,0.05,4,9.96,9,49.14,0,0,0
54,Male,74962,Bachelor,Married,2,Southeast,Urban,10,551.34,55.13,51,2,0.203,0.489,0,0.158,0.06,5,8.29,5,34.57,0,1,1
18,Male,56804,Master,Married,4,Southeast,Rural,9,667.96,74.22,44,6,0.113,0.335,0,0.216,0.054,5,3.64,25,36.89,1,0,0
32,Male,59469,High School,Married,6,Northeast,Urban,5,194.79,38.96,119,5,0.103,0.815,0,0.321,0.112,6,8.04,16,50.6,0,0,0
45,Female,91597,PhD,Divorced,3,Southeast,Suburban,21,2037.31,97.01,24,6,0.119,0.539,1,0.221,0.035,8,3.22,11,19.69,1,0,1
60,Female,104850,Bachelor,Married,3,Northeast,Suburban,11,1212.74,110.25,38,1,0.066,0.296,0,0.255,0.104,10,11.62,6,10.65,1,0,1
34,Female,87644,Bachelor,Divorced,2,Southeast,Suburban,8,666.21,83.28,59,4,0.213,0.503,0,0.322,0.044,7,13.37,18,27.88,1,0,0
18,Male,56814,Master,Single,3,Midwest,Urban,9,495.79,55.09,30,4,0.179,0.35,0,0.409,0.063,6,6.01,16,23.74,1,0,0
51,Female,93616,Master,Married,5,West,Suburban,17,1654.14,97.3,19,7,0.054,0.402,0,0.174,0.075,17,3.96,5,35.07,1,1,1
32,Male,66449,Bachelor,Married,3,West,Suburban,11,950.01,86.36,47,3,0.056,0.77,0,0.389,0.126,8,4.65,10,58.68,0,0,1
24,Male,88059,Master,Single,1,West,Urban,19,1321.02,69.53,11,5,0.139,0.64,1,0.302,0.091,15,11.73,10,34.47,0,0,1
32,Male,90340,Bachelor,Single,1,Southeast,Suburban,18,1383.59,76.87,18,6,0.031,0.463,0,0.444,0.201,7,16.1,11,58.25,1,0,0
39,Male,46517,Bachelor,Married,6,Northeast,Rural,11,406.87,36.99,43,3,0.116,0.487,0,0.168,0.039,8,3.24,10,18.75,0,1,0
32,Female,46427,High School,Married,2,Midwest,Rural,16,943.0,58.94,42,3,0.042,0.611,1,0.344,0.08,11,3.06,18,30.44,1,1,0
18,Female,51009,Bachelor,Married,4,Midwest,Suburban,20,300.0,15.0,32,2,0.173,0.363,1,0.266,0.083,11,6.19,12,32.33,0,0,0
55,Male,48589,High School,Divorced,3,Midwest,Urban,8,387.55,48.44,70,1,0.058,0.653,0,0.17,0.074,12,3.9,7,46.57,1,0,0
61,Female,112123,PhD,Divorced,1,Northeast,Suburban,18,1241.95,69.0,24,4,0.073,0.619,0,0.3,0.055,14,9.35,6,15.24,0,0,0
51,Female,72816,High School,Married,5,Midwest,Suburban,20,1292.93,64.65,29,8,0.171,0.774,1,0.05,0.011,10,19.24,11,5.98,1,0,0
24,Female,55619,Bachelor,Single,1,Northeast,Rural,14,586.68,41.91,32,6,0.121,0.407,0,0.341,0.134,14,3.37,17,60.18,1,0,0
38,Male,47830,Bachelor,Single,2,Midwest,Rural,12,187.84,15.65,33,3,0.164,0.723,0,0.211,0.105,15,3.17,14,23.45,0,0,0
41,Female,131511,Master,Married,1,Northeast,Rural,27,2232.3,82.68,10,6,0.18,0.519,1,0.401,0.152,15,5.19,8,39.17,1,0,1
50,Male,114592,PhD,Married,3,West,Suburban,22,1711.22,77.78,30,5,0.096,0.692,1,0.472,0.154,13,4.57,9,13.03,0,1,0
52,Female,98875,Master,Married,3,Northeast,Suburban,13,1309.65,100.74,36,4,0.07,0.558,0,0.385,0.173,12,4.95,4,42.61,0,0,0
30,Male,78131,PhD,Married,4,West,Urban,17,956.15,56.24,30,1,0.232,0.466,0,0.35,0.092,9,4.58,11,51.15,0,0,0
43,Female,93910,Master,Married,3,West,Suburban,25,1500.11,60.0,9,3,0.088,0.392,1,0.187,0.069,15,3.49,13,17.31,1,0,1
48,Male,106536,PhD,Married,5,Southwest,Rural,18,1069.74,59.43,22,3,0.326,0.188,0,0.311,0.061,12,11.81,8,48.24,1,0,0
63,Male,77672,Master,Divorced,2,West,Suburban,15,1375.3,91.69,44,1,0.035,0.477,0,0.216,0.056,8,3.02,1,0.74,1,0,0
52,Female,51146,High School,Divorced,2,Northeast,Suburban,12,613.35,51.11,45,5,0.192,0.566,1,0.257,0.1,15,3.57,6,41.63,1,1,0
53,Female,94923,Bachelor,Divorced,2,Southwest,Urban,9,746.17,82.91,66,4,0.173,0.712,0,0.468,0.161,4,4.05,6,39.27,1,1,0
43,Female,104160,Bachelor,Widowed,3,West,Urban,16,819.27,51.2,23,1,0.214,0.838,1,0.321,0.148,4,5.17,7,41.88,0,0,0
63,Female,96507,Bachelor,Married,6,Northeast,Suburban,18,776.82,43.16,11,7,0.062,0.725,1,0.312,0.057,7,3.71,5,24.84,0,1,1
48,Male,95546,Bachelor,Married,3,Midwest,Rural,21,1254.45,59.74,17,4,0.079,0.262,1,0.289,0.086,9,4.93,12,15.52,0,1,0
29,Female,61463,Bachelor,Married,4,Southeast,Urban,21,1957.12,93.2,17,4,0.14,0.475,1,0.392,0.047,12,3.29,11,40.05,0,0,1
63,Male,119701,PhD,Married,4,Midwest,Urban,22,1496.49,68.02,15,7,0.16,0.47,0,0.304,0.148,13,5.6,7,25.55,0,1,0
52,Male,83564,High School,Divorced,3,West,Suburban,20,1185.19,59.26,22,3,0.083,0.534,1,0.109,0.037,9,7.06,5,0.0,1,1,0
35,Female,108541,Master,Married,6,Midwest,Urban,30,2535.86,84.53,9,2,0.12,0.539,1,0.223,0.039,22,10.27,7,43.43,0,0,0
34,Female,102316,Master,Married,4,Northeast,Urban,26,1785.03,68.65,25,7,0.146,0.491,1,0.421,0.186,12,7.68,14,22.33,0,1,1
46,Female,91404,PhD,Single,2,West,Urban,31,2643.41,85.27,21,5,0.06,0.524,1,0.309,0.045,15,4.06,9,5.18,1,0,1
48,Female,107995,PhD,Widowed,1,Southeast,Suburban,33,2223.41,67.38,9,4,0.144,0.337,1,0.242,0.11,18,7.03,7,3.95,0,0,1
44,Female,94962,Master,Divorced,4,West,Suburban,11,610.07,55.46,44,4,0.075,0.298,0,0.426,0.049,9,4.14,12,37.05,1,1,0
46,Male,73504,Bachelor,Divorced,4,West,Rural,14,1695.52,121.11,30,6,0.235,0.442,0,0.267,0.127,15,6.15,10,12.61,1,0,0
67,Male,85017,High School,Divorced,1,West,Suburban,11,591.51,53.77,26,1,0.041,0.613,0,0.228,0.05,6,7.76,6,12.83,0,1,0
58,Female,99308,Bachelor,Married,4,Southwest,Suburban,12,1146.69,95.56,51,2,0.065,0.455,0,0.303,0.075,15,5.29,11,3.28,0,0,0
44,Male,105842,Master,Single,2,Southwest,Urban,16,1025.22,64.08,18,8,0.097,0.289,0,0.282,0.099,13,3.62,15,48.86,0,1,0
56,Male,125688,Master,Widowed,4,Southwest,Suburban,26,1612.65,62.03,19,13,0.193,0.497,0,0.333,0.159,14,3.53,6,19.63,1,0,1
26,Male,71458,Master,Single,1,Midwest,Suburban,27,1725.94,63.92,13,5,0.26,0.538,1,0.137,0.024,18,4.42,18,32.4,0,0,0
47,Female,42739,High School,Married,3,Southeast,Urban,9,220.96,24.55,63,4,0.056,0.449,0,0.368,0.089,8,4.18,9,26.54,1,0,0
69,Male,101173,Bachelor,Married,3,Southeast,Suburban,20,1454.47,72.72,24,6,0.02,0.304,0,0.2,0.074,11,3.3,6,5.46,0,0,0
38,Female,99257,Bachelor,Married,4,Southwest,Urban,18,1146.81,63.71,33,2,0.226,0.57,1,0.369,0.047,13,3.25,11,23.89,0,0,1
29,Female,41645,High School,Single,5,Midwest,Suburban,11,834.45,75.86,31,2,0.009,0.577,0,0.313,0.074,11,3.5,17,41.53,1,0,1
32,Male,76502,Bachelor,Married,3,Midwest,Suburban,18,673.42,37.41,9,5,0.245,0.262,0,0.503,0.178,12,8.86,10,68.41,1,1,0
25,Female,56036,High School,Single,3,Southwest,Suburban,11,786.89,71.54,25,5,0.008,0.217,0,0.126,0.035,9,9.56,20,75.27,1,0,0
30,Female,82471,Master,Divorced,1,West,Rural,12,923.25,76.94,48,3,0.151,0.745,0,0.226,0.111,5,9.62,17,54.2,0,0,1
36,Female,69503,Bachelor,Single,2,Southwest,Rural,16,962.72,60.17,20,3,0.109,0.52,1,0.251,0.123,18,3.3,13,24.94,1,0,1
20,Female,42748,Bachelor,Single,2,Northeast,Rural,14,506.95,36.21,23,2,0.085,0.742,1,0.218,0.103,10,3.81,12,32.75,1,1,0
42,Male,69975,PhD,Married,3,Southeast,Rural,20,1368.66,68.43,20,5,0.251,0.431,1,0.353,0.17,10,3.27,13,20.91,0,0,0
55,Female,67922,Bachelor,Widowed,3,Southeast,Urban,15,1027.0,68.47,20,4,0.147,0.35,1,0.195,0.094,7,4.26,11,24.25,1,1,0
28,Male,42145,High School,Single,3,Midwest,Suburban,7,412.63,58.95,78,5,0.102,0.305,0,0.334,0.146,9,6.99,10,39.54,0,0,1
64,Female,108261,Bachelor,Married,3,Northeast,Urban,31,2441.18,78.75,11,8,0.093,0.289,1,0.277,0.133,17,7.54,3,17.13,0,0,1
49,Female,63253,High School,Married,2,Southwest,Urban,17,658.34,38.73,28,3,0.107,0.557,1,0.289,0.03,13,4.51,4,51.79,1,0,0
57,Female,63414,High School,Married,4,Northeast,Suburban,22,1744.08,79.28,18,8,0.161,0.523,1,0.251,0.104,12,10.15,6,2.41,1,1,1
32,Male,37835,High School,Widowed,1,Southeast,Rural,11,537.34,48.85,28,3,0.139,0.373,0,0.237,0.075,13,3.63,11,41.0,0,0,0
54,Male,93652,Bachelor,Widowed,4,West,Suburban,16,1033.09,64.57,19,1,0.122,0.374,0,0.23,0.066,7,3.3,8,46.42,0,0,0
25,Male,80975,Bachelor,Single,3,Northeast,Suburban,9,454.1,50.46,45,2,0.047,0.309,0,0.291,0.044,11,7.19,13,31.15,1,0,0
55,Male,100551,Bachelor,Married,3,Southwest,Suburban,13,1283.42,98.72,21,4,0.076,0.337,0,0.05,0.012,10,3.17,9,25.86,0,0,1
44,Male,99892,Master,Single,2,West,Suburban,21,2260.3,107.63,16,4,0.059,0.484,1,0.303,0.077,20,5.28,11,30.8,0,0,1
50,Female,58465,Bachelor,Divorced,2,Midwest,Rural,11,778.13,70.74,17,4,0.017,0.357,0,0.324,0.061,14,5.23,6,14.2,0,0,0
24,Male,84524,PhD,Married,5,Southwest,Urban,7,595.78,85.11,76,1,0.142,0.523,0,0.169,0.081,8,4.28,15,39.11,1,0,1
28,Other,92209,Bachelor,Single,2,West,Rural,16,1592.83,99.55,12,1,0.121,0.439,0,0.275,0.095,8,4.44,18,0.42,0,0,0
50,Male,97429,Bachelor,Married,6,Southeast,Urban,9,643.3,71.48,66,1,0.094,0.492,0,0.336,0.164,15,11.26,5,35.53,1,0,0
27,Female,54137,Master,Married,1,Midwest,Rural,10,997.51,99.75,18,1,0.155,0.564,0,0.308,0.103,6,3.69,13,23.37,1,0,0
48,Female,63166,High School,Married,4,Southeast,Urban,23,929.01,40.39,26,5,0.054,0.496,1,0.332,0.103,16,13.32,10,36.47,0,0,0
21,Female,47846,High School,Single,2,Southeast,Suburban,24,1177.34,49.06,21,3,0.013,0.532,1,0.281,0.072,20,5.72,11,34.71,1,0,0
54,Female,72367,Bachelor,Single,4,Southeast,Rural,11,558.28,50.75,38,3,0.178,0.368,1,0.221,0.039,8,16.75,7,19.81,0,0,0
23,Male,24361,Bachelor,Single,3,Midwest,Suburban,14,608.33,43.45,17,3,0.043,0.831,1,0.151,0.026,7,3.12,15,43.1,1,1,0
50,Female,97082,Master,Divorced,5,West,Suburban,16,1810.55,113.16,19,3,0.043,0.784,0,0.194,0.076,8,3.47,6,30.15,1,0,0
51,Male,99583,PhD,Married,3,West,Suburban,11,825.26,75.02,46,2,0.185,0.519,0,0.409,0.174,8,4.09,8,32.57,0,1,0
31,Male,53642,Bachelor,Married,6,Midwest,Urban,5,326.26,65.25,77,7,0.182,0.618,0,0.222,0.025,5,3.08,8,62.17,0,1,1
50,Female,75279,Bachelor,Married,1,Southeast,Urban,11,165.0,15.0,38,3,0.021,0.754,0,0.222,0.031,4,7.99,9,14.52,1,1,0
45,Female,74594,Bachelor,Married,4,Southwest,Urban,14,1061.91,75.85,17,5,0.087,0.392,0,0.383,0.151,8,7.57,8,62.35,1,1,0
33,Female,96863,PhD,Divorced,2,West,Urban,18,1771.22,98.4,23,3,0.082,0.669,0,0.195,0.033,12,13.35,8,29.5,1,1,0
26,Male,63140,Master,Single,1,Southeast,Rural,13,832.37,64.03,36,3,0.056,0.465,0,0.354,0.089,9,6.79,14,61.77,1,1,0
18,Male,81696,PhD,Married,4,Southeast,Rural,23,1139.01,49.52,10,5,0.15,0.43,1,0.44,0.184,15,4.09,14,77.45,1,0,1
47,Male,51838,Bachelor,Divorced,2,Midwest,Urban,10,319.1,31.91,65,5,0.092,0.412,0,0.187,0.084,12,5.32,12,0.0,1,1,0
18,Male,74665,Master,Married,1,Midwest,Rural,14,787.38,56.24,42,7,0.067,0.578,1,0.331,0.154,10,5.77,23,43.96,0,0,0
43,Male,32155,Bachelor,Divorced,2,Southwest,Urban,11,240.91,21.9,29,4,0.146,0.497,0,0.378,0.089,5,4.39,4,28.37,1,0,0
38,Male,51657,High School,Single,1,Midwest,Urban,11,960.83,87.35,40,7,0.031,0.535,0,0.222,0.075,10,3.55,16,23.93,0,0,0
52,Male,125987,PhD,Widowed,4,Northeast,Suburban,20,2046.87,102.34,23,1,0.269,0.286,1,0.483,0.141,17,3.71,4,3.91,1,0,1
37,Female,39309,High School,Single,1,Northeast,Urban,13,1021.13,78.55,17,8,0.161,0.299,1,0.219,0.084,6,20.04,11,26.06,1,1,0
37,Male,110946,PhD,Single,3,West,Urban,15,1195.36,79.69,26,1,0.199,0.421,0,0.371,0.147,6,9.27,8,40.48,0,0,1
52,Female,84535,High School,Single,2,Southeast,Suburban,16,911.64,56.98,17,4,0.223,0.788,0,0.249,0.047,10,7.0,12,25.65,1,0,0
47,Male,43581,Master,Married,3,Northeast,Rural,9,339.59,37.73,36,1,0.161,0.616,0,0.225,0.107,12,4.98,6,0.75,0,0,0
46,Female,75129,Bachelor,Married,2,Southwest,Suburban,18,1049.77,58.32,36,5,0.088,0.653,1,0.412,0.121,11,6.56,10,43.87,1,0,1
49,Female,36663,Bachelor,Married,2,Southwest,Urban,11,422.89,38.44,40,3,0.099,0.434,0,0.163,0.031,6,3.43,13,28.54,0,1,0
18,Male,53226,Bachelor,Single,3,Midwest,Suburban,8,648.39,81.05,24,1,0.17,0.606,0,0.199,0.042,6,3.95,17,77.19,1,1,0
53,Female,82892,Bachelor,Married,4,Midwest,Suburban,17,1525.22,89.72,30,7,0.041,0.617,0,0.201,0.031,6,5.42,7,13.58,1,0,0
51,Male,44161,Bachelor,Married,1,West,Suburban,6,344.99,57.5,104,3,0.064,0.679,0,0.134,0.023,5,3.45,12,0.0,0,0,0
26,Female,105272,Master,Married,5,Northeast,Rural,18,889.94,49.44,14,4,0.067,0.413,0,0.338,0.149,13,20.7,13,20.51,0,1,0
38,Male,60290,High School,Married,3,Midwest,Rural,22,1453.01,66.05,24,3,0.091,0.807,1,0.186,0.081,13,16.73,5,26.26,0,0,0
41,Other,45664,High School,Single,2,Midwest,Rural,18,839.09,46.62,33,3,0.187,0.413,1,0.264,0.073,8,4.04,10,28.16,0,0,0
39,Male,78780,High School,Married,4,Northeast,Suburban,10,975.15,97.51,58,3,0.105,0.261,0,0.319,0.095,7,5.87,10,32.04,1,0,1
47,Male,51265,Bachelor,Married,2,Southeast,Suburban,8,588.33,73.54,63,1,0.148,0.707,0,0.245,0.031,11,3.24,10,38.64,0,0,0
63,Female,87562,Master,Married,2,West,Suburban,22,1685.73,76.62,29,6,0.28,0.607,0,0.359,0.07,14,3.09,2,26.03,0,0,0
58,Male,67508,Master,Married,1,Midwest,Suburban,18,392.4,21.8,10,3,0.224,0.528,0,0.344,0.067,12,6.38,4,25.17,1,0,0
22,Female,85215,Bachelor,Single,5,West,Urban,14,978.4,69.89,14,4,0.118,0.675,0,0.102,0.045,10,4.06,13,46.89,1,1,1
51,Male,86385,Bachelor,Married,4,Southwest,Suburban,17,1022.15,60.13,14,4,0.204,0.186,1,0.28,0.077,10,3.05,8,2.12,0,0,0
61,Female,114291,Master,Married,2,Southwest,Urban,10,952.52,95.25,18,7,0.195,0.586,1,0.263,0.03,8,3.71,8,0.0,0,0,0
47,Male,82715,Bachelor,Widowed,1,West,Rural,11,533.67,48.52,20,2,0.283,0.371,0,0.311,0.064,6,6.7,11,25.39,0,1,1
58,Female,95606,Bachelor,Married,3,Southwest,Urban,10,830.5,83.05,57,1,0.145,0.724,0,0.13,0.036,7,8.28,7,31.51,0,1,1
72,Female,99371,Bachelor,Divorced,5,Southwest,Rural,14,494.51,35.32,44,6,0.059,0.466,0,0.135,0.023,7,5.39,4,0.0,0,0,0
57,Male,75263,High School,Divorced,4,Southwest,Suburban,15,598.79,39.92,22,3,0.025,0.402,0,0.306,0.039,14,7.79,7,12.01,1,1,0
45,Male,63214,High School,Single,2,Midwest,Suburban,22,968.22,44.01,30,1,0.094,0.523,1,0.2,0.033,10,4.61,14,26.02,0,0,0
57,Male,62071,High School,Widowed,1,Midwest,Urban,12,601.34,50.11,31,2,0.058,0.423,0,0.327,0.064,13,4.15,5,49.0,0,1,0
44,Other,75100,Bachelor,Married,6,Southeast,Suburban,6,451.97,75.33,39,3,0.273,0.558,0,0.335,0.099,5,4.44,7,26.03,0,0,0
42,Male,63303,High School,Married,6,West,Urban,11,314.06,28.55,46,2,0.073,0.388,0,0.23,0.094,11,4.24,13,15.09,1,1,0
36,Male,56058,High School,Married,6,Southeast,Suburban,6,271.23,45.21,58,2,0.109,0.774,0,0.275,0.053,11,3.16,8,13.52,1,1,0
65,Male,70433,Bachelor,Married,1,Midwest,Urban,9,476.12,52.9,19,2,0.133,0.563,0,0.159,0.068,7,13.1,4,0.0,1,0,0
29,Male,28625,High School,Single,2,Southeast,Suburban,9,522.65,58.07,71,3,0.062,0.544,0,0.226,0.098,7,6.25,13,12.08,1,1,0
64,Female,93042,High School,Single,4,Southwest,Rural,16,1162.98,72.69,29,1,0.4,0.673,1,0.452,0.166,8,4.74,6,36.59,1,1,0
49,Female,105195,PhD,Divorced,3,West,Suburban,19,1201.75,63.25,25,1,0.096,0.295,1,0.336,0.104,9,5.36,11,17.1,1,0,0
21,Female,51170,High School,Married,5,West,Urban,23,782.19,34.01,30,3,0.062,0.447,1,0.362,0.056,21,4.76,11,41.83,0,1,0
47,Female,61818,Bachelor,Single,2,Midwest,Suburban,11,548.39,49.85,53,6,0.041,0.517,0,0.262,0.084,7,8.52,11,53.19,0,1,0
18,Female,32902,Bachelor,Married,6,Midwest,Rural,6,90.0,15.0,54,1,0.102,0.551,0,0.159,0.043,11,7.17,16,42.92,1,0,1
51,Male,68746,Bachelor,Divorced,2,Midwest,Suburban,18,1744.03,96.89,10,3,0.169,0.29,1,0.398,0.063,8,20.22,9,18.31,0,0,1
55,Male,81261,Bachelor,Married,2,Southeast,Urban,15,1058.15,70.54,19,4,0.174,0.41,0,0.263,0.038,8,6.35,9,28.54,0,0,0
33,Female,57022,Bachelor,Married,5,Southeast,Urban,27,1086.48,40.24,13,6,0.027,0.466,1,0.218,0.045,14,3.75,14,48.46,1,0,1
43,Female,109409,Master,Married,4,Southeast,Suburban,18,1145.07,63.62,37,3,0.103,0.405,0,0.37,0.145,8,7.39,14,33.41,0,0,1
71,Female,100092,Bachelor,Divorced,3,West,Urban,15,838.49,55.9,41,3,0.019,0.805,0,0.29,0.101,12,3.32,3,28.18,0,1,0
34,Male,110534,Master,Divorced,3,Midwest,Suburban,15,1390.36,92.69,12,1,0.058,0.261,0,0.112,0.018,11,4.32,13,45.21,0,0,0
26,Male,67466,Bachelor,Single,4,Midwest,Suburban,12,367.99,30.67,55,4,0.108,0.561,0,0.327,0.091,11,3.94,9,46.52,1,0,0
64,Male,85611,PhD,Married,2,West,Urban,11,761.7,69.25,26,2,0.099,0.288,0,0.253,0.053,11,4.42,10,21.87,0,0,0
71,Female,128240,Master,Divorced,2,Midwest,Suburban,20,2111.85,105.59,28,1,0.086,0.258,0,0.243,0.112,12,4.32,7,9.84,1,0,0
42,Female,81556,PhD,Married,1,Southeast,Rural,17,1004.0,59.06,13,2,0.055,0.942,0,0.288,0.036,7,8.1,7,21.02,0,0,1
57,Female,89658,Bachelor,Single,4,Southeast,Suburban,20,1091.83,54.59,14,2,0.043,0.643,1,0.169,0.037,6,5.59,8,23.75,0,0,1
62,Male,78579,Bachelor,Married,6,Southeast,Urban,10,860.43,86.04,41,2,0.057,0.741,0,0.186,0.036,17,3.24,11,7.07,0,0,0
30,Female,111740,Master,Divorced,5,Southwest,Suburban,9,569.08,63.23,56,1,0.026,0.473,0,0.251,0.065,11,7.69,10,37.67,1,0,0
34,Male,104393,Master,Married,2,Southeast,Urban,20,1532.85,76.64,17,5,0.102,0.478,1,0.348,0.048,11,4.01,9,45.69,0,0,1
60,Male,107472,PhD,Married,5,Southwest,Rural,18,1548.73,86.04,34,3,0.055,0.498,0,0.318,0.062,8,5.55,9,40.22,0,0,0
67,Female,92289,Bachelor,Divorced,2,West,Rural,13,832.8,64.06,49,2,0.131,0.48,0,0.174,0.081,12,6.72,6,9.47,0,0,0
50,Male,99268,Master,Single,3,Southeast,Rural,27,1502.99,55.67,8,5,0.012,0.494,1,0.271,0.048,7,7.14,12,26.04,1,0,0
28,Male,75951,Bachelor,Married,3,Northeast,Suburban,10,568.05,56.81,52,4,0.062,0.323,0,0.202,0.044,6,7.45,18,31.79,1,0,0
71,Female,97837,Bachelor,Married,5,Southwest,Suburban,18,1543.05,85.73,13,5,0.119,0.376,1,0.266,0.069,10,9.91,4,12.23,1,0,0
34,Female,52426,Bachelor,Single,1,Southeast,Rural,10,416.42,41.64,33,2,0.177,0.546,0,0.216,0.044,7,6.71,9,50.86,0,0,0
36,Male,58636,Bachelor,Single,1,Midwest,Urban,12,821.01,68.42,48,4,0.311,0.256,0,0.298,0.106,7,9.4,12,42.16,1,0,0
47,Female,108132,PhD,Single,2,Southwest,Urban,27,2131.96,78.96,13,6,0.092,0.819,1,0.398,0.195,7,3.8,14,25.14,1,0,0
65,Male,96116,High School,Single,1,Southeast,Suburban,26,1714.88,65.96,25,5,0.192,0.376,1,0.255,0.08,18,9.51,3,24.07,0,0,1
54,Female,90217,Bachelor,Divorced,5,West,Rural,17,1030.2,60.6,22,2,0.13,0.534,0,0.058,0.025,11,8.33,14,0.0,0,0,0
48,Female,67398,Bachelor,Single,1,Southeast,Suburban,10,683.4,68.34,32,1,0.116,0.575,0,0.313,0.041,8,6.33,12,21.83,1,1,1
48,Female,73725,High School,Divorced,1,Southeast,Suburban,8,715.21,89.4,80,3,0.322,0.307,0,0.229,0.061,5,13.22,10,39.01,1,0,0
42,Female,68395,Bachelor,Married,4,West,Suburban,17,1132.78,66.63,23,3,0.057,0.649,0,0.175,0.036,12,14.18,7,21.5,1,0,0
50,Male,93956,Bachelor,Married,5,Northeast,Suburban,11,634.51,57.68,49,1,0.198,0.327,0,0.257,0.058,12,5.05,9,16.34,0,1,0
18,Male,92905,Bachelor,Single,2,Northeast,Urban,8,786.53,98.32,56,4,0.272,0.298,0,0.312,0.137,5,7.55,17,22.35,0,0,0
37,Male,79817,Master,Married,3,West,Suburban,11,574.24,52.2,24,4,0.222,0.469,0,0.405,0.127,7,6.07,21,38.17,0,0,0
45,Male,118624,PhD,Married,6,Southeast,Suburban,16,1982.25,123.89,26,5,0.178,0.6,0,0.245,0.06,13,3.83,10,6.68,0,0,1
24,Female,48619,Bachelor,Single,4,Northeast,Suburban,12,613.11,51.09,17,4,0.157,0.435,0,0.269,0.061,11,5.9,16,28.78,1,0,0
47,Male,61516,High School,Divorced,3,Midwest,Suburban,18,777.41,43.19,30,2,0.074,0.551,0,0.244,0.031,6,3.15,15,33.16,1,0,0
38,Male,71443,Bachelor,Married,5,Northeast,Suburban,14,1076.55,76.9,31,4,0.051,0.395,0,0.175,0.08,8,3.71,12,27.48,0,0,0
68,Male,107094,Master,Single,1,Midwest,Rural,16,1237.09,77.32,14,3,0.127,0.465,0,0.203,0.048,10,3.55,5,28.37,1,0,1
65,Other,129545,Bachelor,Married,5,Midwest,Suburban,22,2279.85,103.63,26,3,0.093,0.808,0,0.276,0.095,10,19.56,4,17.33,0,0,1
35,Male,49001,High School,Married,2,Southwest,Suburban,9,507.07,56.34,62,2,0.112,0.557,0,0.256,0.085,10,8.6,16,27.23,0,0,0
39,Female,80602,Bachelor,Married,5,Southeast,Suburban,20,854.35,42.72,27,2,0.06,0.573,1,0.363,0.103,12,3.44,19,58.08,0,0,1
40,Male,73648,PhD,Divorced,2,West,Rural,13,850.49,65.42,25,3,0.173,0.368,0,0.329,0.139,14,4.34,14,23.62,0,1,1
35,Male,75079,Bachelor,Married,2,Southeast,Suburban,17,1318.65,77.57,32,3,0.098,0.711,1,0.269,0.061,6,5.29,8,40.6,1,0,0
44,Female,92930,Bachelor,Married,4,Southwest,Urban,9,708.44,78.72,49,7,0.108,0.677,0,0.145,0.045,6,8.96,6,12.47,0,0,0
30,Female,86686,PhD,Married,4,West,Urban,15,1476.9,98.46,30,6,0.165,0.661,0,0.269,0.055,8,4.0,10,46.17,1,0,0
25,Female,37946,Master,Divorced,3,Southeast,Urban,12,662.53,55.21,41,7,0.12,0.729,0,0.29,0.127,8,5.87,12,39.0,0,1,0
51,Female,95820,Master,Married,3,Northeast,Urban,16,1169.15,73.07,31,4,0.044,0.503,1,0.206,0.072,4,5.52,11,27.53,0,0,1
51,Male,81657,Bachelor,Married,6,Northeast,Suburban,11,825.37,75.03,51,1,0.006,0.712,0,0.29,0.071,9,6.19,4,24.68,1,0,1
29,Male,104661,PhD,Single,1,West,Rural,17,1232.19,72.48,40,3,0.051,0.509,0,0.254,0.027,8,12.19,23,19.61,1,1,0
55,Female,114763,Bachelor,Divorced,3,Southwest,Suburban,14,1324.28,94.59,38,7,0.179,0.549,1,0.414,0.146,12,5.23,9,0.0,0,0,0
32,Male,75499,Master,Single,2,West,Urban,22,1648.5,74.93,18,5,0.143,0.469,0,0.386,0.15,16,30.0,8,58.39,0,0,0
45,Female,63755,Bachelor,Single,1,Southwest,Urban,22,816.25,37.1,18,5,0.13,0.395,1,0.193,0.066,13,5.29,9,15.4,0,0,1
54,Female,81296,Master,Divorced,4,Southeast,Suburban,13,1119.3,86.1,14,2,0.091,0.798,0,0.323,0.16,10,5.34,14,1.77,1,0,0
41,Male,76371,Bachelor,Married,5,Northeast,Suburban,11,1241.4,112.85,22,3,0.037,0.699,0,0.296,0.043,7,3.36,10,23.58,0,0,1
48,Female,86190,Bachelor,Married,6,West,Rural,22,1848.33,84.01,13,6,0.094,0.457,1,0.381,0.083,10,5.62,8,29.53,0,1,0
34,Male,74615,Master,Married,5,Midwest,Rural,24,640.96,26.71,28,6,0.101,0.367,1,0.271,0.073,12,9.0,5,43.06,0,0,0
39,Male,83480,Bachelor,Married,3,Southeast,Rural,16,1011.27,63.2,35,3,0.119,0.227,0,0.05,0.013,15,4.14,12,13.91,1,1,0
38,Male,77980,Bachelor,Single,1,Midwest,Suburban,23,998.24,43.4,10,3,0.149,0.42,1,0.221,0.088,9,7.1,8,48.2,0,0,0
30,Female,65248,Bachelor,Single,2,Northeast,Suburban,12,681.46,56.79,35,4,0.134,0.591,0,0.253,0.038,9,6.75,13,41.63,0,1,0
39,Male,73263,Master,Widowed,1,Southeast,Urban,14,1124.91,80.35,19,2,0.142,0.746,0,0.234,0.03,14,5.96,13,32.34,1,1,1
18,Female,32772,High School,Single,2,Southwest,Urban,14,448.29,32.02,23,2,0.28,0.542,1,0.18,0.02,12,7.13,8,37.51,0,1,1
34,Female,46353,Master,Married,5,Northeast,Urban,10,908.71,90.87,46,6,0.059,0.533,0,0.166,0.062,5,7.13,15,33.07,0,0,0
37,Female,73736,Bachelor,Divorced,2,Northeast,Urban,12,180.0,15.0,39,3,0.148,0.314,0,0.348,0.145,9,3.6,10,29.62,0,0,0
38,Female,56395,High School,Married,2,Midwest,Urban,9,479.12,53.24,65,2,0.118,0.599,0,0.205,0.06,7,13.34,14,38.31,1,1,0
38,Male,73827,Bachelor,Single,2,Midwest,Rural,24,1787.97,74.5,10,5,0.201,0.684,1,0.312,0.079,16,5.85,11,35.08,0,1,1
41,Male,80964,Bachelor,Single,4,Southeast,Suburban,20,921.86,46.09,21,12,0.05,0.641,0,0.165,0.028,13,10.91,13,29.83,1,0,1
49,Male,85587,Bachelor,Married,3,Northeast,Rural,23,1173.85,51.04,21,3,0.175,0.57,1,0.145,0.042,4,4.7,12,11.67,1,0,0
55,Female,82944,Bachelor,Widowed,4,West,Rural,12,1039.17,86.6,53,5,0.256,0.406,0,0.384,0.055,9,4.49,7,23.97,1,0,0
32,Other,51930,High School,Single,4,Northeast,Rural,5,472.66,94.53,77,3,0.124,0.565,0,0.434,0.063,10,15.22,12,45.44,0,0,0
23,Female,67935,PhD,Single,2,Northeast,Rural,15,1573.32,104.89,23,5,0.144,0.488,1,0.509,0.141,11,5.22,11,37.32,0,1,0
26,Female,37644,High School,Married,4,Southeast,Suburban,10,418.9,41.89,31,1,0.05,0.623,0,0.247,0.027,12,9.8,19,45.24,1,0,0
34,Female,83557,Master,Single,3,Southeast,Suburban,15,1482.08,98.81,18,3,0.03,0.467,0,0.184,0.071,9,4.66,10,37.41,0,1,1
36,Male,58362,Bachelor,Married,3,Midwest,Suburban,10,578.05,57.81,64,2,0.141,0.658,0,0.125,0.059,8,15.86,13,46.13,0,0,0
30,Female,77502,Bachelor,Single,2,West,Rural,11,957.93,87.08,42,7,0.271,0.347,0,0.417,0.096,7,7.6,11,37.15,0,0,0
22,Female,48320,Bachelor,Single,4,Midwest,Rural,22,1098.84,49.95,15,6,0.154,0.807,1,0.269,0.096,18,3.89,12,36.01,0,0,0
35,Male,86844,Master,Married,4,West,Rural,16,811.65,50.73,34,3,0.235,0.489,1,0.396,0.184,9,7.18,15,17.5,0,0,0
44,Other,92548,Master,Single,6,West,Suburban,12,1299.73,108.31,26,3,0.071,0.378,0,0.427,0.082,13,4.64,9,30.57,1,0,1
50,Male,91794,Bachelor,Married,5,Southeast,Suburban,15,1697.21,113.15,28,3,0.042,0.304,0,0.195,0.062,12,3.63,10,28.77,0,0,1
33,Female,65511,High School,Married,4,Midwest,Rural,7,380.38,54.34,24,1,0.18,0.498,0,0.266,0.088,4,3.26,6,22.3,0,0,0
35,Female,94010,Master,Married,4,Southwest,Rural,18,1723.28,95.74,33,4,0.222,0.5,0,0.432,0.186,8,4.24,12,15.69,1,0,1
28,Female,31409,Bachelor,Single,3,Southeast,Suburban,6,256.83,42.8,100,2,0.041,0.564,0,0.184,0.063,4,15.83,17,64.33,1,0,0
41,Male,76312,High School,Married,5,Southwest,Suburban,19,2123.71,111.77,32,4,0.356,0.829,1,0.199,0.082,9,7.17,12,27.5,0,0,0
29,Female,86709,Bachelor,Single,1,Southwest,Rural,12,521.96,43.5,21,3,0.201,0.463,0,0.277,0.058,9,21.82,11,43.69,1,1,0
50,Female,73368,Bachelor,Married,4,Midwest,Suburban,5,315.59,63.12,105,3,0.115,0.772,0,0.147,0.056,1,3.31,12,29.98,1,1,0
18,Male,58549,Bachelor,Single,1,Northeast,Rural,11,333.62,30.33,31,2,0.181,0.525,0,0.068,0.02,11,7.28,18,25.08,1,1,0
36,Female,71037,Master,Married,4,Northeast,Urban,7,236.49,33.78,86,1,0.098,0.463,0,0.099,0.032,8,5.67,14,23.93,0,0,0
46,Female,48174,Bachelor,Married,3,Southeast,Suburban,10,517.69,51.77,31,5,0.028,0.409,0,0.534,0.202,5,15.68,10,18.87,0,0,0
44,Female,64719,Bachelor,Single,2,Northeast,Suburban,9,480.16,53.35,23,6,0.057,0.605,0,0.375,0.16,10,3.24,10,20.44,1,0,0
80,Male,81497,High School,Married,4,West,Suburban,7,353.66,50.52,81,2,0.157,0.534,0,0.191,0.037,7,6.29,1,0.0,0,0,1
47,Female,72877,Bachelor,Married,3,Southeast,Urban,13,1081.37,83.18,17,4,0.057,0.609,0,0.184,0.037,10,3.46,15,37.11,1,0,0
26,Female,47016,Bachelor,Married,3,Southwest,Urban,7,556.38,79.48,59,1,0.143,0.556,0,0.296,0.148,6,11.17,13,26.8,0,1,0
40,Male,61598,Bachelor,Married,4,Southeast,Rural,10,710.56,71.06,35,3,0.106,0.3,0,0.377,0.046,4,14.02,9,17.41,1,0,0
18,Male,69834,Master,Single,1,West,Urban,7,191.67,27.38,74,2,0.047,0.52,0,0.331,0.048,8,5.2,11,48.38,1,0,1
40,Other,61046,Bachelor,Married,2,West,Urban,26,1750.14,67.31,21,7,0.09,0.359,1,0.05,0.015,16,7.45,11,46.81,1,0,0
29,Female,71952,Bachelor,Single,5,West,Suburban,20,1451.41,72.57,28,6,0.078,0.436,1,0.431,0.137,6,7.45,12,55.56,1,0,0
55,Female,94824,Bachelor,Widowed,2,Midwest,Suburban,10,605.67,60.57,19,4,0.2,0.807,0,0.29,0.112,7,4.52,8,24.34,1,0,1
33,Male,102705,Bachelor,Divorced,2,Northeast,Rural,13,1147.51,88.27,46,4,0.138,0.296,0,0.131,0.061,11,4.55,8,43.07,1,0,0
40,Male,89485,Bachelor,Single,4,Southeast,Suburban,9,581.43,64.6,43,4,0.045,0.483,0,0.06,0.028,7,7.77,14,41.94,1,1,0
32,Male,69846,Bachelor,Married,4,Midwest,Suburban,12,582.2,48.52,23,1,0.164,0.388,0,0.258,0.092,9,8.67,10,37.63,0,1,1
68,Male,70696,High School,Married,6,West,Suburban,15,625.4,41.69,21,5,0.056,0.72,0,0.39,0.157,15,16.59,5,13.0,1,1,1
37,Female,59606,High School,Married,3,Midwest,Rural,11,841.39,76.49,56,1,0.06,0.37,0,0.407,0.147,6,10.09,11,37.02,0,0,1
69,Female,100698,Bachelor,Divorced,3,Southwest,Urban,18,1911.92,106.22,9,3,0.02,0.604,1,0.319,0.053,12,6.53,6,5.51,0,0,1
54,Female,91100,Master,Married,4,West,Suburban,24,1745.37,72.72,24,2,0.096,0.613,1,0.325,0.155,12,7.26,8,33.94,0,1,1
49,Male,91555,Bachelor,Married,3,Midwest,Rural,12,1145.66,95.47,52,1,0.05,0.429,0,0.363,0.159,10,3.03,7,22.27,0,0,1
47,Female,42228,High School,Single,2,Midwest,Suburban,7,571.5,81.64,39,1,0.085,0.297,0,0.336,0.047,5,11.96,8,21.82,0,0,0
47,Male,89534,Master,Married,3,Southeast,Suburban,21,1625.26,77.39,28,2,0.066,0.529,1,0.23,0.114,9,4.6,8,41.92,0,0,1
18,Male,78337,Master,Single,1,Northeast,Urban,7,473.34,67.62,33,1,0.072,0.391,0,0.119,0.052,7,7.85,8,41.94,0,1,0
37,Female,80886,Master,Married,6,Southwest,Suburban,8,638.68,79.84,21,4,0.048,0.51,0,0.208,0.095,12,8.0,9,26.1,0,0,0
54,Female,80698,Bachelor,Married,2,West,Urban,13,696.72,53.59,36,1,0.04,0.319,1,0.319,0.099,12,3.68,9,30.84,0,0,1
41,Female,86333,Master,Married,4,Southeast,Urban,13,1093.35,84.1,38,4,0.061,0.42,0,0.116,0.053,10,3.15,15,21.88,1,1,0
20,Male,29065,High School,Single,2,Midwest,Suburban,4,190.22,47.55,52,3,0.134,0.706,0,0.158,0.037,5,4.78,19,32.58,1,0,0
41,Female,76008,High School,Married,3,Southeast,Rural,11,460.57,41.87,38,1,0.194,0.902,0,0.259,0.042,9,5.75,10,22.97,1,0,0
67,Female,63929,High School,Divorced,2,Midwest,Urban,12,432.78,36.06,30,3,0.358,0.268,0,0.411,0.048,11,6.02,6,29.36,0,0,1
60,Female,108372,Master,Married,6,Southeast,Urban,14,902.72,64.48,14,2,0.02,0.216,0,0.181,0.037,10,4.6,9,43.53,1,1,0
41,Male,64604,High School,Married,3,Southwest,Urban,10,725.55,72.55,41,4,0.119,0.486,0,0.259,0.116,7,3.19,11,25.42,0,0,0
56,Other,71170,Bachelor,Married,3,Midwest,Suburban,8,470.7,58.84,55,1,0.132,0.592,0,0.216,0.077,4,13.1,4,57.44,1,0,0
36,Female,70496,Bachelor,Married,2,Midwest,Suburban,10,647.47,64.75,27,6,0.061,0.516,0,0.267,0.064,7,8.93,19,35.48,0,1,0
18,Female,41355,Bachelor,Single,2,Northeast,Suburban,12,936.05,78.0,45,6,0.063,0.66,0,0.173,0.033,10,6.71,13,32.81,1,0,0
28,Male,98865,Master,Single,2,Midwest,Rural,15,1324.33,88.29,13,5,0.106,0.329,0,0.202,0.041,12,3.29,8,41.85,0,0,0
65,Male,60518,High School,Married,5,Southeast,Urban,11,521.5,47.41,40,4,0.183,0.537,0,0.448,0.166,8,5.38,3,6.75,0,0,0
37,Male,60391,Bachelor,Single,3,Southeast,Suburban,10,404.54,40.45,31,3,0.11,0.394,0,0.373,0.062,7,7.17,8,36.34,0,0,0
38,Male,67636,Master,Married,4,Southeast,Urban,14,978.88,69.92,28,3,0.197,0.439,1,0.197,0.03,10,8.54,11,17.95,0,0,0
37,Female,34834,High School,Widowed,1,Midwest,Urban,16,447.93,28.0,39,2,0.164,0.33,0,0.248,0.088,9,12.48,13,31.77,1,1,1
70,Male,120468,Bachelor,Single,2,Southeast,Urban,27,3112.95,115.29,19,2,0.148,0.603,1,0.236,0.106,14,3.72,3,21.72,0,0,1
66,Male,116541,Master,Divorced,2,West,Urban,19,1770.53,93.19,13,7,0.057,0.33,1,0.133,0.055,17,4.19,1,3.91,0,1,0
75,Male,132704,PhD,Single,2,Midwest,Suburban,17,1681.9,98.94,37,5,0.047,0.481,0,0.118,0.016,10,5.6,4,1.85,1,0,0
39,Male,76951,Master,Married,4,Midwest,Urban,14,691.27,49.38,25,1,0.108,0.63,0,0.253,0.105,11,8.82,12,4.79,0,0,0
46,Male,91014,Bachelor,Married,3,Midwest,Urban,20,1757.89,87.89,17,9,0.122,0.408,1,0.415,0.191,10,6.38,9,10.55,0,0,1
19,Female,43436,Bachelor,Married,3,Midwest,Urban,7,520.01,74.29,57,2,0.133,0.64,0,0.227,0.086,8,5.72,15,40.86,1,0,1
64,Female,88704,High School,Single,3,Midwest,Urban,23,1647.41,71.63,12,5,0.069,0.442,1,0.275,0.112,10,8.18,6,17.32,1,0,0
24,Male,46712,Bachelor,Single,2,West,Urban,9,647.28,71.92,68,4,0.246,0.391,0,0.222,0.1,4,5.26,11,26.73,1,1,0
45,Male,51932,High School,Single,2,West,Urban,15,718.04,47.87,27,5,0.036,0.696,0,0.433,0.135,7,12.14,13,41.1,0,0,0
25,Male,71974,Bachelor,Single,3,Southeast,Rural,11,712.16,64.74,33,1,0.151,0.248,1,0.239,0.076,9,8.35,9,31.55,1,0,0
33,Male,94957,Master,Divorced,6,Southwest,Suburban,13,1549.59,119.2,19,2,0.066,0.388,0,0.05,0.017,10,8.59,12,17.26,1,1,0
29,Female,72762,Bachelor,Married,3,Northeast,Suburban,6,353.71,58.95,88,1,0.111,0.426,0,0.335,0.061,3,10.39,11,60.82,0,1,0
32,Female,50454,Bachelor,Married,2,Northeast,Rural,7,462.14,66.02,88,2,0.036,0.44,0,0.272,0.074,6,18.13,9,0.0,0,0,0
33,Female,60299,Bachelor,Married,2,Midwest,Suburban,13,680.78,52.37,47,1,0.116,0.417,0,0.153,0.048,8,5.72,12,36.06,0,1,0
33,Female,69353,Bachelor,Divorced,2,West,Suburban,16,1124.56,70.29,15,3,0.133,0.741,0,0.272,0.032,18,4.28,13,43.48,0,1,1
54,Male,101060,PhD,Married,5,Southwest,Suburban,10,944.53,94.45,54,2,0.072,0.725,0,0.293,0.085,4,6.72,9,25.81,1,0,0
25,Female,81164,Bachelor,Single,3,Southwest,Suburban,25,1314.14,52.57,11,3,0.037,0.735,1,0.176,0.062,12,4.08,12,26.54,1,0,1
45,Female,40570,Bachelor,Divorced,1,Northeast,Rural,15,542.72,36.18,12,3,0.207,0.894,0,0.254,0.102,14,19.6,11,32.93,1,0,1
60,Female,76918,Bachelor,Married,5,Midwest,Urban,23,1835.68,79.81,18,3,0.078,0.74,1,0.356,0.042,15,6.04,4,23.13,0,1,0
34,Male,45156,High School,Single,2,Southeast,Urban,13,725.54,55.81,39,5,0.139,0.745,0,0.225,0.072,10,8.13,15,34.93,1,0,0
31,Female,22740,Bachelor,Single,2,West,Urban,6,388.92,64.82,35,2,0.033,0.504,0,0.367,0.148,9,10.79,12,33.05,1,0,1
38,Female,65056,Master,Married,2,Northeast,Rural,23,1562.31,67.93,21,3,0.076,0.565,1,0.42,0.073,14,9.06,13,44.29,0,1,0
59,Female,82179,High School,Married,3,Midwest,Suburban,10,1082.93,108.29,58,5,0.077,0.348,0,0.292,0.069,9,6.73,6,12.86,0,1,1
44,Male,61254,High School,Married,4,West,Rural,3,223.69,74.56,74,3,0.177,0.549,0,0.146,0.019,8,15.27,11,10.94,0,0,0
34,Female,91397,Bachelor,Married,4,West,Suburban,13,1472.53,113.27,29,2,0.021,0.523,0,0.168,0.044,8,5.13,14,39.88,1,1,1
49,Female,117978,Master,Married,5,West,Suburban,17,2087.25,122.78,25,2,0.062,0.729,0,0.296,0.061,14,5.06,6,20.04,0,0,1
25,Female,82095,Master,Married,5,Southeast,Suburban,11,640.28,58.21,53,4,0.032,0.412,0,0.281,0.068,8,3.72,9,27.83,1,0,0
52,Female,86898,Bachelor,Married,2,West,Suburban,7,721.4,103.06,75,3,0.153,0.606,0,0.33,0.057,7,5.07,6,39.16,1,0,0
48,Female,79988,Bachelor,Married,3,West,Suburban,13,1154.39,88.8,43,1,0.132,0.449,0,0.41,0.086,9,7.36,8,28.46,1,1,0
37,Male,45373,Master,Married,5,West,Suburban,6,420.56,70.09,79,2,0.132,0.466,0,0.167,0.043,11,8.79,11,38.04,0,1,0
29,Female,57881,Master,Single,1,West,Suburban,8,661.13,82.64,57,3,0.156,0.257,0,0.145,0.015,7,3.24,12,42.09,1,0,0
28,Male,79510,Master,Single,2,West,Urban,20,1271.43,63.57,21,3,0.28,0.437,1,0.367,0.084,18,8.5,8,37.67,0,0,1
50,Female,104840,Master,Married,5,Southeast,Suburban,16,1423.83,88.99,22,4,0.149,0.441,0,0.407,0.066,7,7.27,11,20.03,0,1,0
60,Male,92945,Bachelor,Single,1,Northeast,Suburban,14,952.86,68.06,30,4,0.057,0.446,0,0.307,0.145,6,12.84,9,5.87,0,1,1
32,Female,52813,Bachelor,Married,2,Southwest,Rural,15,1539.05,102.6,40,3,0.05,0.562,0,0.439,0.109,8,8.44,9,27.43,0,0,1
48,Female,108061,Master,Married,5,Midwest,Rural,18,1241.52,68.97,26,4,0.043,0.287,0,0.204,0.053,12,17.58,11,23.49,0,0,1
18,Female,107236,PhD,Single,2,Southeast,Suburban,22,1277.08,58.05,31,4,0.29,0.337,1,0.32,0.146,9,16.27,14,30.21,0,0,1
33,Female,66069,High School,Single,1,Southwest,Urban,17,793.62,46.68,14,4,0.046,0.48,0,0.462,0.197,12,7.31,13,58.93,0,0,1
41,Female,73243,High School,Married,5,Northeast,Rural,16,1048.34,65.52,24,5,0.082,0.161,0,0.304,0.039,12,4.42,6,17.84,0,1,1
28,Female,84611,PhD,Married,3,Northeast,Urban,13,923.9,71.07,20,3,0.069,0.729,0,0.328,0.041,5,9.07,8,46.24,0,0,1
27,Male,78339,Bachelor,Married,5,Southeast,Suburban,12,1043.67,86.97,29,2,0.121,0.358,0,0.344,0.151,13,3.77,12,53.72,1,1,0
31,Male,82586,Master,Married,2,Southeast,Urban,19,1366.34,71.91,30,4,0.101,0.411,1,0.204,0.03,10,4.17,14,27.06,1,0,1
46,Male,85073,Bachelor,Married,3,Southwest,Suburban,16,1002.25,62.64,37,3,0.231,0.448,1,0.285,0.081,10,6.39,12,29.67,1,0,0
39,Male,62281,High School,Married,2,West,Suburban,11,778.79,70.8,16,1,0.054,0.449,0,0.159,0.025,8,3.28,9,7.74,1,0,0
18,Female,38177,High School,Single,3,Southwest,Suburban,10,723.85,72.39,64,1,0.027,0.76,0,0.317,0.087,8,5.58,16,65.77,1,0,0
18,Female,42099,Bachelor,Single,2,Southwest,Rural,8,441.54,55.19,73,4,0.022,0.81,0,0.207,0.038,6,10.53,18,38.51,1,1,0
32,Female,64967,Bachelor,Married,2,Northeast,Suburban,16,1277.71,79.86,39,5,0.066,0.577,1,0.165,0.058,9,5.98,4,63.09,1,0,0
48,Male,93801,Bachelor,Married,4,Midwest,Suburban,12,942.82,78.57,29,3,0.231,0.751,0,0.444,0.059,12,7.26,8,32.58,0,0,0
18,Male,63377,Master,Married,5,West,Suburban,12,677.9,56.49,34,5,0.213,0.446,0,0.469,0.173,13,13.92,21,52.7,1,0,0
34,Female,111200,PhD,Married,4,Southwest,Urban,17,1692.64,99.57,15,5,0.015,0.696,0,0.224,0.07,15,3.88,13,30.66,0,0,0
34,Female,78856,Bachelor,Single,1,Southeast,Suburban,18,1332.01,74.0,21,4,0.194,0.619,0,0.382,0.131,12,8.14,13,41.03,1,0,1
62,Male,85715,Bachelor,Married,4,West,Suburban,19,1765.97,92.95,12,4,0.149,0.652,0,0.346,0.083,13,5.38,5,10.29,0,0,1
36,Female,90232,Bachelor,Married,3,West,Suburban,24,2543.05,105.96,26,6,0.149,0.475,1,0.205,0.097,20,13.36,14,38.99,1,1,1
47,Female,72866,Bachelor,Married,3,Southeast,Suburban,9,577.5,64.17,50,3,0.086,0.354,0,0.371,0.052,10,6.09,12,38.86,0,0,0
44,Male,98443,Bachelor,Married,2,Southeast,Suburban,19,1751.03,92.16,12,6,0.144,0.556,1,0.284,0.13,4,5.31,9,39.94,1,0,0
18,Female,46511,High School,Divorced,5,Southeast,Suburban,7,522.31,74.62,82,3,0.22,0.458,0,0.358,0.114,8,3.61,11,37.07,0,1,0
53,Male,67762,High School,Divorced,3,Northeast,Suburban,12,865.04,72.09,17,1,0.134,0.973,0,0.105,0.046,14,3.46,6,47.75,0,1,0
45,Female,48282,High School,Divorced,2,West,Suburban,8,514.75,64.34,76,1,0.199,0.519,0,0.361,0.152,8,7.49,9,15.08,0,0,1
49,Male,63476,High School,Single,2,West,Rural,14,904.48,64.61,16,5,0.058,0.549,0,0.431,0.085,10,22.3,11,46.09,1,0,0
80,Male,116543,Master,Single,2,Southwest,Suburban,14,1307.32,93.38,38,4,0.048,0.481,0,0.214,0.04,9,30.0,2,20.13,0,1,1
18,Female,36125,Bachelor,Single,3,Southwest,Urban,17,994.5,58.5,29,6,0.144,0.756,1,0.182,0.054,7,4.5,13,25.59,1,0,1
67,Male,105935,Master,Married,2,Southwest,Suburban,16,1132.99,70.81,35,7,0.167,0.67,0,0.201,0.077,18,3.26,4,31.76,1,0,0
37,Female,88142,PhD,Married,4,Southeast,Suburban,17,681.75,40.1,27,2,0.107,0.589,0,0.386,0.091,13,5.06,12,5.86,0,0,1
46,Male,116189,PhD,Married,3,Southwest,Urban,19,1640.46,86.34,18,3,0.062,0.334,0,0.202,0.092,11,5.98,7,55.43,0,0,1
41,Male,122994,PhD,Married,4,West,Suburban,13,1145.48,88.11,23,1,0.229,0.657,0,0.227,0.054,7,7.21,6,28.64,1,1,0
35,Male,50196,Bachelor,Divorced,1,West,Suburban,9,787.5,87.5,70,4,0.07,0.656,0,0.199,0.023,9,4.69,11,20.51,1,0,0
33,Female,92684,Bachelor,Divorced,5,Northeast,Suburban,11,904.92,82.27,35,1,0.123,0.757,0,0.325,0.128,10,4.13,5,33.92,1,0,0
46,Female,60471,High School,Single,2,Midwest,Rural,8,571.81,71.48,71,2,0.059,0.621,0,0.627,0.104,8,9.52,5,25.53,1,1,0
19,Male,56174,Master,Married,3,Southeast,Rural,15,747.84,49.86,36,3,0.24,0.312,0,0.248,0.116,14,5.98,15,52.25,1,1,0
53,Female,109366,Master,Married,3,Southwest,Urban,21,1528.08,72.77,24,3,0.007,0.663,1,0.269,0.098,9,14.13,8,35.33,0,1,1
35,Female,76903,Master,Married,3,Midwest,Suburban,12,621.1,51.76,54,3,0.023,0.776,0,0.401,0.089,14,4.52,9,46.15,1,0,1
25,Female,59373,Bachelor,Married,6,Southeast,Suburban,15,517.23,34.48,30,4,0.077,0.385,0,0.204,0.056,8,4.63,9,57.99,1,0,1
35,Female,77535,Master,Single,1,Southwest,Urban,10,832.96,83.3,53,6,0.252,0.439,0,0.364,0.097,9,10.03,15,66.14,0,1,0
60,Female,61348,High School,Widowed,4,Midwest,Urban,13,868.49,66.81,46,3,0.073,0.554,0,0.295,0.094,10,17.93,7,15.6,1,1,0
33,Female,62859,High School,Married,2,Southeast,Urban,5,454.87,90.97,34,2,0.182,0.628,0,0.256,0.049,3,4.95,12,42.54,0,0,0
47,Male,88905,Master,Divorced,1,West,Urban,25,2136.17,85.45,27,5,0.197,0.769,1,0.362,0.052,11,3.96,14,41.12,0,1,0
31,Male,43850,Bachelor,Widowed,3,Northeast,Rural,12,681.39,56.78,25,2,0.077,0.304,0,0.194,0.066,16,4.03,14,47.46,1,0,1
53,Male,121265,PhD,Married,5,Northeast,Urban,19,969.1,51.01,28,2,0.125,0.535,0,0.257,0.086,10,8.42,7,44.28,0,0,0
52,Male,49116,High School,Single,4,Northeast,Urban,19,1761.76,92.72,35,4,0.045,0.674,1,0.234,0.058,10,7.51,9,7.41,0,1,1
69,Female,93501,Master,Married,4,Northeast,Urban,27,2093.41,77.53,21,4,0.051,0.532,1,0.227,0.102,10,3.39,4,22.54,0,1,0
39,Male,89689,Bachelor,Married,2,Midwest,Suburban,13,431.19,33.17,22,2,0.159,0.527,0,0.19,0.077,11,3.96,11,45.38,0,1,1
52,Male,79254,Master,Single,1,Midwest,Urban,11,815.57,74.14,31,3,0.15,0.445,0,0.363,0.067,3,10.28,8,39.25,1,0,0
43,Female,55253,Master,Divorced,1,Midwest,Urban,21,869.58,41.41,18,2,0.016,0.756,1,0.403,0.128,11,3.19,14,30.91,0,1,1
61,Male,128742,PhD,Married,2,Southeast,Suburban,25,1935.98,77.44,19,1,0.332,0.673,0,0.281,0.041,18,3.35,5,28.72,0,0,0
31,Male,60842,Bachelor,Widowed,5,Northeast,Urban,11,723.26,65.75,42,1,0.088,0.358,0,0.114,0.024,9,4.15,15,44.12,1,1,0
53,Male,109735,PhD,Divorced,3,Midwest,Suburban,15,1096.77,73.12,38,5,0.041,0.478,0,0.45,0.209,6,4.75,5,7.06,0,0,1
39,Female,52082,High School,Single,2,Midwest,Suburban,11,842.32,76.57,54,6,0.096,0.291,0,0.264,0.121,12,5.4,13,53.52,0,0,0
41,Male,61875,High School,Married,5,Southeast,Urban,12,703.54,58.63,17,2,0.123,0.684,0,0.303,0.064,8,6.58,10,21.3,1,0,1
43,Male,63709,Bachelor,Married,2,Southeast,Urban,16,1117.64,69.85,19,6,0.119,0.625,0,0.277,0.059,6,4.64,7,15.08,1,1,0
45,Female,113741,Master,Married,3,Northeast,Urban,16,1571.24,98.2,21,7,0.226,0.599,0,0.36,0.173,8,4.98,7,41.67,0,1,0
40,Female,50456,Bachelor,Married,3,Northeast,Rural,5,301.32,60.26,31,2,0.05,0.749,0,0.179,0.055,12,7.58,14,24.49,0,0,0
45,Female,98273,Master,Single,3,Northeast,Urban,21,1751.88,83.42,18,5,0.152,0.492,0,0.326,0.155,18,7.77,9,16.06,1,0,1
65,Female,117231,Master,Divorced,1,Southwest,Rural,29,2652.0,91.45,12,2,0.031,0.48,0,0.217,0.055,26,15.84,4,28.64,0,1,1
56,Male,59005,High School,Married,5,Southeast,Rural,20,1787.45,89.37,22,6,0.068,0.461,1,0.174,0.062,9,17.91,9,20.9,0,1,0
55,Male,99243,PhD,Divorced,3,Northeast,Suburban,25,2412.48,96.5,9,4,0.165,0.312,1,0.372,0.157,9,3.62,7,37.71,1,1,0
35,Male,68857,High School,Divorced,1,Midwest,Suburban,19,961.63,50.61,20,3,0.337,0.472,1,0.273,0.057,9,14.53,6,39.39,0,1,0
28,Male,63137,Master,Single,3,Midwest,Suburban,13,511.4,39.34,36,1,0.04,0.659,0,0.361,0.136,3,13.0,11,56.87,0,0,0
56,Male,76300,Bachelor,Single,2,Midwest,Suburban,9,470.43,52.27,62,2,0.095,0.608,0,0.129,0.014,8,3.79,8,10.15,1,1,0
55,Male,97909,Bachelor,Divorced,4,Northeast,Suburban,21,1837.73,87.51,27,5,0.021,0.577,1,0.346,0.045,9,3.59,10,47.51,1,1,0
64,Female,92321,Bachelor,Widowed,1,Southwest,Suburban,13,702.95,54.07,28,6,0.024,0.726,0,0.204,0.041,9,8.18,3,7.05,0,0,1
32,Female,39242,Bachelor,Married,1,Southwest,Urban,9,329.09,36.57,39,4,0.027,0.362,0,0.276,0.073,11,6.5,19,24.32,0,1,0
38,Male,97205,Bachelor,Married,3,Southeast,Suburban,17,879.62,51.74,11,6,0.21,0.647,1,0.237,0.059,14,10.98,10,39.29,1,0,0
18,Female,47049,Bachelor,Single,1,Southeast,Suburban,8,577.25,72.16,25,4,0.126,0.338,0,0.207,0.061,12,8.47,13,27.14,1,0,0
36,Male,48358,High School,Married,4,Northeast,Urban,11,741.79,67.44,55,2,0.058,0.589,1,0.371,0.155,10,12.17,7,28.57,0,0,0
56,Male,74236,High School,Married,2,Southwest,Rural,14,1185.68,84.69,41,5,0.047,0.51,0,0.224,0.091,12,5.82,12,28.45,1,1,0
35,Female,77976,Bachelor,Married,2,Midwest,Urban,22,1308.83,59.49,8,2,0.154,0.52,1,0.508,0.162,11,4.49,15,8.44,0,1,1
51,Male,125816,Master,Divorced,4,Northeast,Rural,28,1616.51,57.73,22,3,0.14,0.577,1,0.448,0.07,18,10.63,8,17.8,1,0,1
39,Male,46898,Bachelor,Married,2,Southeast,Suburban,10,367.52,36.75,47,7,0.178,0.714,0,0.458,0.164,7,3.78,16,54.96,0,1,0
46,Male,104789,Master,Single,4,West,Suburban,22,1219.89,55.45,27,3,0.089,0.593,1,0.254,0.115,11,9.18,15,39.24,1,0,1
24,Female,70945,Bachelor,Single,2,Midwest,Rural,12,459.8,38.32,35,6,0.073,0.509,0,0.282,0.081,6,3.68,13,48.41,1,0,0
43,Female,72942,Bachelor,Divorced,3,Southeast,Rural,15,1338.15,89.21,16,2,0.134,0.325,0,0.337,0.057,7,5.48,5,4.9,0,0,0
18,Male,81809,Master,Single,1,Southwest,Urban,20,1319.34,65.97,17,2,0.031,0.525,1,0.17,0.036,12,5.87,23,56.17,1,0,1
39,Female,85814,Bachelor,Widowed,1,Southeast,Suburban,9,708.25,78.69,42,2,0.118,0.25,0,0.269,0.094,4,5.87,6,31.79,0,0,1
18,Female,49270,Master,Single,2,Midwest,Urban,14,1073.78,76.7,39,1,0.187,0.467,1,0.227,0.082,7,8.43,14,35.11,0,1,0
60,Female,99846,High School,Married,4,Southwest,Suburban,13,773.92,59.53,44,2,0.066,0.488,0,0.348,0.052,6,10.01,9,0.0,0,1,0
53,Female,74618,Master,Married,4,West,Rural,16,1273.5,79.59,34,1,0.228,0.445,0,0.232,0.089,5,3.3,7,21.72,0,0,1
49,Male,77770,Master,Married,2,Southwest,Urban,9,358.51,39.83,44,1,0.084,0.407,0,0.363,0.177,9,13.34,13,42.64,0,0,0
64,Male,72873,High School,Married,5,Southeast,Urban,9,643.38,71.49,54,2,0.105,0.603,0,0.296,0.059,11,3.45,3,7.54,0,0,0
27,Female,106074,Master,Single,2,Southwest,Suburban,17,1774.62,104.39,19,2,0.091,0.585,0,0.242,0.025,16,5.8,10,56.13,0,0,0
68,Female,75376,High School,Divorced,2,West,Suburban,13,583.72,44.9,51,2,0.147,0.308,0,0.106,0.031,10,3.29,3,28.26,1,1,0
55,Female,69120,High School,Divorced,4,Midwest,Suburban,22,1784.88,81.13,11,6,0.053,0.866,1,0.221,0.108,9,18.64,8,27.24,0,1,1
38,Female,77481,High School,Single,2,Northeast,Suburban,19,1391.51,73.24,28,6,0.141,0.199,0,0.096,0.011,10,8.62,6,46.03,1,1,0
59,Female,98295,Master,Divorced,3,West,Suburban,14,980.85,70.06,17,2,0.068,0.63,0,0.257,0.081,12,3.71,6,22.42,0,1,0
25,Female,57923,Master,Single,1,Northeast,Suburban,14,489.33,34.95,22,3,0.152,0.47,1,0.258,0.06,12,4.68,10,55.92,0,0,1
29,Female,72541,Master,Single,2,Northeast,Suburban,24,1706.56,71.11,23,4,0.125,0.375,1,0.156,0.045,10,10.33,12,44.52,1,1,0
32,Female,71761,High School,Married,2,Southeast,Rural,10,757.57,75.76,52,1,0.183,0.452,0,0.236,0.107,7,4.3,17,50.15,1,1,1
34,Female,68862,Bachelor,Married,3,Southeast,Rural,12,696.99,58.08,19,2,0.145,0.476,0,0.252,0.071,7,8.74,3,33.96,1,1,0
26,Male,105359,Master,Single,2,West,Suburban,30,1891.78,63.06,17,3,0.1,0.651,1,0.332,0.13,13,12.45,9,22.08,0,0,0
60,Male,84669,High School,Married,2,Southeast,Urban,11,963.42,87.58,24,2,0.172,0.665,0,0.342,0.142,9,7.22,6,31.57,0,1,0
38,Female,61327,Bachelor,Married,4,Northeast,Suburban,23,1940.15,84.35,29,5,0.045,0.309,1,0.304,0.111,12,6.21,9,29.49,0,0,1
47,Female,63966,High School,Married,4,Southwest,Rural,7,567.39,81.06,64,2,0.141,0.492,0,0.352,0.056,6,7.0,13,12.04,0,0,0
33,Female,54201,Bachelor,Single,3,Southwest,Suburban,16,1422.11,88.88,10,2,0.06,0.925,1,0.323,0.156,10,5.48,8,16.11,1,1,1
18,Female,44973,Bachelor,Single,2,West,Rural,10,394.55,39.46,26,3,0.144,0.617,0,0.068,0.012,9,3.23,12,42.84,0,0,0
46,Male,144586,Bachelor,Single,3,Southeast,Suburban,29,2145.68,73.99,10,3,0.069,0.556,1,0.211,0.072,16,7.79,6,52.08,0,0,1
18,Male,55279,High School,Single,1,Northeast,Rural,6,395.11,65.85,45,2,0.031,0.436,0,0.223,0.034,9,4.33,18,38.75,0,0,0
40,Female,70516,High School,Divorced,2,Midwest,Urban,17,972.38,57.2,27,3,0.043,0.337,0,0.341,0.037,16,3.11,13,28.48,1,0,0
21,Male,48052,Bachelor,Single,4,Northeast,Suburban,12,885.35,73.78,22,2,0.061,0.74,0,0.171,0.02,12,5.17,13,62.31,1,0,0
71,Male,105943,High School,Married,2,Northeast,Suburban,17,1057.94,62.23,22,3,0.09,0.4,0,0.254,0.065,16,3.83,3,39.6,0,1,1
55,Male,86091,High School,Married,5,West,Rural,13,698.99,53.77,19,3,0.023,0.518,0,0.297,0.081,10,4.35,8,29.19,1,0,0
43,Male,103224,Bachelor,Married,1,Southeast,Suburban,21,1742.44,82.97,24,3,0.059,0.407,1,0.4,0.133,14,8.04,9,25.99,0,0,0
60,Female,116096,Bachelor,Single,1,Midwest,Urban,24,2197.15,91.55,19,4,0.054,0.416,1,0.329,0.078,11,5.11,5,25.72,0,0,1
29,Male,41613,Bachelor,Single,1,Southwest,Rural,8,514.42,64.3,58,5,0.026,0.728,0,0.337,0.089,5,3.88,14,44.44,0,1,0
50,Female,78952,Master,Married,4,Southeast,Suburban,29,1957.75,67.51,23,7,0.011,0.322,1,0.386,0.178,16,3.06,14,20.34,1,1,0
44,Male,75743,Master,Widowed,2,Northeast,Urban,16,472.46,29.53,23,6,0.11,0.29,0,0.304,0.072,10,7.95,11,44.8,0,1,1
45,Female,47440,High School,Married,5,Southeast,Suburban,13,1595.84,122.76,21,4,0.101,0.93,0,0.436,0.098,7,5.75,13,44.25,0,1,1
61,Male,79251,High School,Single,4,Southeast,Suburban,12,843.55,70.3,56,1,0.029,0.341,0,0.31,0.12,7,9.18,7,13.8,0,0,0
52,Female,88697,Master,Married,3,West,Suburban,19,2510.26,132.12,10,3,0.142,0.41,0,0.226,0.111,13,4.88,9,32.39,0,0,0
46,Female,93488,High School,Single,2,Southwest,Rural,15,1113.38,74.23,39,1,0.116,0.514,0,0.314,0.034,8,12.36,17,33.05,0,1,0
18,Male,68570,High School,Single,1,Midwest,Suburban,8,345.82,43.23,30,1,0.029,0.705,0,0.235,0.03,8,23.69,21,70.64,1,0,0
27,Female,47103,High School,Married,3,Northeast,Suburban,9,424.84,47.2,54,5,0.223,0.631,0,0.482,0.196,7,8.22,20,58.63,0,1,0
40,Female,101929,Bachelor,Married,3,Northeast,Urban,16,1647.59,102.97,25,3,0.081,0.323,0,0.166,0.021,9,4.72,10,56.82,0,0,0
43,Male,97322,Bachelor,Married,4,West,Suburban,8,728.37,91.05,71,3,0.137,0.639,0,0.137,0.055,10,5.68,15,2.72,0,0,0
25,Male,83839,PhD,Single,1,West,Urban,19,1483.36,78.07,29,4,0.029,0.518,1,0.292,0.073,6,11.8,18,68.0,0,0,1
78,Female,87861,Master,Married,6,Northeast,Urban,24,1744.9,72.7,11,5,0.14,0.883,1,0.152,0.046,14,6.81,3,7.4,1,1,0
64,Female,88530,Bachelor,Married,3,West,Urban,22,1690.74,76.85,23,4,0.057,0.357,1,0.12,0.013,15,4.22,7,13.57,0,0,1
51,Male,71730,Bachelor,Married,3,Southeast,Urban,18,1131.94,62.89,15,4,0.12,0.541,0,0.408,0.09,13,3.37,10,19.87,1,1,0
43,Male,78097,Bachelor,Married,6,Southeast,Urban,14,1301.79,92.99,18,1,0.283,0.695,1,0.263,0.114,6,6.45,7,25.9,1,0,0
38,Female,57338,High School,Single,1,Northeast,Suburban,15,1154.82,76.99,14,5,0.114,0.398,0,0.299,0.144,10,6.53,9,51.67,1,0,0
27,Female,48145,High School,Single,3,West,Urban,9,317.02,35.22,24,6,0.027,0.459,0,0.284,0.091,10,9.85,11,63.46,0,0,0
43,Female,67855,High School,Divorced,2,Midwest,Urban,12,412.55,34.38,43,4,0.063,0.551,0,0.329,0.162,18,6.01,12,54.19,0,0,0
45,Male,43412,High School,Single,2,West,Rural,7,190.29,27.18,90,4,0.014,0.361,0,0.383,0.053,5,24.23,12,45.32,1,1,0
23,Female,65170,Bachelor,Married,2,Southeast,Suburban,14,776.43,55.46,36,5,0.021,0.484,1,0.293,0.131,7,14.29,18,52.5,1,1,0
47,Male,71605,Bachelor,Single,2,Southwest,Suburban,23,1615.19,70.23,23,6,0.066,0.422,1,0.214,0.086,18,11.25,7,20.1,0,0,1
39,Male,104799,PhD,Married,3,Northeast,Urban,11,894.32,81.3,50,2,0.122,0.148,0,0.349,0.051,7,6.41,9,52.44,1,0,1
18,Female,69361,Bachelor,Single,4,Northeast,Suburban,15,1159.26,77.28,41,4,0.28,0.54,0,0.115,0.043,8,3.37,15,45.6,0,0,0
29,Other,75434,PhD,Single,2,Northeast,Suburban,14,943.97,67.43,21,2,0.079,0.37,0,0.211,0.076,5,10.81,16,36.82,0,0,0
35,Male,64380,Bachelor,Single,1,West,Suburban,25,2352.6,94.1,19,3,0.308,0.532,1,0.336,0.161,17,5.51,11,31.5,0,0,1
70,Male,94821,Bachelor,Divorced,2,Southwest,Suburban,23,2014.49,87.59,12,7,0.102,0.604,0,0.266,0.051,13,8.41,8,24.8,0,1,1
50,Female,72885,Bachelor,Widowed,3,Northeast,Suburban,7,467.61,66.8,58,4,0.079,0.615,0,0.244,0.057,6,3.94,6,27.65,1,1,0
21,Female,70897,Bachelor,Single,1,Southeast,Rural,9,317.09,35.23,29,3,0.09,0.275,0,0.179,0.032,7,5.37,13,29.52,0,0,0
49,Female,53994,High School,Divorced,5,Southwest,Rural,12,768.03,64.0,16,3,0.166,0.769,0,0.301,0.142,7,3.39,10,27.92,0,0,0
18,Female,76668,PhD,Single,1,Southeast,Urban,26,2036.24,78.32,8,10,0.091,0.441,1,0.158,0.07,17,4.98,13,41.34,1,1,0
58,Male,106351,PhD,Widowed,2,West,Suburban,13,895.73,68.9,51,4,0.083,0.716,1,0.49,0.103,10,18.5,6,0.0,1,1,0
34,Other,69180,High School,Single,2,West,Urban,7,290.26,41.47,23,5,0.011,0.78,0,0.348,0.155,6,5.1,10,27.97,0,1,0
40,Female,50213,High School,Married,2,Midwest,Suburban,19,1463.02,77.0,28,5,0.032,0.506,0,0.316,0.153,7,11.97,8,14.66,0,0,1
61,Female,96300,Bachelor,Single,2,Southwest,Suburban,14,822.9,58.78,44,1,0.145,0.131,0,0.339,0.051,10,14.9,7,8.01,0,1,1
22,Female,87835,Bachelor,Married,6,Southwest,Suburban,27,2085.18,77.23,14,3,0.081,0.479,1,0.312,0.15,19,16.65,17,33.05,1,1,1
21,Female,56277,Bachelor,Single,1,Southeast,Suburban,8,469.9,58.74,63,2,0.088,0.453,0,0.308,0.14,3,5.29,15,9.05,1,0,0
33,Male,68680,High School,Married,6,Southeast,Suburban,8,586.17,73.27,41,1,0.123,0.507,0,0.229,0.105,11,15.03,16,39.13,1,1,0
57,Male,111270,Bachelor,Married,5,Northeast,Suburban,23,1527.43,66.41,19,5,0.073,0.363,0,0.224,0.028,9,8.82,2,46.41,0,0,0
19,Female,71207,Bachelor,Married,3,West,Urban,12,758.31,63.19,53,1,0.163,0.476,0,0.167,0.079,11,4.77,11,27.55,0,0,0
18,Male,54747,Bachelor,Single,2,Southwest,Suburban,18,684.45,38.02,10,4,0.164,0.621,1,0.317,0.158,14,6.12,14,19.99,1,0,0
35,Male,63231,High School,Married,6,Northeast,Rural,8,504.78,63.1,36,3,0.114,0.454,0,0.304,0.117,3,9.41,11,8.94,1,1,0
50,Female,61289,Bachelor,Married,5,Midwest,Urban,13,919.44,70.73,17,3,0.087,0.682,0,0.179,0.078,13,5.17,7,37.05,0,0,0
60,Female,106899,PhD,Divorced,4,Southeast,Urban,28,2838.02,101.36,15,7,0.08,0.758,1,0.331,0.098,13,3.41,9,10.45,0,0,1
35,Male,59529,Bachelor,Married,5,West,Suburban,23,2062.19,89.66,25,2,0.17,0.515,1,0.282,0.039,19,14.65,16,18.14,0,0,1
35,Female,117209,Master,Single,2,Southeast,Suburban,22,1833.32,83.33,31,4,0.22,0.447,0,0.07,0.02,14,5.27,15,35.63,1,0,1
59,Female,90611,Master,Widowed,2,Southwest,Suburban,14,975.53,69.68,17,4,0.048,0.358,0,0.325,0.149,5,6.59,9,13.16,0,1,0
18,Female,72587,PhD,Single,1,Northeast,Suburban,17,1559.69,91.75,11,2,0.026,0.307,1,0.163,0.045,11,6.49,16,24.48,1,1,1
36,Female,68741,Master,Married,1,Midwest,Rural,13,986.34,75.87,18,2,0.031,0.296,0,0.303,0.071,9,11.11,13,31.28,0,1,0
44,Male,84197,Bachelor,Single,2,Southeast,Rural,22,2130.5,96.84,30,2,0.194,0.549,1,0.465,0.164,13,4.2,10,32.59,0,0,0
48,Male,96139,Master,Divorced,1,Northeast,Urban,19,2225.28,117.12,17,3,0.097,0.609,0,0.144,0.07,12,6.44,10,39.31,0,1,0
34,Male,69101,High School,Single,3,Midwest,Suburban,11,524.46,47.68,27,2,0.061,0.474,0,0.34,0.111,6,11.6,16,30.32,0,0,1
42,Female,84268,Bachelor,Married,4,Southwest,Suburban,15,1324.8,88.32,36,10,0.085,0.466,0,0.21,0.066,10,9.51,12,0.23,0,0,1
18,Female,64294,PhD,Married,4,West,Urban,13,652.12,50.16,17,2,0.084,0.375,0,0.192,0.055,6,6.43,14,54.97,0,0,0
32,Female,69090,Master,Single,3,Southwest,Suburban,13,1245.59,95.81,26,3,0.098,0.314,0,0.056,0.015,11,8.66,15,27.64,1,1,0
48,Female,129479,PhD,Divorced,2,Midwest,Suburban,20,1419.68,70.98,12,6,0.152,0.579,1,0.343,0.092,9,3.65,7,44.63,1,1,1
27,Female,74150,Master,Single,4,West,Rural,12,1025.14,85.43,55,2,0.293,0.241,0,0.184,0.09,12,4.24,15,21.71,1,1,0
42,Female,107013,Master,Married,5,West,Rural,22,1593.55,72.43,14,2,0.038,0.971,1,0.302,0.064,20,7.39,7,38.01,0,0,1
48,Male,91754,Master,Married,5,Midwest,Urban,9,782.69,86.97,32,3,0.227,0.461,1,0.36,0.105,7,6.31,7,15.91,1,0,1
36,Male,69885,Master,Married,5,Midwest,Suburban,14,1264.27,90.3,35,3,0.137,0.511,0,0.438,0.065,7,4.18,13,27.74,1,0,0
44,Female,71251,Bachelor,Married,5,West,Suburban,21,1107.66,52.75,8,3,0.092,0.756,1,0.442,0.128,16,3.21,10,33.87,1,0,0
27,Male,77679,PhD,Single,1,Midwest,Urban,26,1026.28,39.47,20,4,0.222,0.698,1,0.143,0.033,11,11.58,9,25.52,1,0,0
38,Male,77516,Master,Divorced,3,Southwest,Suburban,7,445.05,63.58,53,2,0.023,0.179,0,0.31,0.091,8,3.17,11,57.81,0,1,0
51,Female,99413,Master,Single,2,Northeast,Rural,26,1870.91,71.96,10,3,0.024,0.387,0,0.541,0.148,13,3.23,8,14.77,0,0,0
44,Male,83474,Bachelor,Divorced,2,Southwest,Suburban,21,967.0,46.05,20,6,0.074,0.319,1,0.34,0.155,15,3.51,15,28.09,0,0,0
33,Female,43147,Bachelor,Single,1,Southeast,Rural,10,150.0,15.0,66,2,0.186,0.493,0,0.311,0.107,14,3.03,12,19.01,1,1,1
45,Male,61339,High School,Married,3,Northeast,Suburban,13,1105.04,85.0,45,3,0.072,0.404,1,0.349,0.092,11,6.2,9,26.15,1,0,1
52,Male,103400,PhD,Divorced,2,West,Suburban,24,2676.78,111.53,28,6,0.033,0.391,1,0.276,0.071,11,8.08,9,39.25,0,0,0
18,Male,45273,Bachelor,Single,4,Southwest,Urban,8,324.79,40.6,76,2,0.16,0.663,0,0.367,0.045,9,3.21,14,67.88,1,1,0
59,Female,89790,Bachelor,Widowed,3,Southeast,Urban,17,1173.73,69.04,35,4,0.376,0.653,0,0.249,0.048,13,3.42,10,17.24,0,0,1
36,Male,46143,High School,Married,4,Midwest,Suburban,16,1107.63,69.23,21,6,0.083,0.33,1,0.37,0.168,11,3.98,19,37.36,0,0,0
48,Female,114732,Master,Married,3,Southeast,Suburban,22,2284.39,103.84,25,5,0.086,0.596,1,0.171,0.042,16,3.43,6,34.14,0,1,0
59,Female,120620,Master,Divorced,4,Northeast,Suburban,32,4028.56,125.89,12,5,0.09,0.511,1,0.078,0.038,14,9.12,6,21.91,1,0,0
21,Female,90127,Master,Single,3,Southeast,Suburban,17,1487.43,87.5,23,2,0.15,0.789,0,0.23,0.038,12,5.69,15,29.94,1,0,1
31,Male,57976,Bachelor,Married,4,Northeast,Rural,23,885.06,38.48,27,5,0.023,0.279,1,0.156,0.025,16,8.58,15,0.7,0,1,0
37,Male,55762,Bachelor,Married,3,Midwest,Urban,16,1179.24,73.7,17,8,0.094,0.657,1,0.104,0.047,12,6.42,14,49.0,1,0,0
30,Female,65830,Bachelor,Married,4,West,Suburban,20,979.18,48.96,16,2,0.079,0.288,1,0.432,0.133,11,10.62,19,32.84,1,0,1
68,Female,77744,High School,Married,5,Northeast,Suburban,12,810.72,67.56,53,7,0.055,0.528,0,0.319,0.141,10,3.49,3,10.23,0,0,0
29,Other,69667,Master,Married,6,Northeast,Urban,4,348.34,87.08,113,4,0.143,0.61,0,0.276,0.062,8,6.99,10,59.42,1,0,0
33,Male,34363,High School,Divorced,2,West,Rural,4,116.29,29.07,43,2,0.148,0.723,0,0.256,0.05,8,7.54,22,24.91,0,0,0
45,Female,75977,Bachelor,Married,3,Southwest,Suburban,19,1263.96,66.52,12,3,0.029,0.437,1,0.395,0.139,11,6.59,8,43.79,1,0,0
23,Male,52938,Bachelor,Single,5,Northeast,Urban,11,351.49,31.95,41,5,0.134,0.324,0,0.373,0.084,12,4.53,19,40.78,1,1,0
36,Male,79725,Bachelor,Married,4,Northeast,Rural,12,601.07,50.09,47,7,0.029,0.291,0,0.18,0.02,10,3.32,9,8.62,0,0,0
46,Male,117376,PhD,Married,6,Southwest,Rural,18,1399.51,77.75,32,4,0.206,0.572,0,0.256,0.118,8,5.46,8,19.43,0,1,0
37,Male,71711,High School,Married,2,Southeast,Suburban,11,1083.06,98.46,34,2,0.153,0.697,0,0.259,0.111,9,4.05,14,45.17,0,1,0
40,Female,68710,Master,Widowed,1,Southwest,Suburban,14,910.31,65.02,21,1,0.146,0.302,1,0.371,0.115,10,3.46,8,23.95,1,0,1
34,Male,58815,High School,Single,1,Southeast,Rural,3,336.87,112.29,153,2,0.017,0.313,0,0.249,0.05,2,4.27,21,37.21,1,0,0
19,Female,29888,High School,Single,3,West,Urban,4,256.17,64.04,139,1,0.274,0.256,0,0.279,0.064,5,7.89,16,25.62,1,1,0
46,Male,59093,Bachelor,Divorced,3,Southwest,Suburban,22,1742.14,79.19,18,5,0.028,0.575,1,0.281,0.032,18,4.8,7,58.56,1,0,0
68,Female,73570,High School,Divorced,4,Northeast,Urban,23,1032.85,44.91,10,6,0.059,0.562,1,0.342,0.051,12,4.11,3,28.13,0,1,1
42,Male,105230,Master,Divorced,3,Southeast,Suburban,21,1670.45,79.55,23,3,0.18,0.29,1,0.365,0.085,13,4.05,12,30.06,1,1,0
45,Male,71015,Bachelor,Married,3,Midwest,Rural,12,511.77,42.65,17,2,0.196,0.599,0,0.251,0.108,10,7.44,4,7.05,1,0,1
52,Male,90681,High School,Married,1,Northeast,Suburban,23,1590.31,69.14,21,6,0.248,0.392,1,0.203,0.084,13,5.46,8,51.3,0,0,0
22,Male,51433,High School,Married,1,Northeast,Suburban,5,232.88,46.58,46,1,0.169,0.475,0,0.157,0.042,10,4.56,21,50.67,0,0,0
67,Female,88288,Bachelor,Married,2,Northeast,Suburban,17,1246.2,73.31,25,8,0.178,0.394,1,0.419,0.187,7,8.57,5,19.9,0,1,1
45,Male,109000,Master,Married,4,Midwest,Rural,26,2626.27,101.01,19,3,0.096,0.323,1,0.558,0.181,13,3.54,8,42.27,1,0,0
66,Female,100080,Bachelor,Single,3,Southwest,Suburban,22,1645.63,74.8,18,4,0.106,0.619,1,0.37,0.174,6,7.38,6,0.0,1,0,0
31,Male,51411,Bachelor,Married,4,Northeast,Urban,12,870.91,72.58,48,2,0.102,0.681,0,0.101,0.011,7,12.41,14,64.65,1,1,1
69,Female,138682,Master,Married,3,Southwest,Suburban,36,2520.82,70.02,10,5,0.092,0.702,1,0.182,0.081,18,7.11,5,49.38,0,0,0
53,Female,86892,Bachelor,Married,1,Midwest,Suburban,19,1565.81,82.41,13,5,0.087,0.169,1,0.201,0.077,12,10.19,6,37.49,1,0,1
50,Male,65881,High School,Married,4,West,Urban,14,759.17,54.23,29,6,0.177,0.662,0,0.259,0.061,7,3.79,8,0.0,1,0,0
45,Male,63767,Bachelor,Married,2,West,Rural,16,1071.25,66.95,41,3,0.17,0.449,0,0.084,0.032,7,6.04,4,19.17,0,0,0
38,Male,88693,Bachelor,Single,1,West,Suburban,23,2106.92,91.61,27,6,0.065,0.623,1,0.176,0.067,15,4.16,11,29.9,0,0,1
60,Female,111359,Master,Married,3,West,Rural,17,966.43,56.85,19,7,0.036,0.668,0,0.435,0.148,12,4.96,10,35.49,1,1,1
44,Male,85238,Bachelor,Married,3,Midwest,Suburban,12,1224.01,102.0,24,3,0.092,0.323,0,0.358,0.166,12,6.69,10,1.92,1,0,0
18,Female,77387,PhD,Single,2,Midwest,Urban,10,648.21,64.82,40,5,0.043,0.633,0,0.252,0.116,11,3.74,22,44.74,1,0,0
25,Female,73111,Bachelor,Married,5,Southeast,Urban,11,1141.73,103.79,45,1,0.104,0.684,0,0.218,0.042,12,8.62,13,53.68,0,0,0
39,Female,115477,PhD,Married,6,Midwest,Rural,18,1604.86,89.16,36,1,0.079,0.826,0,0.248,0.048,14,4.57,10,14.18,1,1,1
46,Female,67368,Bachelor,Married,2,Northeast,Urban,16,1441.63,90.1,30,3,0.069,0.489,0,0.35,0.099,11,5.4,11,25.59,1,1,0
41,Female,52145,Bachelor,Married,6,Southwest,Suburban,10,572.68,57.27,58,3,0.105,0.816,0,0.302,0.112,7,6.52,2,46.08,0,1,0
60,Male,82320,High School,Divorced,4,Northeast,Urban,13,994.56,76.5,40,3,0.056,0.384,1,0.185,0.075,10,6.19,6,25.14,0,0,0
18,Female,31399,Bachelor,Married,6,Southeast,Suburban,17,816.41,48.02,13,1,0.149,0.547,1,0.332,0.165,7,9.05,13,41.11,0,1,1
44,Female,93080,Master,Single,2,Southeast,Urban,13,937.94,72.15,47,4,0.082,0.776,1,0.232,0.047,9,3.77,15,17.84,0,0,0
18,Male,63291,Master,Single,2,West,Urban,9,508.49,56.5,29,4,0.113,0.384,0,0.353,0.111,5,6.01,16,43.62,0,0,0
53,Female,86279,High School,Single,3,Northeast,Suburban,32,2484.82,77.65,11,7,0.128,0.342,1,0.164,0.03,22,5.6,9,45.33,0,0,1
40,Male,66707,Bachelor,Married,2,West,Urban,13,966.16,74.32,45,2,0.073,0.541,0,0.2,0.088,6,4.45,11,50.24,1,0,0
48,Female,80609,High School,Married,4,Northeast,Suburban,19,1424.54,74.98,35,1,0.077,0.395,1,0.388,0.097,9,5.32,7,14.75,1,1,1
29,Female,86086,PhD,Married,1,Southwest,Suburban,11,917.69,83.43,29,1,0.126,0.611,0,0.203,0.098,4,10.48,15,46.62,1,1,0
61,Male,119399,Master,Married,5,Southeast,Suburban,14,830.72,59.34,26,3,0.299,0.306,0,0.398,0.154,6,18.78,9,16.46,1,0,0
57,Female,102105,High School,Divorced,2,Southeast,Urban,17,1685.25,99.13,24,4,0.137,0.374,0,0.336,0.134,9,4.59,12,17.78,0,0,0
50,Male,79579,Master,Married,5,West,Suburban,16,879.01,54.94,26,4,0.062,0.423,1,0.407,0.051,9,5.68,10,4.78,0,1,0
40,Male,106980,PhD,Divorced,4,Southeast,Rural,25,1263.54,50.54,22,4,0.026,0.309,1,0.277,0.092,13,3.59,15,40.51,0,0,0
50,Male,121831,Bachelor,Single,3,Southeast,Suburban,15,1917.99,127.87,39,5,0.083,0.579,0,0.182,0.021,11,6.8,5,17.7,0,1,0
31,Female,81398,Master,Married,3,Midwest,Suburban,17,1681.35,98.9,40,3,0.017,0.679,0,0.174,0.023,8,10.51,19,49.76,1,0,0
54,Male,84726,Bachelor,Divorced,2,Southwest,Rural,15,1082.3,72.15,38,4,0.069,0.544,0,0.384,0.184,10,14.97,3,8.94,0,0,0
66,Male,105227,Bachelor,Married,2,West,Rural,14,1456.09,104.01,23,4,0.095,0.498,0,0.204,0.026,7,5.28,6,14.82,0,1,0
58,Female,87616,Bachelor,Single,1,Southwest,Suburban,20,1343.67,67.18,18,1,0.056,0.617,1,0.284,0.135,13,12.35,10,0.0,0,1,1
31,Male,39791,Bachelor,Widowed,2,Midwest,Rural,3,121.52,40.51,130,1,0.057,0.436,0,0.163,0.033,7,3.13,18,1.36,1,1,0
47,Male,95184,Bachelor,Married,2,Southeast,Urban,27,1774.05,65.71,19,5,0.023,0.334,1,0.36,0.039,11,9.04,9,24.71,0,0,1
22,Male,20000,High School,Single,2,Midwest,Rural,10,272.05,27.21,21,3,0.261,0.758,0,0.097,0.047,6,5.66,12,30.43,1,0,0
50,Male,89348,Master,Married,3,Midwest,Urban,15,1042.39,69.49,23,6,0.157,0.448,0,0.417,0.119,15,18.51,4,0.0,0,0,1
48,Male,97111,Bachelor,Married,3,Southeast,Suburban,23,1478.36,64.28,12,2,0.278,0.471,1,0.164,0.037,16,4.28,14,12.19,1,1,0
18,Male,49651,Bachelor,Married,6,Southwest,Rural,12,180.0,15.0,35,6,0.199,0.319,0,0.144,0.038,8,3.33,19,54.56,0,1,0
24,Other,64394,Master,Single,3,Southeast,Urban,21,1229.1,58.53,12,2,0.075,0.298,1,0.245,0.115,11,6.85,6,34.4,1,0,0
37,Female,83388,Bachelor,Married,4,Midwest,Urban,16,836.96,52.31,29,3,0.105,0.306,0,0.508,0.102,7,5.16,15,40.78,1,0,1
37,Male,57433,Bachelor,Married,3,Southeast,Suburban,7,452.63,64.66,54,1,0.121,0.559,0,0.24,0.113,6,6.05,6,42.93,0,0,0
23,Male,70666,PhD,Single,1,Southeast,Suburban,18,1089.66,60.54,21,3,0.201,0.499,1,0.213,0.028,12,3.56,11,43.97,0,0,0
47,Male,97317,Master,Divorced,4,Midwest,Urban,22,2009.8,91.35,23,4,0.142,0.344,0,0.265,0.036,17,8.78,11,27.62,1,0,1
45,Female,58856,High School,Divorced,4,Northeast,Suburban,14,835.65,59.69,27,2,0.117,0.429,1,0.466,0.139,14,4.11,9,9.33,0,0,0
39,Male,53144,Bachelor,Married,6,Northeast,Suburban,10,312.43,31.24,36,1,0.158,0.488,0,0.469,0.11,6,4.06,11,26.53,1,0,0
30,Male,104154,PhD,Single,1,Northeast,Urban,11,624.3,56.75,44,3,0.042,0.373,0,0.352,0.038,7,4.32,8,34.26,1,0,0
57,Female,93167,Bachelor,Widowed,3,Northeast,Suburban,26,1345.85,51.76,7,2,0.118,0.586,1,0.359,0.114,24,3.76,9,41.68,0,0,1
66,Male,88003,Bachelor,Single,2,Southeast,Urban,14,794.15,56.73,27,4,0.114,0.785,0,0.204,0.043,4,4.93,5,7.05,1,0,1
34,Male,63430,Bachelor,Single,3,West,Urban,9,428.95,47.66,28,1,0.104,0.408,0,0.184,0.058,4,3.44,4,40.67,0,0,0
32,Female,58255,High School,Single,2,Midwest,Suburban,19,1472.77,77.51,10,6,0.077,0.534,0,0.401,0.135,9,3.61,12,43.26,1,0,0
49,Female,112655,Master,Single,4,Midwest,Rural,9,810.48,90.05,20,5,0.256,0.491,0,0.365,0.066,8,5.84,7,19.76,0,0,1
36,Male,80158,Master,Divorced,6,Southwest,Suburban,13,427.16,32.86,19,4,0.121,0.576,0,0.291,0.124,12,5.0,15,13.71,1,0,1
39,Female,111620,PhD,Married,5,Southwest,Urban,18,1229.38,68.3,22,3,0.097,0.753,0,0.27,0.08,8,3.59,16,26.03,0,0,0
53,Male,106478,Master,Widowed,2,Northeast,Suburban,30,2475.18,82.51,15,5,0.4,0.242,1,0.275,0.108,12,3.99,7,29.95,1,0,1
18,Female,68189,Bachelor,Single,1,West,Rural,14,616.13,44.01,41,5,0.038,0.539,0,0.305,0.103,14,6.72,12,42.13,1,0,0
61,Female,74989,High School,Married,3,West,Suburban,12,829.38,69.12,39,4,0.11,0.284,1,0.439,0.142,4,6.55,7,36.75,0,1,0
43,Female,91315,PhD,Widowed,1,Northeast,Suburban,22,1295.3,58.88,20,7,0.007,0.432,1,0.29,0.122,18,3.67,8,42.12,1,1,0
35,Female,61662,Bachelor,Divorced,2,Southwest,Rural,7,407.03,58.15,25,1,0.051,0.773,0,0.111,0.026,5,3.47,10,30.7,0,0,0
40,Female,77742,Bachelor,Married,4,Northeast,Suburban,25,1437.26,57.49,13,2,0.161,0.586,1,0.362,0.137,12,4.85,9,15.14,1,1,0
41,Female,130676,PhD,Single,3,Northeast,Rural,20,1951.63,97.58,26,6,0.216,0.429,0,0.403,0.073,11,4.15,2,19.91,0,0,1
18,Female,47739,Bachelor,Married,6,Southeast,Suburban,10,826.85,82.69,30,2,0.081,0.641,0,0.474,0.175,7,4.11,13,32.7,1,0,0
64,Male,88871,High School,Married,6,West,Urban,13,1199.83,92.29,36,4,0.023,0.677,0,0.3,0.074,10,7.86,4,0.44,1,1,0
42,Male,84279,Master,Married,2,Southwest,Urban,29,1464.95,50.52,17,10,0.06,0.432,1,0.237,0.025,22,4.47,13,29.72,0,1,0
48,Female,110657,PhD,Married,5,Midwest,Suburban,22,2982.17,135.55,15,1,0.109,0.344,1,0.231,0.104,10,4.13,8,39.47,0,0,0
56,Female,93130,High School,Married,3,Midwest,Suburban,31,3105.6,100.18,15,2,0.105,0.537,1,0.294,0.04,14,3.83,10,24.88,0,0,0
26,Male,87864,Master,Married,4,Midwest,Suburban,13,782.78,60.21,17,2,0.263,0.491,0,0.162,0.048,7,7.95,15,31.18,1,0,0
49,Female,61180,Bachelor,Married,3,Southeast,Urban,11,475.9,43.26,48,1,0.221,0.585,0,0.312,0.124,10,3.15,9,47.31,0,1,0
37,Female,61612,Bachelor,Single,2,West,Rural,15,1014.24,67.62,12,3,0.309,0.347,1,0.392,0.054,12,4.19,13,38.9,1,1,0
54,Other,132643,PhD,Married,6,Midwest,Rural,20,2208.2,110.41,9,2,0.068,0.578,0,0.479,0.137,18,8.58,8,22.07,1,0,1
18,Female,87128,PhD,Single,1,Midwest,Suburban,14,1524.7,108.91,43,2,0.012,0.488,1,0.258,0.041,14,21.52,19,47.97,1,0,0
40,Male,55367,Bachelor,Married,3,Midwest,Suburban,7,474.97,67.85,62,1,0.108,0.423,0,0.13,0.061,5,3.17,10,29.82,0,1,0
32,Male,53915,Bachelor,Married,6,West,Urban,14,611.56,43.68,18,6,0.2,0.707,0,0.287,0.086,8,5.5,12,13.79,0,0,0
48,Male,74552,High School,Single,2,Southwest,Suburban,14,799.8,57.13,34,2,0.077,0.531,0,0.147,0.042,11,8.93,14,9.0,1,0,0
49,Male,94716,Bachelor,Married,6,Northeast,Suburban,24,2157.37,89.89,15,10,0.089,0.357,1,0.352,0.119,15,5.57,10,22.11,0,0,1
31,Female,50667,High School,Widowed,2,Midwest,Suburban,9,256.72,28.52,33,4,0.084,0.681,0,0.405,0.113,7,10.14,16,36.39,1,0,1
31,Female,102529,Bachelor,Married,3,Southeast,Suburban,11,1222.73,111.16,52,3,0.335,0.285,0,0.377,0.182,13,7.54,15,44.35,1,0,0
40,Female,69962,High School,Married,1,West,Suburban,27,1460.39,54.09,15,5,0.05,0.536,0,0.183,0.071,19,6.9,13,17.2,0,1,0
28,Female,59347,Bachelor,Married,6,Southeast,Urban,14,1104.09,78.86,22,3,0.066,0.534,0,0.141,0.062,10,3.06,18,39.67,1,0,0
54,Male,56564,High School,Single,3,Northeast,Urban,12,987.25,82.27,53,2,0.163,0.685,0,0.21,0.031,7,4.92,12,46.58,1,0,0
36,Male,69776,Master,Divorced,6,Southeast,Rural,15,1889.79,125.99,17,6,0.068,0.349,0,0.278,0.126,13,3.61,10,23.81,1,1,0
18,Male,60031,Bachelor,Single,2,Southeast,Urban,7,377.37,53.91,32,4,0.149,0.461,1,0.05,0.015,1,9.09,15,49.1,0,1,0
36,Male,62068,Bachelor,Divorced,3,Midwest,Urban,25,1386.9,55.48,9,4,0.048,0.57,1,0.291,0.104,17,8.16,13,51.73,0,0,1
26,Female,101506,Master,Single,2,Southeast,Suburban,20,1483.21,74.16,11,5,0.067,0.611,1,0.188,0.065,11,3.64,18,50.83,0,0,1
18,Male,91994,Master,Single,2,Northeast,Urban,11,874.19,79.47,26,7,0.136,0.773,0,0.191,0.067,12,3.29,14,28.18,1,0,1
23,Male,68495,Bachelor,Single,3,Northeast,Suburban,24,1232.55,51.36,22,7,0.08,0.847,1,0.151,0.057,11,6.23,11,30.86,1,0,1
43,Male,42315,High School,Married,6,Southeast,Suburban,17,1281.73,75.4,30,4,0.072,0.298,0,0.096,0.018,6,5.37,10,29.75,0,0,0
61,Female,94316,Master,Divorced,3,Southeast,Urban,20,1946.42,97.32,28,3,0.076,0.353,0,0.309,0.095,12,10.82,8,17.83,0,1,1
46,Male,96235,Bachelor,Single,1,West,Urban,23,1678.49,72.98,20,3,0.064,0.394,0,0.45,0.086,9,5.63,6,18.6,0,0,1
32,Female,72754,Master,Married,2,Southeast,Urban,23,1199.76,52.16,18,5,0.092,0.256,1,0.201,0.029,11,3.99,10,44.87,0,0,0
48,Male,95832,Bachelor,Single,2,Northeast,Suburban,27,1868.19,69.19,14,3,0.098,0.833,1,0.298,0.114,12,3.02,9,0.0,0,0,0
35,Female,75719,Bachelor,Divorced,4,West,Rural,28,1637.37,58.48,22,1,0.055,0.665,1,0.315,0.099,15,9.96,8,23.28,0,0,1
31,Male,66175,Bachelor,Married,4,West,Urban,15,1094.45,72.96,23,6,0.14,0.314,0,0.269,0.033,6,12.96,12,33.25,0,0,0
24,Female,64257,Master,Single,2,Midwest,Suburban,14,923.86,65.99,44,2,0.192,0.4,1,0.38,0.147,12,4.48,15,28.4,1,0,1
18,Female,83586,PhD,Single,1,Southeast,Suburban,6,529.39,88.23,47,3,0.041,0.383,0,0.304,0.056,8,5.63,13,40.54,0,1,1
36,Female,57244,High School,Married,5,West,Urban,16,1413.9,88.37,15,6,0.277,0.419,0,0.496,0.155,9,5.54,10,32.07,1,1,0
44,Female,91288,Bachelor,Single,2,Northeast,Suburban,8,652.94,81.62,35,4,0.071,0.456,0,0.319,0.056,6,5.72,11,53.61,0,1,0
40,Male,44313,High School,Single,1,West,Suburban,8,512.14,64.02,50,3,0.043,0.527,0,0.339,0.126,10,9.06,17,7.79,0,0,0
35,Male,64657,Bachelor,Married,3,West,Suburban,17,1894.73,111.45,38,2,0.116,0.538,1,0.269,0.037,10,13.82,16,36.19,1,0,1
27,Male,77872,Master,Widowed,4,Midwest,Rural,17,1365.94,80.35,15,3,0.078,0.403,1,0.36,0.118,18,4.63,13,16.35,1,1,1
51,Female,91340,Bachelor,Widowed,1,Southeast,Suburban,18,1185.78,65.88,26,3,0.05,0.508,0,0.331,0.156,16,5.05,10,13.47,0,0,0
22,Male,74573,PhD,Single,2,Northeast,Urban,7,461.44,65.92,37,2,0.097,0.553,0,0.249,0.098,9,3.6,6,39.52,1,0,0
53,Male,63251,Bachelor,Married,4,West,Suburban,19,537.87,28.31,27,4,0.11,0.81,1,0.298,0.12,9,12.89,12,24.4,0,1,1
26,Female,101509,PhD,Widowed,4,Southwest,Urban,25,2291.59,91.66,16,3,0.28,0.391,1,0.385,0.162,9,3.58,16,57.51,0,1,1
30,Female,56830,Master,Married,4,Southeast,Urban,6,284.55,47.42,83,3,0.116,0.394,0,0.112,0.056,11,18.34,16,21.33,0,0,0
19,Male,60074,High School,Single,1,Northeast,Rural,12,506.66,42.22,50,5,0.146,0.339,1,0.145,0.015,4,7.34,16,36.4,1,1,0
34,Female,65461,Bachelor,Divorced,3,Southwest,Suburban,10,454.29,45.43,33,6,0.017,0.491,0,0.27,0.086,10,3.61,19,51.88,0,0,0
56,Female,62187,Bachelor,Married,1,West,Suburban,10,839.63,83.96,63,6,0.157,0.521,0,0.381,0.175,6,5.72,6,48.85,0,0,1
49,Male,57593,High School,Single,2,Southwest,Urban,18,965.15,53.62,23,4,0.013,0.526,0,0.194,0.084,7,4.45,7,15.84,0,1,0
56,Male,91086,Bachelor,Married,3,Northeast,Urban,16,1453.27,90.83,40,4,0.139,0.589,0,0.27,0.037,9,5.31,7,26.97,0,1,0
49,Female,71809,Bachelor,Single,2,Southeast,Urban,17,1251.53,73.62,17,3,0.176,0.646,0,0.225,0.05,9,4.62,13,35.32,0,0,1
25,Female,90900,PhD,Single,2,Northeast,Rural,20,1589.14,79.46,32,4,0.046,0.651,1,0.497,0.081,13,7.98,13,11.21,1,0,1
37,Male,81301,Bachelor,Married,3,West,Rural,12,755.83,62.99,28,2,0.076,0.756,0,0.318,0.141,5,15.49,10,23.25,0,1,1
30,Male,76567,Master,Married,2,Southeast,Suburban,22,1720.36,78.2,25,4,0.148,0.772,1,0.233,0.078,13,4.37,13,17.78,1,0,1
61,Female,105344,PhD,Widowed,3,Southwest,Urban,24,1779.7,74.15,28,4,0.271,0.36,0,0.331,0.142,14,3.23,6,20.21,0,0,1
24,Female,70315,Master,Single,2,Northeast,Suburban,16,1092.59,68.29,40,5,0.067,0.296,0,0.272,0.1,11,3.41,12,19.27,0,1,0
55,Female,90822,High School,Married,2,Northeast,Rural,20,1950.72,97.54,20,4,0.166,0.629,1,0.513,0.148,15,8.68,9,13.03,1,0,1
55,Male,109875,Bachelor,Single,5,Southwest,Rural,17,1891.72,111.28,20,5,0.024,0.535,0,0.291,0.142,12,4.62,10,11.53,1,0,0
69,Male,65501,Bachelor,Married,6,West,Suburban,10,540.3,54.03,47,2,0.109,0.351,0,0.293,0.127,8,3.77,3,0.0,0,1,0
35,Female,84965,Bachelor,Married,4,Southeast,Suburban,9,719.34,79.93,56,2,0.06,0.359,0,0.066,0.029,11,11.28,9,37.09,0,0,1
52,Male,85952,Bachelor,Married,2,Southeast,Suburban,9,761.95,84.66,47,1,0.137,0.363,0,0.213,0.104,6,3.45,13,19.57,1,1,0
76,Other,130259,Master,Married,6,Midwest,Urban,16,1598.05,99.88,38,4,0.071,0.331,0,0.21,0.033,10,10.52,4,12.29,0,0,1
32,Female,57942,Bachelor,Married,5,West,Suburban,28,2078.78,74.24,7,6,0.027,0.187,1,0.251,0.112,12,7.39,13,63.47,1,0,0
18,Male,28476,Bachelor,Single,4,Midwest,Suburban,9,537.58,59.73,51,6,0.193,0.618,0,0.185,0.073,5,3.21,18,50.12,1,0,0
18,Female,93767,PhD,Single,3,Northeast,Suburban,17,1931.82,113.64,26,3,0.115,0.541,0,0.298,0.036,12,6.87,16,27.57,0,0,0
52,Male,53085,High School,Married,2,Midwest,Suburban,17,1694.36,99.67,11,3,0.202,0.604,0,0.214,0.03,13,5.12,12,25.55,0,1,1
18,Female,34175,Bachelor,Single,6,West,Suburban,10,437.91,43.79,17,7,0.214,0.592,0,0.177,0.084,7,5.29,13,36.34,1,0,0
36,Male,64623,Master,Widowed,2,West,Suburban,12,1146.21,95.52,39,2,0.049,0.437,0,0.275,0.062,13,3.71,8,5.66,1,0,0
48,Male,73013,High School,Divorced,3,Midwest,Urban,13,978.75,75.29,17,5,0.085,0.509,0,0.359,0.058,12,6.75,8,32.65,1,1,1
44,Female,77891,Bachelor,Married,4,West,Rural,10,653.96,65.4,54,1,0.086,0.472,0,0.185,0.086,7,5.08,9,40.98,0,0,0
48,Female,75736,High School,Divorced,2,Northeast,Suburban,14,1120.14,80.01,46,5,0.049,0.545,0,0.345,0.144,16,3.27,15,28.58,0,0,0
45,Male,101636,Master,Married,3,Midwest,Suburban,17,1294.68,76.16,15,3,0.306,0.39,1,0.345,0.105,11,12.7,10,0.0,0,1,1
61,Female,83085,Bachelor,Widowed,2,West,Urban,13,918.96,70.69,44,3,0.039,0.609,0,0.317,0.12,9,4.66,7,20.55,0,1,1
27,Male,61142,Bachelor,Single,4,Northeast,Rural,17,656.88,38.64,28,4,0.084,0.64,0,0.179,0.089,10,4.29,14,63.06,1,0,0
31,Male,57728,Bachelor,Married,2,West,Suburban,10,604.72,60.47,38,2,0.168,0.439,0,0.227,0.044,5,4.6,15,39.77,1,0,0
30,Male,61445,Bachelor,Married,4,Southeast,Suburban,13,1031.89,79.38,38,3,0.04,0.575,0,0.261,0.055,9,11.52,9,35.96,1,0,0
54,Male,69291,Bachelor,Married,4,Southeast,Rural,26,2055.47,79.06,23,8,0.026,0.642,1,0.294,0.052,17,12.67,7,27.01,1,0,1
55,Male,90457,Bachelor,Married,2,Southeast,Rural,22,1815.05,82.5,31,6,0.026,0.29,1,0.267,0.056,13,10.42,10,18.81,1,1,1
48,Male,95126,Bachelor,Married,2,Southeast,Suburban,17,1909.07,112.3,30,6,0.12,0.368,1,0.325,0.046,10,5.85,9,19.62,1,1,0
59,Male,75550,Bachelor,Married,2,Midwest,Urban,17,1877.77,110.46,32,3,0.047,0.614,0,0.28,0.122,13,4.31,2,36.45,1,0,0
24,Male,79019,Bachelor,Single,2,Midwest,Rural,16,1271.6,79.47,30,4,0.061,0.275,0,0.136,0.023,10,5.15,11,42.18,0,1,0
67,Male,95902,Bachelor,Married,3,Southeast,Rural,16,1758.48,109.91,28,4,0.028,0.473,0,0.272,0.069,9,14.24,3,31.55,0,1,0
64,Female,95416,Bachelor,Married,5,West,Urban,14,1185.68,84.69,14,1,0.063,0.872,0,0.202,0.067,11,4.75,4,0.0,0,1,0
53,Male,57508,Bachelor,Widowed,2,Northeast,Suburban,12,726.17,60.51,20,4,0.091,0.479,1,0.389,0.172,8,3.51,5,27.27,0,1,0
68,Female,52891,High School,Divorced,1,West,Suburban,12,907.95,75.66,30,2,0.095,0.839,1,0.202,0.031,13,7.52,6,8.67,0,0,0
18,Female,72161,Master,Married,1,Southeast,Urban,32,2069.46,64.67,16,3,0.245,0.549,1,0.115,0.041,17,6.35,14,23.5,0,1,1
34,Female,94645,Master,Divorced,3,Midwest,Urban,13,391.68,30.13,15,4,0.119,0.427,0,0.21,0.09,9,4.67,17,43.35,0,1,1
30,Female,54529,Bachelor,Married,6,Southeast,Suburban,17,885.52,52.09,26,2,0.051,0.676,1,0.35,0.157,14,3.17,12,30.45,1,0,1
52,Female,107251,Bachelor,Married,3,Midwest,Rural,10,535.13,53.51,17,3,0.205,0.347,0,0.477,0.223,13,7.77,9,22.23,0,1,1
26,Male,72424,Bachelor,Single,2,West,Urban,22,1285.99,58.45,26,5,0.057,0.551,1,0.298,0.039,10,9.55,14,32.71,0,0,0
53,Female,69374,Bachelor,Widowed,1,West,Rural,13,699.18,53.78,39,2,0.074,0.382,0,0.381,0.109,12,4.45,8,3.75,0,0,0
62,Female,90662,Bachelor,Single,2,Southeast,Rural,22,1420.03,64.55,20,6,0.107,0.621,1,0.128,0.035,16,9.6,7,5.9,1,1,1
52,Female,104353,High School,Divorced,6,Midwest,Rural,15,917.17,61.14,30,6,0.124,0.322,0,0.292,0.03,9,3.78,11,23.86,0,0,0
46,Female,73761,Master,Married,6,Midwest,Suburban,14,600.65,42.9,46,4,0.178,0.353,0,0.36,0.141,6,4.34,11,22.14,0,1,0
27,Male,55124,High School,Married,3,West,Suburban,9,401.6,44.62,67,3,0.146,0.421,0,0.31,0.126,3,16.4,14,41.74,1,0,0
29,Female,58958,Bachelor,Single,4,West,Suburban,7,364.41,52.06,77,6,0.019,0.393,1,0.159,0.03,3,9.62,20,6.97,0,0,0
60,Female,114203,Master,Divorced,2,Southeast,Rural,24,1947.35,81.14,14,8,0.283,0.307,1,0.21,0.093,12,3.22,5,40.7,0,0,0
53,Male,102009,Bachelor,Married,5,Midwest,Suburban,17,1465.11,86.18,13,7,0.029,0.584,0,0.156,0.035,11,20.82,8,27.56,1,0,0
41,Male,52606,High School,Married,6,Southeast,Urban,8,563.44,70.43,39,5,0.048,0.613,0,0.291,0.065,6,5.14,7,38.92,1,0,0
35,Female,115383,PhD,Married,3,Southwest,Urban,9,607.46,67.5,59,3,0.114,0.496,0,0.187,0.06,9,3.6,12,21.01,1,0,0
18,Female,103318,Master,Widowed,2,West,Suburban,23,1475.81,64.17,21,1,0.142,0.255,1,0.306,0.057,7,4.25,20,45.71,0,0,1
25,Female,76594,Master,Single,4,West,Rural,10,1015.92,101.59,51,1,0.054,0.44,0,0.068,0.027,4,5.81,14,17.57,1,0,0
70,Female,108373,Bachelor,Widowed,3,Midwest,Suburban,29,2880.67,99.33,8,9,0.046,0.406,1,0.274,0.056,13,3.39,6,5.93,1,0,1
22,Male,49343,Bachelor,Married,5,Southwest,Suburban,6,234.96,39.16,38,1,0.192,0.546,0,0.05,0.017,1,5.91,7,20.58,0,0,0
44,Male,106088,PhD,Married,2,Midwest,Urban,8,463.8,57.98,60,1,0.055,0.667,0,0.417,0.082,6,12.31,12,24.92,1,0,0
57,Male,83549,Bachelor,Married,4,Midwest,Rural,29,1792.34,61.8,12,3,0.055,0.656,1,0.226,0.054,21,8.08,5,26.13,0,1,1
23,Male,85954,Master,Single,3,Southeast,Suburban,17,1154.53,67.91,21,3,0.097,0.515,0,0.241,0.114,14,11.25,15,31.58,1,0,1
44,Male,93870,Bachelor,Single,1,Southwest,Rural,20,1811.45,90.57,18,3,0.062,0.389,0,0.27,0.077,17,4.15,13,35.95,0,0,1
56,Male,83755,Bachelor,Widowed,4,Northeast,Suburban,14,361.73,25.84,41,4,0.149,0.499,0,0.552,0.205,9,5.98,9,30.78,0,0,1
42,Female,127204,PhD,Widowed,2,Northeast,Suburban,19,1411.88,74.31,28,4,0.182,0.503,0,0.26,0.049,9,3.41,11,24.42,1,1,0
80,Female,127550,Bachelor,Divorced,2,Southwest,Suburban,19,2465.71,129.77,12,2,0.071,0.18,0,0.284,0.108,7,7.5,2,7.03,0,0,0
18,Male,52702,High School,Single,3,West,Urban,8,453.4,56.68,41,4,0.105,0.463,0,0.316,0.155,7,4.02,10,43.06,0,0,1
57,Male,63459,High School,Married,3,Southwest,Urban,10,629.76,62.98,50,4,0.05,0.334,0,0.199,0.076,7,3.75,5,34.17,0,0,0
39,Male,62622,Bachelor,Widowed,2,Southwest,Urban,20,1000.45,50.02,34,4,0.154,0.622,0,0.437,0.129,11,3.9,8,17.69,0,0,0
53,Female,55814,High School,Single,2,West,Suburban,18,1326.25,73.68,35,3,0.063,0.645,1,0.074,0.011,10,7.31,8,41.32,1,0,0
48,Male,93237,Bachelor,Divorced,4,Southeast,Suburban,27,1094.68,40.54,11,7,0.062,0.752,1,0.256,0.081,19,5.2,9,19.75,1,0,1
31,Male,47223,Bachelor,Married,5,Northeast,Urban,17,766.9,45.11,12,9,0.116,0.444,1,0.259,0.051,10,5.07,16,37.1,0,1,0
45,Female,101752,Master,Married,2,West,Suburban,9,353.27,39.25,49,4,0.049,0.335,0,0.27,0.107,10,3.64,13,9.81,0,0,0
18,Female,38783,Bachelor,Married,1,West,Suburban,21,1028.9,49.0,18,3,0.21,0.453,1,0.186,0.043,14,3.54,8,19.02,1,0,0
51,Male,123753,PhD,Single,2,Midwest,Suburban,22,1825.02,82.96,12,6,0.118,0.192,1,0.184,0.03,9,5.06,6,15.62,1,0,0
46,Male,62658,High School,Married,4,Southeast,Urban,10,287.32,28.73,49,4,0.079,0.325,0,0.323,0.051,8,5.0,12,9.61,0,0,0
51,Male,101404,Bachelor,Widowed,1,West,Suburban,18,1816.43,100.91,14,1,0.065,0.38,1,0.241,0.038,13,4.14,9,13.19,1,1,0
57,Female,88321,High School,Divorced,6,Southwest,Suburban,10,879.62,87.96,34,3,0.104,0.499,0,0.274,0.104,9,9.95,9,22.51,0,1,0
47,Female,114725,Master,Married,2,Northeast,Urban,17,1835.28,107.96,34,2,0.072,0.262,0,0.37,0.044,16,7.88,8,30.17,0,0,0
44,Male,127712,PhD,Married,3,Northeast,Suburban,11,700.95,63.72,46,3,0.147,0.362,0,0.128,0.062,11,4.23,11,63.92,1,1,0
28,Female,80154,Master,Single,4,West,Urban,10,500.04,50.0,46,3,0.138,0.655,0,0.294,0.053,11,6.1,11,43.06,1,0,0
31,Male,48018,Bachelor,Single,4,Northeast,Rural,21,1639.06,78.05,31,5,0.119,0.688,1,0.267,0.062,5,7.63,10,52.77,0,1,0
59,Male,72012,Bachelor,Married,5,Southeast,Rural,10,822.16,82.22,22,1,0.09,0.655,0,0.235,0.04,9,5.59,9,16.77,1,1,1
63,Male,74697,Master,Married,3,Midwest,Suburban,12,1145.03,95.42,43,4,0.052,0.243,0,0.277,0.126,8,3.56,8,28.75,1,0,0
38,Female,84745,PhD,Married,6,Southeast,Urban,13,878.46,67.57,17,3,0.185,0.435,0,0.273,0.031,8,5.35,10,31.02,0,1,0
42,Male,105232,PhD,Married,4,Southeast,Suburban,30,2412.87,80.43,8,4,0.119,0.57,1,0.361,0.14,15,4.2,10,33.77,0,1,1
28,Male,54605,Bachelor,Single,2,Southeast,Suburban,15,1044.38,69.63,28,4,0.212,0.495,0,0.35,0.051,12,3.76,15,37.55,1,0,1
59,Male,115097,PhD,Divorced,5,Southeast,Suburban,18,1089.47,60.53,10,3,0.153,0.489,1,0.298,0.149,12,4.09,9,24.99,1,0,0
51,Male,73790,High School,Single,3,West,Urban,11,778.92,70.81,38,4,0.049,0.465,0,0.216,0.055,10,9.6,5,44.03,0,0,0
71,Female,92839,Bachelor,Single,3,Midwest,Urban,25,3178.01,127.12,7,4,0.114,0.709,1,0.234,0.054,14,5.01,6,64.63,1,0,0
28,Male,31172,High School,Single,2,Southeast,Urban,12,461.15,38.43,39,3,0.083,0.621,1,0.069,0.018,11,9.66,12,39.55,1,1,1
36,Male,68601,Bachelor,Divorced,2,Southeast,Suburban,13,419.01,32.23,25,1,0.082,0.828,0,0.339,0.084,9,3.54,10,33.75,1,0,0
45,Female,78122,Master,Single,2,Northeast,Rural,11,850.11,77.28,19,6,0.116,0.975,0,0.321,0.055,12,6.42,12,14.74,1,1,1
51,Female,92338,Master,Married,1,Northeast,Suburban,13,755.9,58.15,43,3,0.128,0.624,0,0.302,0.136,11,6.59,9,29.52,0,1,1
38,Female,106141,Master,Married,4,Southwest,Urban,9,728.38,80.93,39,2,0.139,0.712,0,0.234,0.083,10,11.62,14,50.75,1,1,0
28,Female,58942,Bachelor,Single,2,Northeast,Urban,11,893.45,81.22,35,4,0.201,0.677,0,0.432,0.103,10,5.75,11,36.75,1,0,1
55,Male,111164,Bachelor,Married,4,Midwest,Suburban,16,1547.91,96.74,22,2,0.119,0.476,0,0.442,0.111,17,7.0,7,23.98,0,1,1
52,Female,118674,Master,Widowed,3,West,Urban,19,1511.77,79.57,11,7,0.131,0.658,0,0.381,0.049,11,13.82,8,15.02,0,0,0
28,Female,54310,Bachelor,Single,2,Southeast,Urban,8,591.4,73.92,48,2,0.244,0.303,0,0.169,0.043,6,3.26,14,54.46,0,1,0
62,Male,88533,Master,Married,3,Southeast,Urban,11,449.99,40.91,45,1,0.06,0.195,0,0.22,0.089,9,6.39,3,13.19,0,1,1
59,Female,87011,Bachelor,Married,4,West,Suburban,14,1084.27,77.45,45,1,0.044,0.592,0,0.355,0.093,9,3.33,5,19.66,1,0,0
44,Male,93099,Bachelor,Married,6,West,Suburban,23,1584.0,68.87,25,4,0.007,0.476,1,0.281,0.079,18,8.8,8,35.44,1,0,0
43,Other,67647,Bachelor,Single,2,West,Rural,20,332.59,16.63,10,2,0.038,0.53,1,0.417,0.073,13,4.87,5,19.47,1,1,0
50,Female,109221,Master,Single,2,Midwest,Suburban,20,1207.93,60.4,13,4,0.013,0.297,0,0.141,0.023,16,5.8,10,12.29,1,0,0
29,Female,81926,Bachelor,Single,1,West,Urban,10,706.71,70.67,18,3,0.086,0.839,0,0.083,0.032,6,5.43,16,46.8,1,0,0
42,Female,62589,Bachelor,Single,2,West,Suburban,13,990.97,76.23,17,4,0.156,0.632,0,0.455,0.17,9,3.13,9,15.22,1,0,0
18,Female,59859,Master,Single,1,Southeast,Urban,16,965.84,60.36,26,4,0.219,1.0,0,0.398,0.139,10,3.43,14,7.94,0,0,0
55,Male,95289,Bachelor,Married,3,Midwest,Suburban,26,1864.8,71.72,11,4,0.054,0.675,1,0.228,0.093,12,3.52,10,2.26,1,1,0
18,Male,72277,Master,Single,2,Northeast,Urban,22,1811.35,82.33,23,2,0.075,0.21,1,0.362,0.104,10,7.14,14,33.5,1,1,0
64,Male,81509,Bachelor,Widowed,1,Midwest,Urban,13,991.11,76.24,14,2,0.101,0.705,0,0.346,0.052,11,7.55,8,0.0,1,0,1
37,Male,64917,Bachelor,Married,3,Southeast,Suburban,19,1565.68,82.4,32,4,0.118,0.578,1,0.325,0.103,6,9.09,13,10.36,1,0,1
38,Female,84942,Master,Divorced,4,Southeast,Urban,27,2266.91,83.96,19,2,0.16,0.826,1,0.383,0.077,11,4.45,12,29.54,1,0,1
32,Male,42727,Bachelor,Married,3,Northeast,Urban,5,185.61,37.12,118,2,0.182,0.688,0,0.177,0.067,10,6.0,12,42.85,1,0,0
37,Male,81684,Bachelor,Single,1,Southeast,Urban,33,2780.59,84.26,20,5,0.083,0.575,1,0.201,0.073,15,6.96,12,17.25,0,0,0
63,Female,83819,Bachelor,Married,3,Midwest,Suburban,12,1093.54,91.13,43,3,0.093,0.72,0,0.251,0.05,10,5.25,6,15.83,0,1,0
18,Female,20000,Bachelor,Married,6,Midwest,Urban,6,408.02,68.0,38,1,0.089,0.454,0,0.327,0.146,6,9.52,19,35.35,1,0,1
61,Male,89041,Bachelor,Married,3,Southeast,Suburban,13,831.71,63.98,21,3,0.063,0.33,0,0.317,0.145,7,5.78,6,22.71,0,1,1
47,Male,52076,High School,Single,1,West,Suburban,7,341.43,48.78,41,6,0.31,0.334,0,0.28,0.105,9,4.83,9,34.08,0,1,0
23,Male,99332,Master,Single,1,Midwest,Urban,25,2431.85,97.27,16,8,0.168,0.422,1,0.223,0.06,11,4.46,17,24.53,1,1,1
25,Female,66818,Master,Single,2,Southwest,Rural,17,1364.08,80.24,27,1,0.134,0.377,1,0.288,0.098,17,8.71,13,13.73,0,0,0
67,Male,62735,High School,Married,6,Southeast,Rural,11,562.77,51.16,46,1,0.087,0.429,0,0.333,0.078,12,3.52,4,0.0,1,0,0
27,Female,84818,Master,Single,3,West,Rural,20,1179.21,58.96,10,2,0.015,0.517,0,0.378,0.09,9,4.63,13,52.81,1,0,1
24,Male,49893,Bachelor,Single,1,Midwest,Suburban,9,416.57,46.29,51,2,0.085,0.686,0,0.102,0.03,10,9.93,12,60.7,0,1,1
59,Male,61108,High School,Divorced,3,West,Suburban,15,932.09,62.14,13,5,0.116,0.598,1,0.18,0.04,9,6.3,16,0.0,1,0,0
47,Female,85842,Bachelor,Married,4,Northeast,Suburban,16,882.64,55.16,37,1,0.112,0.376,0,0.25,0.097,6,7.71,7,32.02,0,1,1
27,Male,46592,Bachelor,Single,1,Southeast,Urban,19,1172.12,61.69,10,6,0.124,0.504,1,0.383,0.06,12,13.79,13,15.54,0,0,1
45,Male,54740,Bachelor,Married,3,Northeast,Urban,22,502.35,22.83,17,4,0.09,0.588,1,0.284,0.038,13,3.17,11,47.82,0,0,1
26,Male,87289,Bachelor,Single,5,Southeast,Urban,11,627.12,57.01,34,1,0.271,0.549,0,0.052,0.016,9,5.64,15,33.24,1,0,0
58,Female,95692,Bachelor,Married,4,Southeast,Suburban,10,815.26,81.53,44,3,0.033,0.497,0,0.306,0.087,14,3.07,3,44.37,0,0,1
57,Female,97236,Master,Married,2,West,Urban,16,963.69,60.23,13,3,0.027,0.616,0,0.201,0.049,14,6.06,3,35.69,0,0,1
49,Male,94747,Master,Single,1,Midwest,Suburban,14,966.09,69.01,46,2,0.21,0.496,0,0.226,0.103,12,3.01,11,21.58,1,1,0
47,Male,85787,Bachelor,Married,4,Southeast,Urban,19,1336.6,70.35,19,5,0.02,0.538,0,0.146,0.045,13,4.29,7,40.34,0,1,1
68,Male,124600,Master,Married,4,Southwest,Suburban,29,3906.9,134.72,13,5,0.064,0.328,1,0.225,0.097,16,3.55,2,9.9,1,0,0
41,Female,62060,Bachelor,Single,3,Northeast,Suburban,18,628.34,34.91,16,3,0.386,0.411,0,0.212,0.086,10,3.61,10,23.91,0,1,0
24,Female,80292,Master,Single,2,Southeast,Urban,12,898.32,74.86,46,8,0.086,0.248,0,0.094,0.029,10,3.9,12,44.68,0,0,1
48,Female,71399,Bachelor,Single,2,Midwest,Urban,11,497.23,45.2,15,3,0.214,0.621,0,0.406,0.177,6,12.9,13,18.81,0,0,1
73,Female,111165,Master,Single,2,Midwest,Urban,23,1479.72,64.34,10,6,0.146,0.598,1,0.242,0.082,14,8.4,9,0.0,0,1,1
26,Male,63810,Bachelor,Single,2,Midwest,Urban,9,399.64,44.4,44,3,0.08,0.195,0,0.279,0.052,10,10.91,11,20.98,1,0,1
36,Male,54299,High School,Widowed,1,Southeast,Suburban,19,1026.36,54.02,35,1,0.158,0.655,1,0.122,0.031,20,9.52,13,23.12,0,0,1
48,Male,90033,Bachelor,Married,4,Southeast,Rural,12,1244.31,103.69,15,4,0.133,0.504,0,0.238,0.109,7,3.58,12,8.11,1,0,1
41,Male,80706,Bachelor,Married,2,West,Suburban,24,2252.39,93.85,8,2,0.203,0.421,1,0.34,0.078,13,3.75,10,42.78,1,1,0
27,Male,54577,Master,Single,1,West,Rural,14,673.75,48.12,38,4,0.063,0.565,1,0.05,0.006,5,4.96,10,16.27,0,0,0
58,Female,66632,Bachelor,Married,5,Southeast,Rural,16,927.78,57.99,34,3,0.074,0.551,0,0.303,0.142,9,4.22,9,10.04,0,0,0
76,Female,110854,Master,Widowed,4,Southwest,Suburban,11,1069.79,97.25,56,4,0.122,0.584,0,0.288,0.089,6,3.26,6,7.46,0,0,0
44,Female,103229,Bachelor,Divorced,4,Southeast,Urban,19,1572.59,82.77,24,6,0.105,0.733,1,0.336,0.138,12,7.55,9,18.03,0,0,0
28,Male,65226,Master,Married,2,Southeast,Rural,19,947.72,49.88,20,4,0.239,0.631,1,0.296,0.084,9,6.24,16,13.69,0,0,0
18,Female,51876,Bachelor,Divorced,2,West,Suburban,11,760.83,69.17,35,3,0.081,0.357,0,0.209,0.074,4,5.65,10,47.45,1,0,0
45,Female,98554,PhD,Single,5,Midwest,Rural,12,1340.36,111.7,32,2,0.203,0.567,0,0.208,0.07,12,8.79,2,22.05,1,1,1
58,Female,93689,Master,Married,5,West,Suburban,13,1274.17,98.01,51,5,0.014,0.646,0,0.076,0.01,9,9.4,7,42.65,1,1,0
49,Male,97473,Master,Divorced,1,Midwest,Suburban,26,2752.57,105.87,14,3,0.075,0.459,1,0.434,0.07,13,5.06,7,32.87,0,0,0
41,Male,94411,Bachelor,Married,1,Midwest,Rural,30,2232.54,74.42,7,3,0.114,0.675,1,0.313,0.136,18,3.62,15,46.73,1,0,1
33,Male,73839,Bachelor,Widowed,2,Northeast,Suburban,9,407.4,45.27,34,1,0.158,0.559,0,0.139,0.021,3,4.88,19,25.6,1,0,1
25,Male,33547,High School,Single,3,Southwest,Suburban,9,135.0,15.0,70,5,0.147,0.527,0,0.25,0.055,5,3.63,13,49.22,0,0,0
54,Female,125098,Bachelor,Married,3,West,Suburban,7,357.77,51.11,52,1,0.22,0.495,0,0.234,0.08,4,15.55,6,50.86,0,0,0
55,Male,70778,High School,Widowed,1,Midwest,Rural,11,674.54,61.32,29,3,0.066,0.486,0,0.337,0.157,10,7.29,2,21.08,0,0,1
18,Male,46341,Bachelor,Single,2,Northeast,Suburban,17,1076.22,63.31,19,4,0.1,0.366,1,0.22,0.056,13,4.82,8,27.33,0,1,0
65,Female,113781,Bachelor,Divorced,3,West,Suburban,24,2490.05,103.75,7,2,0.092,0.533,1,0.156,0.048,15,16.05,4,6.9,1,1,1
50,Female,73563,Bachelor,Single,1,Southeast,Suburban,23,1647.8,71.64,22,5,0.173,0.456,1,0.412,0.201,12,3.74,9,21.66,0,0,0
62,Male,115143,Bachelor,Divorced,3,Southeast,Suburban,14,1023.95,73.14,38,3,0.119,0.801,0,0.294,0.118,7,24.52,6,32.02,1,1,0
21,Female,59340,Master,Married,2,Northeast,Urban,11,800.36,72.76,31,3,0.055,0.472,1,0.408,0.094,9,3.55,13,9.79,1,1,1
21,Male,63850,High School,Single,2,Northeast,Urban,15,569.43,37.96,41,3,0.14,0.567,1,0.198,0.079,16,4.15,14,27.01,0,0,0
39,Male,89815,Master,Single,1,Southeast,Urban,17,898.15,52.83,32,2,0.228,0.494,0,0.405,0.096,11,23.61,5,18.61,1,0,0
49,Male,84165,High School,Single,3,Midwest,Rural,23,1939.85,84.34,21,6,0.053,0.32,1,0.252,0.092,11,6.08,10,34.91,1,0,1
68,Female,108526,High School,Widowed,1,Midwest,Urban,15,893.99,59.6,35,4,0.07,0.287,0,0.212,0.037,8,4.28,4,21.48,1,0,0
52,Female,50210,High School,Divorced,1,Midwest,Suburban,13,517.39,39.8,43,6,0.081,0.306,0,0.256,0.035,6,11.48,10,22.04,1,0,0
38,Male,105136,Master,Single,3,Midwest,Rural,25,1575.36,63.01,18,3,0.04,0.416,1,0.336,0.087,14,10.67,14,31.45,1,0,0
26,Female,40266,Bachelor,Single,2,Midwest,Urban,8,428.13,53.52,44,4,0.118,0.322,0,0.27,0.049,11,11.11,10,45.4,0,1,0
60,Male,87892,Master,Divorced,2,West,Urban,21,1799.91,85.71,11,4,0.209,0.653,1,0.299,0.129,3,3.73,6,22.1,0,0,0
27,Female,50148,Bachelor,Married,5,West,Rural,6,404.12,67.35,57,3,0.017,0.511,0,0.097,0.034,4,5.51,14,54.07,1,1,0
66,Male,85954,High School,Single,2,Southeast,Suburban,26,1595.64,61.37,17,2,0.241,0.393,1,0.178,0.023,11,9.49,4,22.58,0,0,0
37,Male,85695,Master,Married,3,Northeast,Urban,21,1459.3,69.49,31,4,0.011,0.533,0,0.413,0.104,18,4.81,9,28.93,1,0,1
65,Female,75092,High School,Divorced,2,Midwest,Rural,27,2220.68,82.25,9,6,0.041,0.625,1,0.384,0.105,19,5.74,3,14.17,1,1,0
52,Female,99393,Master,Married,4,Northeast,Suburban,13,898.16,69.09,42,3,0.058,0.717,0,0.162,0.07,16,4.81,15,21.38,1,0,1
39,Male,65669,High School,Widowed,3,West,Rural,16,713.22,44.58,18,7,0.002,0.432,0,0.368,0.168,9,3.19,9,17.47,0,0,1
34,Male,77823,Bachelor,Married,6,Southeast,Urban,10,560.8,56.08,64,4,0.039,0.517,0,0.268,0.071,7,5.22,14,34.12,1,0,0
36,Male,100812,Master,Married,3,Midwest,Suburban,13,887.23,68.25,36,3,0.172,0.403,0,0.248,0.105,7,13.11,11,37.98,0,1,1
48,Male,136300,PhD,Married,4,Northeast,Suburban,27,2666.63,98.76,14,9,0.065,0.674,1,0.192,0.078,18,3.67,10,34.35,1,1,0
43,Female,74679,Bachelor,Divorced,2,Midwest,Suburban,17,1135.63,66.8,20,6,0.207,0.713,0,0.106,0.014,14,5.61,7,22.51,0,0,1
33,Other,74183,Master,Married,4,Northeast,Urban,14,892.4,63.74,19,1,0.218,0.876,0,0.167,0.025,12,4.32,10,30.13,1,1,0
39,Male,66003,High School,Single,1,Southwest,Urban,10,470.0,47.0,52,3,0.053,0.331,0,0.273,0.058,8,8.49,14,19.57,0,0,0
43,Male,72836,Master,Married,2,West,Suburban,8,382.18,47.77,58,4,0.211,0.317,0,0.29,0.11,8,9.68,14,13.52,1,0,1
18,Female,59819,Master,Married,3,Southeast,Suburban,12,874.72,72.89,51,4,0.049,0.411,0,0.339,0.048,10,9.92,19,27.2,1,1,0
48,Male,78990,High School,Married,2,Southeast,Urban,22,1679.88,76.36,22,4,0.066,0.17,1,0.314,0.111,19,5.52,14,20.02,0,0,1
27,Female,60338,Bachelor,Single,3,Midwest,Suburban,7,360.31,51.47,34,5,0.245,0.241,0,0.165,0.016,7,4.47,10,45.84,1,1,1
24,Male,26677,High School,Single,3,Midwest,Suburban,16,675.21,42.2,32,4,0.059,0.307,1,0.15,0.055,8,6.07,18,32.53,0,1,1
18,Female,32652,Bachelor,Single,3,Southeast,Urban,10,705.69,70.57,60,3,0.089,0.583,0,0.356,0.172,5,9.58,12,18.22,0,0,1
18,Female,55730,Bachelor,Single,3,West,Suburban,3,169.28,56.43,181,1,0.115,0.722,0,0.316,0.142,0,6.68,22,35.69,1,1,0
21,Female,74528,Bachelor,Single,2,Southeast,Suburban,14,939.95,67.14,37,1,0.094,0.363,1,0.229,0.094,7,3.14,13,25.46,0,1,0
31,Female,112328,PhD,Married,6,Northeast,Suburban,37,4318.34,116.71,8,2,0.12,0.352,1,0.325,0.069,13,5.9,11,33.5,0,1,1
71,Male,84063,High School,Divorced,3,Midwest,Urban,7,654.07,93.44,61,1,0.017,0.405,0,0.332,0.04,7,3.63,8,17.5,0,0,1
34,Female,97933,Bachelor,Divorced,1,Northeast,Urban,23,1521.45,66.15,19,6,0.101,0.491,1,0.1,0.046,15,8.43,10,32.0,0,0,1
44,Female,74227,Bachelor,Divorced,1,Southwest,Suburban,8,708.17,88.52,51,2,0.02,0.573,0,0.217,0.032,6,4.62,11,13.34,0,0,0
48,Male,106921,PhD,Married,2,Northeast,Rural,21,1681.3,80.06,10,3,0.289,0.376,0,0.225,0.026,7,4.13,12,5.76,1,0,1
43,Male,36488,Bachelor,Married,2,West,Urban,9,245.09,27.23,28,2,0.136,0.627,0,0.182,0.06,8,13.1,5,21.98,0,0,0
40,Male,65889,Bachelor,Single,1,Midwest,Suburban,13,1157.36,89.03,33,3,0.048,0.328,0,0.233,0.073,7,4.28,13,32.73,1,1,0
24,Male,72580,Bachelor,Single,2,Midwest,Urban,12,625.2,52.1,47,2,0.254,0.513,0,0.302,0.052,8,6.99,8,67.77,1,0,0
63,Male,114459,Bachelor,Single,1,Southeast,Urban,32,2464.97,77.03,8,6,0.105,0.644,1,0.207,0.064,15,9.98,3,19.25,0,1,0
69,Female,68346,High School,Married,4,Northeast,Urban,8,452.37,56.55,30,5,0.133,0.53,0,0.347,0.07,5,5.75,1,0.0,1,1,0
18,Male,61933,Bachelor,Single,3,Southwest,Rural,13,1322.18,101.71,42,1,0.1,0.535,0,0.201,0.082,5,5.49,16,30.74,0,0,0
26,Female,62103,High School,Single,1,Southeast,Urban,28,1176.34,42.01,19,5,0.054,0.586,1,0.262,0.114,11,21.06,11,42.67,0,0,1
37,Male,70368,Bachelor,Married,3,Southeast,Urban,14,743.84,53.13,29,2,0.181,0.606,0,0.206,0.047,12,4.08,9,51.88,1,0,0
27,Male,27950,Bachelor,Single,3,Midwest,Suburban,6,222.77,37.13,30,3,0.084,0.672,0,0.234,0.113,5,5.72,16,30.2,0,0,0
49,Female,83509,Bachelor,Married,5,Southeast,Urban,29,2386.66,82.3,14,6,0.137,0.385,1,0.244,0.063,11,4.84,11,21.02,1,0,1
31,Female,61821,High School,Married,2,West,Urban,21,1249.93,59.52,29,3,0.212,0.652,1,0.251,0.119,14,4.31,7,49.53,0,0,1
74,Male,115588,PhD,Married,4,West,Urban,9,670.03,74.45,18,2,0.067,0.426,0,0.113,0.037,7,3.21,6,39.38,1,1,0
59,Male,98987,Master,Single,1,Midwest,Rural,15,1379.54,91.97,14,2,0.276,0.458,0,0.099,0.016,8,5.93,6,36.29,1,0,0
45,Male,44267,High School,Single,2,West,Urban,13,1030.43,79.26,44,4,0.029,0.689,1,0.121,0.033,9,7.64,11,3.71,0,1,1
57,Female,47647,Bachelor,Single,2,West,Rural,7,149.52,21.36,58,2,0.174,0.531,0,0.336,0.079,6,5.52,6,29.63,0,0,0
58,Female,102405,Bachelor,Married,3,Northeast,Urban,15,1013.58,67.57,34,4,0.245,0.432,0,0.223,0.093,12,3.48,5,7.49,0,0,1
33,Male,51943,High School,Married,3,Northeast,Urban,8,529.68,66.21,65,6,0.184,0.401,0,0.324,0.136,6,3.66,9,37.38,1,1,0
29,Female,87765,Bachelor,Single,4,Midwest,Rural,26,1279.87,49.23,12,7,0.023,0.622,1,0.207,0.09,10,4.8,16,40.24,0,1,0
43,Female,87859,Bachelor,Married,6,Midwest,Suburban,12,849.98,70.83,26,3,0.084,0.673,0,0.269,0.036,10,7.72,16,14.81,1,1,0
54,Male,108486,PhD,Divorced,3,Southeast,Suburban,17,1864.18,109.66,18,8,0.091,0.474,1,0.354,0.042,14,7.79,6,14.56,1,1,1
44,Other,89552,Master,Single,2,Southeast,Suburban,17,1482.89,87.23,15,1,0.064,0.712,0,0.407,0.189,11,8.07,5,5.08,1,0,1
18,Female,63492,Bachelor,Single,1,Midwest,Urban,9,649.5,72.17,34,2,0.102,0.668,0,0.322,0.061,9,5.75,12,32.74,0,1,0
29,Male,78303,Bachelor,Single,5,Southwest,Suburban,14,1177.38,84.1,46,1,0.093,0.297,0,0.211,0.053,9,11.0,18,26.1,0,0,1
40,Male,107440,PhD,Married,4,Northeast,Suburban,16,1443.5,90.22,13,4,0.065,0.276,0,0.075,0.023,14,4.07,8,24.52,1,1,1
40,Male,119183,PhD,Married,3,Southwest,Urban,27,2236.86,82.85,11,2,0.032,0.293,1,0.131,0.063,18,11.07,9,40.12,0,0,0
71,Male,122949,PhD,Divorced,1,West,Rural,29,3212.38,110.77,11,3,0.075,0.599,1,0.263,0.097,14,6.9,5,29.08,0,0,1
21,Female,27442,High School,Single,2,Southwest,Suburban,8,273.63,34.2,29,6,0.192,0.365,0,0.175,0.04,6,5.16,14,24.6,1,0,0
49,Male,63827,High School,Married,4,Southeast,Urban,9,528.15,58.68,22,9,0.207,0.449,0,0.161,0.057,11,9.11,10,23.53,0,0,0
64,Female,94877,Bachelor,Married,2,Northeast,Urban,14,620.49,44.32,18,6,0.041,0.728,0,0.31,0.151,7,7.69,8,13.67,1,0,0
76,Female,83376,Bachelor,Divorced,1,Midwest,Rural,15,931.99,62.13,29,2,0.209,0.409,0,0.452,0.049,18,5.98,4,30.18,0,0,0
35,Female,33549,High School,Divorced,4,West,Suburban,8,386.78,48.35,56,3,0.312,0.622,0,0.272,0.049,5,7.71,16,18.27,1,1,0
49,Female,71510,High School,Married,3,West,Suburban,21,1391.95,66.28,13,2,0.02,0.321,1,0.186,0.065,11,4.61,4,21.88,0,0,0
50,Male,89504,Master,Single,2,Midwest,Rural,21,1957.8,93.23,20,4,0.084,0.199,0,0.268,0.029,13,4.1,5,34.84,0,0,0
44,Male,88312,Master,Married,3,Northeast,Suburban,30,1961.96,65.4,5,6,0.144,0.564,1,0.185,0.083,18,3.34,13,24.31,1,0,1
40,Female,67204,Bachelor,Single,3,Southwest,Suburban,21,1168.67,55.65,23,3,0.096,0.736,1,0.292,0.076,10,4.58,7,24.88,1,0,0
48,Male,116809,Master,Married,6,West,Urban,18,1396.46,77.58,9,3,0.137,0.603,1,0.39,0.161,12,4.38,7,0.0,0,0,1
18,Male,73926,Bachelor,Single,3,West,Suburban,13,933.27,71.79,38,5,0.19,0.676,0,0.266,0.105,3,3.5,12,36.51,0,0,0
52,Female,78639,Master,Widowed,2,Midwest,Suburban,15,1503.68,100.25,27,2,0.137,0.392,0,0.268,0.093,11,5.23,6,56.01,1,0,0
43,Female,67008,Bachelor,Married,5,Midwest,Rural,15,259.45,17.3,15,1,0.073,0.44,0,0.321,0.109,13,9.58,13,28.12,0,0,0
38,Male,68750,High School,Single,2,Midwest,Urban,14,764.7,54.62,15,5,0.02,0.562,0,0.154,0.077,4,9.93,11,24.08,0,1,0
72,Female,107229,Bachelor,Married,2,West,Urban,29,2221.25,76.59,6,1,0.166,0.445,1,0.308,0.038,16,3.37,5,7.02,1,0,0
31,Female,64778,Bachelor,Single,1,Midwest,Urban,8,158.05,19.76,53,2,0.171,0.299,0,0.261,0.07,8,7.94,12,57.09,1,1,1
35,Male,51535,Bachelor,Single,3,Southeast,Suburban,7,373.0,53.29,78,6,0.091,0.813,0,0.303,0.131,9,12.17,11,36.37,0,1,0
71,Male,72161,High School,Divorced,1,Southwest,Urban,19,1121.27,59.01,32,3,0.134,0.407,0,0.311,0.085,10,3.05,3,27.68,0,0,1
29,Female,86048,PhD,Single,2,West,Rural,14,899.45,64.25,32,4,0.033,0.373,1,0.232,0.092,16,7.47,17,31.79,0,1,1
33,Male,71154,Bachelor,Widowed,2,Midwest,Rural,9,391.59,43.51,66,2,0.016,0.488,0,0.324,0.131,5,26.05,10,34.57,1,0,0
39,Male,82355,High School,Married,5,Midwest,Suburban,18,1249.74,69.43,34,5,0.123,0.494,1,0.342,0.052,9,6.89,13,0.0,1,0,0
54,Female,73496,Bachelor,Married,4,Southwest,Urban,14,607.87,43.42,37,2,0.108,0.329,0,0.279,0.131,8,3.71,9,17.95,0,1,0
45,Female,61209,Bachelor,Married,2,Southwest,Urban,19,831.5,43.76,19,2,0.131,0.249,1,0.45,0.133,11,5.09,8,35.41,0,0,1
22,Male,56571,Bachelor,Single,2,Northeast,Rural,9,488.67,54.3,63,4,0.137,0.846,0,0.123,0.049,12,3.06,14,43.01,1,0,1
34,Male,98276,Master,Married,2,Southwest,Urban,11,1095.27,99.57,33,2,0.048,0.472,0,0.326,0.157,10,6.85,14,36.77,1,0,0
32,Male,44496,Bachelor,Married,6,Southeast,Suburban,10,604.55,60.45,36,3,0.038,0.739,0,0.115,0.038,14,13.81,14,34.56,0,0,1
40,Other,94404,Bachelor,Married,1,West,Suburban,25,2236.98,89.48,21,8,0.177,0.368,1,0.227,0.081,14,7.12,13,44.34,0,1,1
48,Male,91419,Master,Divorced,3,West,Rural,22,2528.71,114.94,30,9,0.101,0.296,0,0.284,0.065,7,5.59,6,0.0,1,0,1
48,Female,52985,High School,Married,4,Midwest,Urban,20,1306.05,65.3,21,5,0.176,0.586,1,0.206,0.075,9,4.15,8,24.42,1,0,1
18,Female,30997,Bachelor,Single,1,West,Urban,8,196.5,24.56,31,4,0.081,0.778,0,0.311,0.043,4,4.81,14,69.23,1,0,0
57,Male,111797,Master,Married,6,Southeast,Suburban,34,2537.88,74.64,7,3,0.069,0.682,1,0.435,0.088,18,3.08,7,0.9,1,0,1
45,Other,59032,High School,Single,1,Southwest,Urban,10,423.74,42.37,31,3,0.198,0.252,0,0.434,0.186,8,5.09,18,53.07,0,0,0
62,Female,92760,Bachelor,Married,2,Northeast,Suburban,12,883.99,73.67,33,3,0.016,0.551,0,0.255,0.075,7,3.64,4,24.41,0,1,1
48,Female,95487,PhD,Single,3,Northeast,Urban,12,834.19,69.52,26,4,0.176,0.424,0,0.465,0.063,7,6.67,18,23.5,0,0,1
58,Male,82213,Bachelor,Divorced,4,West,Suburban,17,888.31,52.25,31,6,0.108,0.317,0,0.236,0.099,11,6.65,4,23.66,1,0,1
48,Female,71701,Bachelor,Married,5,West,Suburban,17,1433.63,84.33,26,8,0.124,0.842,0,0.411,0.168,13,4.75,8,20.67,0,0,1
62,Female,118691,PhD,Divorced,3,Midwest,Suburban,17,1857.36,109.26,22,2,0.224,0.759,0,0.169,0.026,14,9.0,7,19.7,0,0,1
49,Other,54756,High School,Married,2,Southeast,Rural,10,609.66,60.97,27,3,0.363,0.237,0,0.085,0.028,10,9.65,7,35.72,1,1,0
40,Male,34587,High School,Single,2,Midwest,Rural,5,136.27,27.25,85,3,0.05,0.378,0,0.327,0.122,3,5.1,19,19.27,1,0,0
76,Female,157327,Master,Married,6,West,Suburban,21,2332.99,111.09,25,5,0.069,0.481,1,0.299,0.06,15,3.55,0,0.0,0,0,1
55,Male,79148,Master,Divorced,2,Southeast,Suburban,28,1605.46,57.34,21,2,0.054,0.857,1,0.427,0.198,8,8.53,2,7.08,0,0,0
50,Male,83321,Bachelor,Married,4,Southeast,Suburban,22,2142.28,97.38,31,1,0.092,0.496,1,0.38,0.12,11,5.74,8,29.35,1,0,1
22,Male,31619,Bachelor,Single,1,West,Urban,12,262.75,21.9,23,3,0.043,0.399,0,0.32,0.157,11,9.45,8,2.96,1,1,0
22,Female,43244,Master,Married,5,West,Suburban,15,971.61,64.77,11,2,0.127,0.342,0,0.384,0.181,11,4.11,12,31.24,0,1,0
46,Male,93867,Master,Single,3,Northeast,Urban,21,1882.93,89.66,20,4,0.027,0.163,0,0.145,0.069,19,6.22,10,54.38,1,0,0
44,Female,78415,Bachelor,Married,3,West,Urban,21,1829.87,87.14,31,3,0.13,0.261,1,0.279,0.049,9,3.54,6,45.29,0,0,0
32,Other,70122,High School,Married,5,Southwest,Suburban,20,1379.74,68.99,15,4,0.052,0.401,1,0.294,0.075,12,7.03,10,17.89,1,0,1
44,Male,81793,Bachelor,Married,3,Southeast,Suburban,15,964.42,64.29,37,5,0.313,0.638,0,0.335,0.036,9,7.6,10,35.99,1,0,0
65,Female,105352,Master,Married,6,Southwest,Urban,21,2741.3,130.54,16,6,0.061,0.621,1,0.306,0.132,17,14.93,6,19.57,0,1,0
52,Male,82955,Master,Divorced,3,Southwest,Suburban,7,377.55,53.94,49,2,0.108,0.259,0,0.255,0.082,8,9.9,3,55.05,1,0,0
24,Male,112285,PhD,Single,1,Northeast,Rural,19,1909.59,100.5,35,4,0.221,0.211,0,0.327,0.065,11,3.83,15,36.21,1,0,1
40,Female,101532,Master,Married,5,Midwest,Suburban,20,1622.69,81.13,20,8,0.276,0.275,0,0.438,0.177,10,5.85,8,0.0,0,1,0
29,Female,45105,Bachelor,Married,5,Southwest,Suburban,12,712.92,59.41,44,3,0.041,0.376,0,0.199,0.094,6,16.35,12,10.45,1,0,1
36,Female,69969,Bachelor,Divorced,4,Southeast,Urban,17,1219.5,71.74,26,4,0.054,0.427,1,0.05,0.017,17,3.89,11,56.92,1,0,0
35,Female,85760,Master,Married,1,Midwest,Rural,24,1229.52,51.23,24,2,0.046,0.69,1,0.539,0.173,12,3.66,15,12.57,1,0,1
34,Male,77615,Master,Single,2,Northeast,Urban,32,1342.79,41.96,10,8,0.04,0.409,1,0.222,0.068,12,4.52,10,11.39,1,0,0
23,Male,70577,Bachelor,Married,3,Southeast,Rural,11,437.19,39.74,55,3,0.269,0.345,0,0.162,0.08,11,11.04,16,61.3,1,1,1
40,Female,70075,High School,Married,1,Southeast,Rural,17,953.99,56.12,26,4,0.223,0.775,0,0.1,0.039,13,4.73,8,42.9,0,0,1
33,Male,94142,PhD,Married,4,Midwest,Suburban,4,328.14,82.04,70,3,0.162,0.63,0,0.292,0.114,4,8.38,11,37.29,1,1,0
18,Male,50786,Bachelor,Married,2,Northeast,Rural,9,374.81,41.65,20,1,0.267,0.586,0,0.241,0.045,4,5.2,14,40.32,0,0,1
72,Female,120684,Bachelor,Married,6,Southeast,Suburban,13,800.99,61.61,13,4,0.218,0.13,1,0.413,0.156,8,7.0,3,11.76,1,0,0
58,Male,100992,Bachelor,Married,5,Southeast,Rural,16,1581.87,98.87,22,1,0.038,0.326,1,0.258,0.11,3,4.09,4,30.97,0,0,0
36,Male,70485,Bachelor,Married,6,Southwest,Suburban,10,344.7,34.47,27,5,0.205,0.517,0,0.397,0.058,10,5.82,7,38.05,1,0,0
42,Female,34761,High School,Married,3,Southwest,Urban,14,797.66,56.98,14,7,0.099,0.755,1,0.271,0.114,10,3.4,15,52.27,0,1,0
24,Female,79960,Master,Single,2,Northeast,Urban,16,879.23,54.95,28,5,0.241,0.704,0,0.142,0.069,12,6.88,15,23.63,0,0,1
67,Female,104671,Bachelor,Married,6,West,Suburban,18,1920.37,106.69,38,6,0.37,0.198,1,0.156,0.053,9,5.44,5,34.42,1,0,1
70,Female,40282,High School,Married,3,Southwest,Rural,23,911.46,39.63,17,3,0.34,0.532,1,0.246,0.107,12,3.84,6,3.06,0,0,0
44,Male,79578,Bachelor,Married,4,Midwest,Rural,16,553.24,34.58,28,2,0.083,0.774,0,0.24,0.082,11,6.12,8,39.96,0,1,1
57,Female,94949,Master,Divorced,1,Midwest,Rural,12,920.2,76.68,23,1,0.088,0.583,0,0.194,0.02,12,4.4,8,25.15,0,0,0
44,Female,102487,PhD,Single,2,Northeast,Urban,17,1095.41,64.44,16,10,0.252,0.807,1,0.383,0.125,15,4.32,7,20.8,1,1,0
21,Male,58789,Master,Single,1,West,Suburban,23,1739.06,75.61,15,1,0.077,0.622,1,0.143,0.069,14,3.94,15,29.38,0,0,0
35,Male,96377,PhD,Married,4,Northeast,Suburban,10,847.83,84.78,58,1,0.263,0.439,0,0.226,0.08,6,9.74,13,59.89,1,0,0
43,Female,80879,High School,Married,3,Southwest,Suburban,17,983.58,57.86,39,6,0.103,0.656,0,0.398,0.14,7,10.96,7,58.26,1,0,0
35,Female,46904,High School,Married,4,Midwest,Urban,6,200.39,33.4,83,1,0.212,0.519,0,0.299,0.123,6,7.04,14,17.49,0,1,0
38,Female,85483,Bachelor,Single,3,West,Suburban,17,863.43,50.79,10,3,0.074,0.471,0,0.334,0.099,9,6.96,7,26.79,0,1,1
40,Female,60505,Bachelor,Married,5,Southeast,Suburban,20,970.69,48.53,20,7,0.079,0.768,1,0.569,0.253,13,4.96,12,58.52,0,1,1
40,Female,98981,Master,Married,5,Midwest,Suburban,14,1494.71,106.77,27,1,0.192,0.61,0,0.182,0.044,6,12.97,8,15.61,0,0,0
42,Other,74224,Bachelor,Married,4,Southwest,Suburban,22,1413.21,64.24,30,5,0.209,0.596,1,0.136,0.041,17,14.6,11,26.73,0,1,0
26,Female,96680,PhD,Single,2,Northeast,Suburban,25,2432.01,97.28,22,6,0.07,0.37,1,0.419,0.197,13,7.59,15,44.08,1,1,1
31,Male,65507,Bachelor,Married,2,Northeast,Urban,22,728.99,33.14,24,7,0.046,0.72,1,0.213,0.094,9,4.63,19,52.86,0,0,1
22,Female,67824,Bachelor,Married,3,Southeast,Rural,12,305.91,25.49,37,3,0.203,0.673,0,0.31,0.051,4,7.83,15,45.42,0,1,0
56,Male,46886,Bachelor,Divorced,3,Northeast,Urban,8,276.28,34.53,59,2,0.155,0.672,0,0.313,0.109,11,5.69,9,0.0,1,1,1
18,Female,33702,Bachelor,Single,3,Northeast,Suburban,14,839.9,59.99,37,2,0.203,0.894,1,0.247,0.11,9,3.81,12,37.76,1,1,1
59,Female,94056,Bachelor,Divorced,3,Midwest,Urban,21,1496.26,71.25,22,1,0.098,0.276,0,0.262,0.13,14,3.78,4,24.93,1,0,0
62,Female,59546,Bachelor,Divorced,6,West,Suburban,11,853.23,77.57,53,4,0.129,0.441,0,0.321,0.16,10,3.9,7,9.86,0,0,0
37,Female,62241,Bachelor,Married,5,West,Rural,23,1987.12,86.4,8,2,0.205,0.316,1,0.366,0.095,11,7.67,9,40.7,0,1,1
18,Male,54184,Bachelor,Single,3,Midwest,Urban,8,303.58,37.95,77,6,0.039,0.335,0,0.164,0.068,9,7.15,9,59.0,1,1,0
36,Male,41977,High School,Divorced,4,Southeast,Rural,9,609.08,67.68,60,2,0.127,0.7,0,0.376,0.186,10,4.13,9,34.2,1,0,0
41,Male,63026,Bachelor,Married,2,West,Urban,16,1428.38,89.27,27,5,0.058,0.617,1,0.288,0.117,8,8.7,14,27.04,1,0,0
26,Female,65473,Bachelor,Single,1,West,Urban,16,1334.51,83.41,38,4,0.052,0.366,1,0.394,0.099,11,15.52,16,17.9,1,0,0
34,Female,67939,High School,Single,3,Midwest,Rural,15,481.36,32.09,39,3,0.231,0.437,0,0.183,0.061,7,3.04,13,43.43,1,0,1
64,Female,77423,Bachelor,Divorced,2,Southeast,Suburban,12,379.35,31.61,31,3,0.164,0.455,0,0.32,0.14,12,3.74,4,0.0,1,0,1
51,Male,72774,Bachelor,Married,3,West,Urban,19,1090.88,57.41,32,1,0.281,0.44,0,0.321,0.14,10,8.09,3,69.54,0,0,1
28,Female,52031,Bachelor,Married,2,Northeast,Rural,13,621.4,47.8,20,3,0.198,0.495,0,0.302,0.113,10,7.68,20,11.57,0,0,1
18,Female,20000,High School,Divorced,2,Northeast,Suburban,7,398.0,56.86,54,4,0.173,0.376,0,0.277,0.064,3,4.01,11,57.28,1,1,1
37,Male,72325,Bachelor,Widowed,2,West,Urban,14,655.34,46.81,20,5,0.225,0.657,0,0.185,0.081,17,9.22,20,15.52,1,0,1
38,Female,85020,Bachelor,Divorced,3,Midwest,Rural,19,1535.67,80.82,12,5,0.262,0.536,1,0.324,0.055,8,3.49,7,21.36,1,0,0
49,Female,95049,Bachelor,Single,2,Southeast,Suburban,17,949.63,55.86,37,5,0.179,0.401,0,0.253,0.099,13,6.4,12,25.49,1,0,0
33,Female,68938,Master,Divorced,2,Southwest,Urban,6,428.22,71.37,54,2,0.322,0.453,0,0.228,0.113,6,6.35,14,32.73,1,0,0
49,Male,61024,Bachelor,Single,1,Southwest,Rural,21,1078.77,51.37,25,6,0.033,0.629,1,0.099,0.049,5,8.12,13,26.57,0,1,0
71,Female,97724,Bachelor,Widowed,2,West,Suburban,28,2408.9,86.03,13,3,0.106,0.629,1,0.219,0.043,11,10.73,3,20.72,0,1,1
54,Male,111239,Master,Married,3,Southeast,Suburban,28,2193.6,78.34,16,2,0.252,0.611,1,0.388,0.173,18,10.88,8,27.9,0,1,1
41,Other,75722,Bachelor,Married,6,Northeast,Rural,8,189.7,23.71,41,5,0.205,0.461,0,0.241,0.029,6,8.02,8,40.27,1,1,0
39,Male,91139,Master,Single,1,Midwest,Rural,30,2572.47,85.75,19,8,0.107,0.448,1,0.291,0.091,12,10.59,10,27.32,1,1,1
36,Male,86527,Bachelor,Married,2,West,Urban,16,1546.63,96.66,36,1,0.18,0.366,0,0.146,0.022,12,9.76,11,40.65,0,1,0
59,Female,76712,Bachelor,Single,3,Southeast,Rural,18,929.51,51.64,22,3,0.092,0.361,1,0.127,0.051,11,12.25,7,30.74,0,1,0
32,Male,77900,Master,Married,1,Midwest,Suburban,24,2043.37,85.14,26,4,0.293,0.593,1,0.31,0.068,13,3.62,12,29.21,0,0,1
42,Female,83719,High School,Divorced,2,Southeast,Suburban,10,595.92,59.59,34,1,0.065,0.31,0,0.232,0.027,11,3.37,14,50.86,0,1,1
42,Female,71247,Bachelor,Married,2,Northeast,Rural,21,811.13,38.63,27,4,0.071,0.422,1,0.309,0.09,13,8.28,8,14.93,1,1,1
34,Female,48789,Bachelor,Single,1,West,Suburban,19,801.2,42.17,26,4,0.032,0.259,1,0.442,0.145,11,5.42,14,0.92,1,0,0
21,Other,47359,Bachelor,Single,3,Northeast,Urban,7,350.02,50.0,54,1,0.103,0.299,0,0.35,0.162,8,10.18,19,25.0,1,1,0
46,Male,48327,High School,Single,2,Southwest,Suburban,12,333.06,27.76,51,4,0.09,0.219,0,0.118,0.052,7,6.01,6,39.25,0,1,0
41,Female,78757,Bachelor,Married,2,Southeast,Suburban,11,1060.08,96.37,41,1,0.162,0.651,1,0.216,0.088,6,20.26,8,0.0,0,0,0
49,Male,81360,Master,Widowed,5,Southeast,Urban,15,600.95,40.06,40,3,0.04,0.574,0,0.335,0.039,7,3.4,8,43.22,1,1,1
33,Male,86065,Master,Married,4,West,Rural,7,435.43,62.2,73,4,0.021,0.532,0,0.449,0.138,6,6.56,9,67.77,0,1,0
60,Female,77559,Bachelor,Married,3,Southwest,Rural,14,704.68,50.33,31,2,0.05,0.478,1,0.25,0.103,8,5.7,10,9.12,1,1,0
28,Male,61149,PhD,Single,3,Southwest,Suburban,24,2103.61,87.65,14,6,0.008,0.521,1,0.278,0.128,12,3.87,16,45.73,1,1,0
67,Female,98799,Bachelor,Widowed,4,Southwest,Suburban,8,394.02,49.25,78,2,0.011,0.565,0,0.085,0.029,5,10.18,8,54.32,0,1,1
18,Female,57226,Bachelor,Single,2,Southeast,Urban,9,676.05,75.12,21,1,0.036,0.361,0,0.156,0.062,7,8.06,11,46.76,0,1,0
48,Female,101766,Master,Married,1,Midwest,Rural,19,1611.69,84.83,33,6,0.4,0.569,1,0.275,0.065,11,4.35,11,36.68,1,1,0
49,Other,84705,Master,Married,6,Southeast,Suburban,15,710.97,47.4,28,1,0.167,0.564,0,0.238,0.056,14,3.68,17,53.79,0,1,0
30,Male,67906,Master,Married,6,West,Urban,9,512.29,56.92,59,1,0.048,0.731,0,0.275,0.084,5,5.56,14,39.59,1,0,0
48,Female,70022,High School,Divorced,2,Midwest,Rural,17,1043.11,61.36,20,3,0.173,0.584,0,0.283,0.097,8,3.41,7,21.1,0,0,1
61,Female,112185,Bachelor,Married,3,Southeast,Rural,18,1760.25,97.79,20,5,0.057,0.53,1,0.297,0.145,10,3.61,7,33.23,0,1,0
18,Female,70167,Master,Single,1,West,Suburban,11,574.03,52.18,23,3,0.06,0.185,0,0.244,0.034,8,3.87,17,61.33,1,1,0
49,Male,86168,Bachelor,Married,5,Midwest,Urban,22,1885.68,85.71,30,5,0.238,0.522,1,0.336,0.152,19,3.6,3,12.21,1,0,1
18,Female,65176,Master,Single,1,Midwest,Urban,14,889.89,63.56,13,2,0.236,0.359,0,0.289,0.09,8,8.28,16,28.96,1,0,1
27,Male,39045,Bachelor,Single,2,Northeast,Suburban,14,819.65,58.55,26,3,0.216,0.632,1,0.274,0.028,16,4.71,20,60.9,1,0,0
66,Male,122911,Master,Married,5,West,Suburban,17,1255.13,73.83,20,1,0.104,0.645,1,0.269,0.09,9,4.01,6,12.25,0,0,1
33,Female,80626,Bachelor,Single,2,West,Suburban,13,851.38,65.49,44,3,0.069,0.468,0,0.242,0.09,10,3.79,18,11.98,0,0,0
24,Female,70461,Bachelor,Married,4,Midwest,Suburban,16,1078.96,67.44,26,4,0.155,0.561,0,0.267,0.064,8,15.33,21,44.98,1,0,0
39,Female,54070,High School,Single,2,Midwest,Suburban,21,1232.03,58.67,12,7,0.121,0.451,1,0.193,0.048,17,4.81,17,6.21,0,0,1
73,Female,107955,Bachelor,Single,3,Southeast,Suburban,6,499.12,83.19,65,2,0.164,0.371,0,0.322,0.13,6,7.78,1,0.0,1,0,1
18,Female,83406,Master,Single,4,Southeast,Rural,18,2043.88,113.55,16,3,0.097,0.569,0,0.444,0.122,11,3.14,15,35.04,0,0,0
26,Male,70702,High School,Single,1,Midwest,Suburban,10,768.37,76.84,17,2,0.107,0.359,0,0.391,0.047,10,7.19,13,34.92,0,1,1
64,Male,106627,Bachelor,Married,5,Northeast,Rural,22,2152.98,97.86,20,6,0.061,0.344,1,0.281,0.032,13,5.79,7,25.17,1,1,1
69,Male,96757,Bachelor,Married,3,West,Rural,17,1416.38,83.32,21,1,0.075,0.278,0,0.182,0.022,13,8.52,4,33.6,1,0,0
40,Female,37976,High School,Married,6,Northeast,Urban,11,656.19,59.65,26,4,0.114,0.507,0,0.282,0.049,7,5.83,7,24.79,0,1,1
23,Male,61334,Bachelor,Divorced,4,Southwest,Rural,22,1422.06,64.64,12,1,0.048,0.211,1,0.23,0.098,8,5.2,15,42.91,0,0,0
73,Male,87848,High School,Divorced,4,Southeast,Urban,19,2095.31,110.28,21,8,0.229,0.357,1,0.629,0.292,15,14.28,8,15.93,0,0,1
65,Female,103235,Bachelor,Married,6,Southeast,Rural,14,1125.82,80.42,43,1,0.149,0.465,0,0.124,0.029,5,3.5,9,25.88,0,0,0
52,Male,102508,Bachelor,Widowed,4,Midwest,Suburban,17,1663.97,97.88,33,6,0.034,0.359,0,0.253,0.102,8,11.42,11,24.26,1,1,0
29,Male,77372,Master,Single,3,Southwest,Suburban,20,2207.85,110.39,8,3,0.377,0.284,1,0.32,0.159,15,12.16,12,37.84,0,0,0
41,Female,119914,Master,Married,3,Southwest,Urban,26,2678.47,103.02,21,8,0.137,0.567,1,0.231,0.101,11,9.48,4,35.86,0,0,1
39,Male,45410,Bachelor,Married,4,Southeast,Urban,12,564.18,47.01,17,4,0.065,0.552,0,0.393,0.137,7,8.94,10,31.68,0,0,0
46,Male,68690,High School,Married,2,Southeast,Urban,11,546.31,49.66,40,6,0.084,0.421,0,0.395,0.054,4,14.15,10,12.58,0,0,0
63,Male,109022,PhD,Widowed,2,West,Rural,19,1417.4,74.6,30,4,0.126,0.634,0,0.254,0.112,6,10.82,4,20.15,0,0,1
55,Female,55991,Bachelor,Married,3,Southwest,Suburban,9,592.47,65.83,43,2,0.156,0.767,0,0.32,0.045,9,3.35,4,30.21,1,1,0
25,Female,42573,High School,Single,1,Southwest,Suburban,20,1739.43,86.97,18,3,0.091,0.471,1,0.345,0.065,9,7.76,11,8.64,1,0,0
62,Male,83342,Master,Married,5,Southeast,Rural,16,1339.9,83.74,40,3,0.049,0.377,0,0.357,0.106,13,12.51,8,39.08,0,0,0
46,Female,59978,High School,Married,4,West,Urban,15,783.87,52.26,12,4,0.098,0.302,0,0.305,0.043,5,4.0,18,41.75,1,0,0
52,Male,82721,Bachelor,Divorced,3,Southeast,Suburban,13,848.41,65.26,17,4,0.168,0.404,0,0.445,0.122,9,9.12,9,35.81,1,0,1
63,Female,107778,Bachelor,Married,3,Southeast,Suburban,22,1779.8,80.9,28,2,0.045,0.575,1,0.375,0.089,17,3.58,9,18.97,0,0,1
25,Male,37986,Bachelor,Single,2,Southeast,Urban,13,288.35,22.18,47,6,0.1,0.507,0,0.268,0.052,7,4.14,12,31.62,1,0,0
41,Female,102026,Master,Married,1,Northeast,Rural,23,1652.75,71.86,16,6,0.146,0.432,0,0.346,0.1,11,3.68,7,29.2,0,1,0
34,Female,69271,Bachelor,Married,3,Midwest,Suburban,12,655.25,54.6,36,2,0.028,0.527,0,0.149,0.025,9,3.1,12,35.46,0,1,0
18,Female,55432,High School,Single,5,Northeast,Urban,11,1246.06,113.28,22,5,0.155,0.738,0,0.05,0.006,3,3.02,17,17.49,0,0,0
47,Male,101723,PhD,Married,2,Midwest,Suburban,10,993.99,99.4,60,2,0.219,0.837,0,0.342,0.139,4,8.0,7,19.62,1,0,0
79,Male,113816,PhD,Single,2,Southwest,Rural,27,1767.05,65.45,15,3,0.026,0.507,1,0.365,0.098,19,7.22,3,0.0,1,0,1
18,Female,51737,Master,Single,2,West,Urban,13,318.3,24.48,35,4,0.024,0.468,0,0.163,0.025,9,6.74,20,26.28,1,1,0
41,Male,54022,Bachelor,Married,3,Northeast,Suburban,13,401.58,30.89,17,2,0.043,0.418,0,0.436,0.197,11,3.71,14,23.18,1,0,1
51,Female,73567,High School,Married,5,Southeast,Rural,14,1330.78,95.06,34,4,0.12,0.607,0,0.264,0.122,11,4.93,11,29.39,0,1,0
43,Female,112153,Master,Divorced,4,Midwest,Rural,24,1418.3,59.1,22,5,0.135,0.731,1,0.177,0.029,16,15.08,9,38.47,0,0,1
40,Female,49125,High School,Single,1,Northeast,Suburban,18,1561.63,86.76,18,4,0.053,0.354,1,0.288,0.034,10,15.64,10,15.36,0,0,0
22,Male,52637,High School,Single,2,Northeast,Urban,9,550.02,61.11,67,4,0.268,0.928,0,0.113,0.052,5,7.84,12,33.54,1,1,0
45,Female,53748,Bachelor,Single,1,Midwest,Suburban,7,363.68,51.95,36,4,0.095,0.484,0,0.418,0.15,7,4.52,9,34.09,0,0,0
30,Female,67304,Bachelor,Single,1,Midwest,Suburban,10,407.59,40.76,61,3,0.28,0.334,0,0.307,0.14,11,6.07,15,32.09,1,0,1
18,Female,50028,High School,Single,1,West,Urban,10,802.91,80.29,51,2,0.19,0.779,0,0.137,0.018,10,3.13,25,46.18,1,0,0
59,Male,66078,Bachelor,Widowed,2,West,Suburban,15,1109.45,73.96,39,3,0.156,0.57,0,0.25,0.034,10,9.92,6,0.0,1,1,0
56,Male,67341,High School,Married,3,West,Suburban,9,735.05,81.67,56,3,0.065,0.339,0,0.395,0.178,5,7.5,6,48.18,1,0,1
42,Male,69938,High School,Married,5,Southeast,Rural,23,1368.93,59.52,17,4,0.077,0.508,1,0.306,0.123,16,5.58,10,35.08,1,0,1
45,Male,20000,High School,Single,3,Southwest,Urban,9,480.0,53.33,36,1,0.1,0.821,0,0.295,0.083,5,4.21,15,34.03,1,0,0
58,Female,92031,High School,Married,2,Midwest,Urban,14,1479.07,105.65,38,7,0.23,0.743,0,0.179,0.074,10,10.36,4,19.83,1,0,0
45,Female,96905,Master,Widowed,1,Midwest,Suburban,12,1084.29,90.36,26,1,0.027,0.78,0,0.452,0.164,10,12.26,11,39.73,0,1,1
55,Male,110350,Master,Married,2,West,Suburban,24,1537.46,64.06,8,3,0.117,0.409,1,0.203,0.082,5,3.4,9,0.0,0,0,0
37,Female,64009,Bachelor,Divorced,1,Southwest,Suburban,13,941.24,72.4,22,2,0.084,0.458,1,0.241,0.025,7,15.51,10,32.81,0,0,0
61,Male,63559,Bachelor,Widowed,2,Southwest,Urban,7,538.13,76.88,74,3,0.154,0.552,0,0.064,0.017,11,4.22,7,27.94,0,0,0
46,Male,70410,High School,Married,6,Northeast,Urban,13,1283.65,98.74,44,2,0.176,0.274,0,0.253,0.118,12,6.14,13,41.62,1,0,0
44,Male,59561,High School,Married,6,West,Suburban,12,857.76,71.48,25,2,0.108,0.436,0,0.245,0.091,7,8.1,7,20.46,1,1,0
22,Male,58681,Bachelor,Single,2,West,Rural,15,1220.56,81.37,22,8,0.192,0.744,0,0.174,0.021,10,4.31,13,42.62,1,0,0
46,Female,93714,Bachelor,Divorced,2,Southeast,Suburban,14,1248.56,89.18,32,9,0.029,0.519,0,0.299,0.149,9,7.59,6,31.34,0,0,1
29,Male,90230,Master,Single,4,Southeast,Suburban,15,720.23,48.02,20,1,0.201,0.563,0,0.258,0.128,5,4.71,13,40.01,0,0,0
32,Female,95018,Bachelor,Married,2,Northeast,Rural,15,1411.45,94.1,32,1,0.157,0.534,1,0.296,0.084,6,18.04,12,29.25,1,1,0
29,Male,66107,Bachelor,Single,4,Northeast,Suburban,4,261.81,65.45,67,2,0.13,0.502,0,0.359,0.164,8,9.0,11,37.25,0,0,0
26,Female,36031,High School,Single,2,Southwest,Suburban,7,615.68,87.95,31,2,0.169,0.911,0,0.268,0.072,14,9.44,8,45.12,1,0,1
73,Male,111173,Master,Widowed,1,Southeast,Urban,18,1022.42,56.8,14,2,0.138,0.338,0,0.234,0.05,6,6.73,3,23.51,1,1,1
61,Male,95634,Bachelor,Married,5,West,Rural,22,1213.83,55.17,13,3,0.136,0.592,1,0.215,0.105,10,16.23,8,20.69,1,1,0
70,Male,126837,Master,Married,1,West,Suburban,16,1726.82,107.93,16,2,0.065,0.308,0,0.172,0.071,8,7.1,6,1.08,0,1,1
23,Male,36994,Bachelor,Single,2,Southeast,Suburban,13,1023.48,78.73,51,2,0.062,0.56,0,0.429,0.127,7,4.27,7,40.82,1,0,1
43,Male,90128,Master,Single,3,Southeast,Urban,22,1598.49,72.66,23,2,0.053,0.678,1,0.298,0.083,12,4.1,17,31.52,0,0,0
22,Female,112343,PhD,Single,2,Southeast,Suburban,17,1425.82,83.87,15,1,0.084,0.302,0,0.266,0.035,9,12.08,15,9.74,1,0,1
31,Female,91796,PhD,Married,4,Northeast,Urban,18,1440.74,80.04,21,4,0.302,0.767,0,0.414,0.179,12,4.14,14,32.93,0,0,1
28,Female,76965,Bachelor,Single,2,Northeast,Urban,5,294.0,58.8,54,1,0.283,0.607,0,0.14,0.028,7,15.61,13,34.29,0,1,0
60,Female,95996,Bachelor,Married,6,Midwest,Rural,23,2248.22,97.75,23,6,0.019,0.473,1,0.365,0.053,22,7.93,3,0.0,1,1,1
36,Male,83737,Bachelor,Single,3,West,Urban,13,808.81,62.22,46,1,0.137,0.292,0,0.263,0.101,9,3.17,9,41.14,0,0,0
58,Male,104853,PhD,Married,6,West,Suburban,18,1735.8,96.43,21,4,0.154,0.688,1,0.222,0.072,15,3.22,5,12.68,0,0,0
51,Other,69318,Bachelor,Divorced,5,West,Urban,12,458.33,38.19,32,3,0.073,0.752,0,0.285,0.106,9,3.57,11,5.03,0,0,0
76,Female,86704,High School,Widowed,2,Midwest,Suburban,21,2262.18,107.72,18,4,0.077,0.39,1,0.299,0.046,8,6.85,3,9.5,0,0,0
19,Female,32816,Bachelor,Single,3,West,Suburban,4,60.0,15.0,85,1,0.259,0.405,0,0.268,0.04,6,3.3,20,54.91,0,0,0
60,Female,69553,High School,Married,5,Midwest,Urban,13,565.65,43.51,14,3,0.186,0.616,0,0.224,0.037,10,6.18,6,0.0,1,1,0
59,Male,91593,Bachelor,Widowed,1,Southeast,Rural,22,2659.04,120.87,22,6,0.091,0.455,0,0.416,0.136,16,9.66,8,29.4,0,0,1
27,Male,88969,Bachelor,Single,2,Southwest,Suburban,24,1836.12,76.5,28,2,0.165,0.247,1,0.252,0.051,16,3.08,13,15.38,1,1,0
57,Male,92240,Bachelor,Widowed,5,West,Rural,18,1132.63,62.92,32,8,0.116,0.763,1,0.076,0.026,9,4.7,11,18.75,0,0,0
47,Male,72578,High School,Divorced,3,Northeast,Urban,17,692.7,40.75,36,5,0.202,0.443,0,0.234,0.071,8,5.34,5,0.0,0,1,1
38,Male,118467,PhD,Single,1,Southeast,Suburban,23,1851.78,80.51,12,3,0.14,0.472,1,0.247,0.064,15,6.36,15,23.24,1,1,1
29,Male,64330,Master,Single,3,Southeast,Rural,10,679.6,67.96,46,2,0.028,0.551,0,0.237,0.026,15,8.51,15,44.38,0,1,0
31,Female,77923,Master,Single,2,Northeast,Rural,22,1731.3,78.7,29,1,0.11,0.281,1,0.291,0.124,14,4.73,11,39.77,0,0,1
72,Female,134581,Bachelor,Married,3,Southeast,Rural,18,1867.24,103.74,11,1,0.11,0.412,0,0.219,0.028,3,6.87,2,0.0,0,1,1
42,Female,88013,Master,Divorced,2,Southeast,Suburban,18,689.07,38.28,34,5,0.008,0.232,0,0.248,0.09,10,3.72,12,12.22,0,0,0
53,Female,99746,Bachelor,Widowed,3,West,Suburban,23,1900.99,82.65,9,1,0.027,0.616,0,0.094,0.023,10,4.4,3,1.46,1,0,0
30,Male,79056,Bachelor,Single,3,West,Rural,20,1526.15,76.31,34,7,0.128,0.651,1,0.238,0.093,7,12.31,17,0.0,1,0,1
30,Male,27428,High School,Married,3,West,Urban,6,304.12,50.69,32,4,0.078,0.545,0,0.379,0.08,4,4.64,11,44.93,0,1,0
58,Female,91657,Bachelor,Married,5,Northeast,Suburban,14,1069.85,76.42,25,3,0.208,0.318,0,0.26,0.063,12,3.27,6,20.14,0,0,0
21,Male,44601,High School,Single,1,Northeast,Rural,10,277.21,27.72,19,3,0.078,0.437,0,0.178,0.088,8,4.39,17,69.53,0,0,0
35,Male,103549,PhD,Married,6,Northeast,Urban,17,1076.84,63.34,11,5,0.024,0.732,0,0.253,0.065,11,5.9,11,41.14,0,0,0
42,Male,47888,High School,Divorced,4,West,Urban,11,860.27,78.21,54,2,0.045,0.32,0,0.298,0.103,5,13.62,11,47.13,0,1,1
43,Male,58246,Bachelor,Single,1,Northeast,Urban,15,654.14,43.61,13,3,0.013,0.298,1,0.184,0.088,8,3.03,19,22.32,0,1,0
39,Female,64659,Bachelor,Single,2,Midwest,Rural,19,909.89,47.89,30,2,0.025,0.558,1,0.314,0.12,12,3.7,14,39.8,1,0,0
47,Male,76733,Bachelor,Single,2,Southeast,Suburban,20,1248.83,62.44,32,3,0.047,0.289,1,0.329,0.084,11,9.24,10,33.02,1,0,1
52,Female,99974,Bachelor,Married,1,Northeast,Suburban,17,946.12,55.65,38,7,0.153,0.643,0,0.224,0.057,12,4.29,9,22.24,0,0,0
53,Female,95259,High School,Married,3,Northeast,Rural,23,2077.03,90.31,27,4,0.107,0.312,0,0.061,0.016,11,4.11,6,47.52,1,0,0
27,Male,98148,Master,Single,4,Southwest,Suburban,22,1181.51,53.7,30,5,0.127,0.552,1,0.148,0.04,14,6.19,11,35.93,0,0,1
37,Male,83102,Bachelor,Married,4,Southeast,Rural,19,1771.39,93.23,10,1,0.068,0.852,0,0.327,0.079,9,8.3,6,61.5,1,0,1
59,Male,72734,Bachelor,Divorced,3,Southeast,Urban,11,434.18,39.47,60,2,0.169,0.405,0,0.287,0.093,11,7.46,9,38.3,0,0,0
55,Male,93466,Master,Married,1,Southeast,Suburban,19,1351.69,71.14,9,5,0.085,0.599,0,0.191,0.08,14,6.07,9,17.15,0,0,0
21,Female,75548,Master,Single,2,Southwest,Urban,22,1642.29,74.65,11,4,0.126,0.412,1,0.346,0.116,11,3.18,14,44.27,1,0,1
47,Female,83713,Master,Divorced,4,Midwest,Urban,19,1665.69,87.67,11,7,0.217,0.585,0,0.418,0.083,16,3.27,5,8.21,1,0,1
18,Female,63658,Bachelor,Married,5,West,Urban,35,2006.51,57.33,16,8,0.112,0.357,1,0.134,0.051,9,3.51,14,58.81,0,0,1
42,Male,85007,Bachelor,Single,5,Midwest,Suburban,10,584.49,58.45,20,4,0.289,0.315,0,0.29,0.089,7,5.5,6,69.18,1,1,0
70,Female,104644,Bachelor,Married,3,Southeast,Rural,20,2214.06,110.7,16,5,0.105,0.802,1,0.262,0.091,10,5.42,0,14.89,0,0,0
27,Female,92577,Master,Married,2,Midwest,Suburban,18,1438.52,79.92,27,5,0.259,0.644,0,0.383,0.147,13,12.41,11,37.06,1,0,1
29,Female,65231,Master,Single,3,Midwest,Urban,24,1420.86,59.2,18,4,0.348,0.692,0,0.248,0.071,18,4.93,9,33.89,0,0,0
53,Female,81992,High School,Married,4,West,Rural,27,934.83,34.62,9,5,0.117,0.408,1,0.181,0.047,15,4.22,8,19.46,0,0,0
18,Female,44565,Bachelor,Single,3,West,Urban,18,1010.05,56.11,24,5,0.212,0.443,1,0.232,0.104,8,3.74,14,31.08,1,0,0
32,Female,67085,Master,Single,2,West,Rural,11,697.87,63.44,30,1,0.135,0.553,0,0.143,0.063,9,9.4,11,25.33,0,1,0
50,Female,88581,Bachelor,Married,5,Southeast,Rural,19,896.28,47.17,25,5,0.058,0.468,0,0.419,0.161,12,7.33,7,19.72,0,0,1
32,Male,84438,Bachelor,Married,4,Southeast,Suburban,28,1584.7,56.6,16,5,0.041,0.592,1,0.445,0.104,12,8.06,16,36.69,1,0,0
38,Female,78320,Bachelor,Married,5,West,Urban,17,1207.46,71.03,40,3,0.091,0.67,0,0.281,0.109,15,8.52,16,42.77,1,0,1
53,Male,83312,Bachelor,Divorced,2,Southeast,Suburban,16,1296.06,81.0,38,2,0.196,0.513,1,0.311,0.085,8,3.24,10,14.05,1,0,0
48,Male,113652,PhD,Widowed,3,West,Rural,21,1395.62,66.46,8,7,0.083,0.646,1,0.338,0.128,12,16.6,11,21.54,0,0,1
46,Other,79446,Bachelor,Single,2,West,Suburban,24,1189.11,49.55,11,5,0.1,0.505,1,0.383,0.07,17,4.5,11,50.11,1,0,0
36,Female,37510,High School,Single,5,Midwest,Urban,6,306.41,51.07,97,4,0.013,0.445,0,0.232,0.024,10,4.09,13,31.9,1,0,0
47,Male,44560,High School,Married,5,Midwest,Rural,9,319.1,35.46,47,1,0.075,0.629,0,0.478,0.072,8,3.66,5,4.3,1,0,0
40,Male,56417,High School,Married,3,Southwest,Suburban,16,867.12,54.19,35,7,0.029,0.313,0,0.325,0.111,8,4.93,5,36.92,1,0,1
48,Male,80197,Bachelor,Married,5,Southeast,Urban,15,1584.07,105.6,28,6,0.188,0.566,0,0.395,0.107,5,3.1,8,34.15,1,0,1
34,Female,67969,Bachelor,Single,4,Midwest,Rural,12,757.58,63.13,47,1,0.085,0.458,0,0.31,0.075,5,5.4,14,21.57,1,1,1
39,Female,66941,High School,Married,5,Southeast,Rural,12,1007.11,83.93,19,4,0.095,0.447,0,0.294,0.133,11,5.24,11,32.87,1,1,0
27,Female,73967,Master,Single,3,Northeast,Suburban,11,462.81,42.07,48,2,0.018,0.28,0,0.35,0.059,12,3.15,12,5.73,1,1,1
41,Female,96844,Master,Single,2,Midwest,Urban,12,756.78,63.07,50,5,0.131,0.537,0,0.206,0.092,10,7.35,5,18.05,1,0,1
29,Male,61631,Bachelor,Divorced,3,Midwest,Suburban,15,675.51,45.03,20,4,0.169,0.508,0,0.16,0.048,12,4.89,12,20.85,1,1,0
25,Female,87950,Bachelor,Single,2,Southwest,Urban,27,1401.2,51.9,13,2,0.136,0.301,1,0.217,0.107,13,12.46,18,16.45,0,1,0
45,Male,107810,PhD,Widowed,3,West,Urban,23,1116.34,48.54,21,6,0.099,0.558,1,0.386,0.087,15,6.33,9,36.76,1,0,0
45,Female,111710,Bachelor,Divorced,2,Southeast,Rural,28,2512.06,89.72,22,5,0.049,0.569,1,0.394,0.169,11,3.52,7,25.19,0,0,1
53,Female,103280,Master,Married,4,West,Rural,15,1340.67,89.38,42,2,0.148,0.715,0,0.257,0.079,10,6.24,4,23.88,0,0,1
35,Female,65394,Bachelor,Married,3,Southeast,Suburban,16,700.54,43.78,27,4,0.092,0.738,1,0.416,0.082,8,7.03,11,31.05,0,0,0
48,Male,80508,Master,Married,2,Midwest,Suburban,20,1107.02,55.35,25,4,0.25,0.407,0,0.329,0.146,10,9.14,5,17.89,0,0,0
50,Male,73956,Master,Married,3,West,Urban,15,1028.06,68.54,41,3,0.074,0.473,0,0.22,0.071,6,3.24,9,16.74,1,1,0
48,Male,64128,Bachelor,Married,5,Southeast,Suburban,13,812.24,62.48,22,3,0.182,0.573,0,0.3,0.126,6,4.37,8,24.85,0,1,1
29,Female,65605,Master,Single,2,Midwest,Urban,17,1418.89,83.46,35,4,0.009,0.528,1,0.371,0.13,8,3.34,9,31.18,1,1,1
44,Male,111722,PhD,Married,2,Midwest,Urban,9,976.82,108.54,32,5,0.191,0.388,0,0.269,0.035,6,6.06,10,40.87,0,0,1
47,Male,70307,Bachelor,Married,2,West,Suburban,9,466.09,51.79,50,1,0.171,0.512,0,0.299,0.102,9,8.58,5,43.77,1,0,0
42,Male,62003,High School,Married,3,Southwest,Rural,7,417.54,59.65,86,1,0.043,0.335,0,0.206,0.022,6,12.56,11,5.75,1,0,1
18,Female,74229,Bachelor,Single,3,Southwest,Suburban,8,376.78,47.1,51,1,0.12,0.763,0,0.178,0.071,11,5.47,20,49.8,0,0,1
44,Male,89482,Master,Married,6,Southeast,Suburban,9,943.07,104.79,23,2,0.099,0.182,0,0.292,0.062,9,3.77,11,35.45,1,0,1
75,Female,131787,Bachelor,Married,2,Southwest,Urban,29,2935.37,101.22,22,1,0.09,0.484,1,0.11,0.031,11,12.0,2,36.0,0,0,1
36,Female,36762,High School,Married,2,Midwest,Suburban,11,750.82,68.26,41,5,0.158,0.265,0,0.236,0.036,6,3.12,12,35.31,1,0,1
31,Female,48141,High School,Divorced,1,Midwest,Suburban,10,468.05,46.81,20,2,0.101,0.4,0,0.289,0.044,9,4.36,17,34.61,1,1,0
47,Male,70110,Bachelor,Married,5,Southeast,Urban,12,1025.64,85.47,14,3,0.244,0.62,0,0.28,0.106,14,3.58,3,3.63,1,1,1
46,Male,91447,Bachelor,Married,1,Southeast,Urban,14,1268.55,90.61,21,5,0.4,0.652,0,0.05,0.007,7,15.89,9,33.98,0,1,1
59,Male,54203,Bachelor,Married,5,Northeast,Urban,7,578.76,82.68,31,3,0.174,0.322,0,0.165,0.049,6,4.55,6,0.0,1,0,0
23,Male,52353,Master,Single,2,Northeast,Suburban,5,146.5,29.3,87,5,0.082,0.689,0,0.224,0.079,5,4.27,13,27.28,1,0,0
52,Male,80589,Bachelor,Married,2,Northeast,Urban,26,1866.55,71.79,18,6,0.077,0.43,1,0.419,0.109,16,3.91,8,26.58,0,0,0
50,Female,88870,High School,Single,3,West,Rural,13,1253.02,96.39,45,3,0.14,0.309,0,0.411,0.125,10,4.73,14,20.55,0,0,0
39,Male,60187,High School,Widowed,3,West,Rural,7,289.66,41.38,57,3,0.115,0.543,0,0.202,0.094,5,7.25,6,16.17,0,0,0
47,Female,42926,High School,Single,3,West,Urban,18,1114.21,61.9,16,2,0.079,0.298,1,0.393,0.156,10,4.63,10,46.95,1,0,1
57,Male,68242,Bachelor,Married,6,West,Suburban,13,982.12,75.55,15,4,0.148,0.716,1,0.303,0.122,9,3.78,7,5.98,0,0,1
55,Female,109694,Bachelor,Single,2,Southeast,Suburban,12,1186.42,98.87,14,2,0.281,0.474,0,0.273,0.12,8,5.08,9,31.22,1,0,0
24,Female,50482,Bachelor,Single,2,Midwest,Rural,17,1052.57,61.92,38,1,0.092,0.288,1,0.137,0.035,6,3.89,13,40.61,1,0,1
54,Female,54655,High School,Divorced,2,West,Urban,10,696.8,69.68,23,5,0.147,0.323,0,0.335,0.062,8,3.11,9,34.16,0,0,1
41,Female,80560,High School,Married,4,Southwest,Suburban,18,1420.83,78.93,23,2,0.047,0.43,0,0.37,0.049,9,5.67,8,44.22,1,0,0
43,Female,75166,High School,Divorced,2,Northeast,Urban,26,2373.31,91.28,22,5,0.278,0.527,1,0.196,0.078,9,6.23,8,26.48,1,0,0
43,Female,124110,PhD,Married,4,Midwest,Suburban,24,1864.82,77.7,27,3,0.02,0.749,0,0.202,0.041,14,4.83,9,17.95,1,1,0
39,Male,57549,Bachelor,Married,4,Northeast,Urban,10,655.83,65.58,26,5,0.08,0.301,0,0.26,0.072,10,3.79,14,53.17,1,0,0
59,Female,79923,Master,Married,4,Southeast,Urban,12,1132.05,94.34,23,10,0.122,0.552,0,0.267,0.052,8,4.0,6,51.17,0,1,1
40,Male,89597,Master,Married,5,Midwest,Urban,12,709.49,59.12,21,1,0.243,0.408,0,0.249,0.084,11,6.13,12,29.42,1,0,1
25,Male,65626,Bachelor,Married,5,West,Urban,11,538.9,48.99,22,5,0.078,0.557,0,0.156,0.029,12,4.53,10,26.77,0,0,1
36,Male,89869,Master,Married,4,Southwest,Urban,18,1537.59,85.42,22,2,0.205,0.717,0,0.363,0.129,14,5.82,12,7.92,0,0,1
44,Male,82972,High School,Married,3,Southeast,Suburban,20,1982.56,99.13,25,6,0.121,0.404,0,0.437,0.17,14,17.11,9,47.49,1,0,1
60,Male,62593,Bachelor,Widowed,1,Midwest,Suburban,13,761.95,58.61,40,4,0.4,0.58,0,0.23,0.033,10,3.86,7,0.0,0,1,0
51,Male,94295,Bachelor,Single,3,West,Suburban,16,1264.93,79.06,21,4,0.181,0.233,0,0.38,0.176,14,10.26,6,38.09,1,0,0
29,Male,62350,Master,Single,3,Southeast,Urban,10,684.52,68.45,47,7,0.122,0.456,0,0.265,0.118,12,7.07,15,7.03,1,1,0
79,Female,101636,High School,Married,6,Midwest,Urban,27,1919.23,71.08,6,6,0.182,0.93,1,0.064,0.031,17,7.81,1,0.0,0,0,1
45,Male,84475,Master,Single,2,Southeast,Rural,25,2902.81,116.11,25,5,0.281,0.803,1,0.103,0.018,12,4.23,6,55.09,0,0,0
61,Female,62190,High School,Married,4,Midwest,Urban,10,426.02,42.6,59,8,0.074,0.517,0,0.253,0.121,13,3.35,6,16.57,1,1,0
39,Male,77651,Master,Single,3,Northeast,Rural,21,1483.15,70.63,21,3,0.255,0.276,0,0.497,0.247,13,5.39,11,0.0,1,0,0
50,Female,58915,Bachelor,Widowed,4,West,Rural,9,554.22,61.58,31,2,0.107,0.657,1,0.339,0.087,7,4.64,11,36.1,0,1,1
54,Female,84406,Bachelor,Married,6,Northeast,Urban,12,341.23,28.44,54,4,0.234,0.304,0,0.166,0.023,14,3.25,6,41.93,1,0,0
60,Female,77009,Bachelor,Divorced,2,Southeast,Rural,11,568.24,51.66,52,3,0.019,0.379,0,0.372,0.171,7,8.31,9,22.63,1,1,1
57,Female,97994,Bachelor,Married,2,Southeast,Suburban,11,571.49,51.95,15,6,0.076,0.324,0,0.184,0.032,10,25.42,10,35.47,0,0,1
55,Male,94200,Bachelor,Married,4,Midwest,Suburban,13,1189.57,91.51,31,3,0.181,0.717,0,0.448,0.113,9,4.69,4,8.52,1,1,0
37,Other,125522,PhD,Married,5,Southwest,Rural,16,942.35,58.9,14,4,0.036,0.406,0,0.384,0.116,16,19.58,13,31.1,1,1,1
33,Female,57494,High School,Divorced,5,Northeast,Suburban,12,931.02,77.58,19,4,0.111,0.602,0,0.255,0.077,5,11.72,13,27.06,1,0,1
46,Female,115210,PhD,Single,1,Northeast,Suburban,21,1344.2,64.01,8,7,0.071,0.403,0,0.37,0.132,14,4.43,13,20.46,1,1,1
55,Female,105601,Bachelor,Married,3,West,Suburban,19,1938.59,102.03,27,2,0.189,0.578,0,0.29,0.055,10,3.17,6,27.68,1,0,0
38,Male,76585,Master,Married,2,Southwest,Suburban,18,726.54,40.36,16,1,0.141,0.858,1,0.325,0.075,14,28.58,9,29.21,0,0,1
57,Female,63876,Bachelor,Widowed,4,West,Suburban,13,915.44,70.42,24,6,0.116,0.559,1,0.445,0.107,8,8.38,8,33.86,0,0,1
63,Male,94001,Bachelor,Widowed,2,Southwest,Urban,34,3253.91,95.7,5,1,0.077,0.309,1,0.163,0.035,13,6.45,7,24.24,1,1,0
28,Female,56660,Master,Single,1,Southwest,Urban,18,1256.26,69.79,9,2,0.137,0.538,1,0.389,0.193,5,4.52,12,37.42,0,0,1
29,Male,100609,Bachelor,Single,1,Southeast,Rural,28,1564.7,55.88,21,7,0.06,0.374,1,0.05,0.022,7,5.76,19,25.67,0,1,1
39,Female,93632,Bachelor,Single,2,Midwest,Urban,15,1491.17,99.41,34,6,0.133,0.567,0,0.121,0.053,15,5.79,8,16.51,1,0,1
46,Male,94859,High School,Divorced,4,West,Suburban,19,1678.56,88.35,19,4,0.054,0.633,0,0.246,0.062,10,7.46,8,40.05,1,0,1
34,Male,68736,Bachelor,Married,4,Northeast,Suburban,16,275.38,17.21,12,2,0.075,0.354,0,0.372,0.119,11,7.21,10,36.54,0,0,0
62,Female,98458,Bachelor,Married,5,Midwest,Urban,21,1710.3,81.44,27,2,0.137,0.694,1,0.055,0.007,12,14.16,10,20.98,0,0,1
48,Female,87107,Master,Divorced,2,Southwest,Urban,20,2604.55,130.23,32,2,0.17,0.25,0,0.451,0.078,14,7.93,9,2.89,0,0,1
42,Female,87443,Bachelor,Single,2,Midwest,Urban,17,1632.87,96.05,26,1,0.132,0.418,1,0.283,0.14,9,9.09,11,28.82,0,1,1
20,Male,23366,High School,Married,4,Southwest,Suburban,7,221.92,31.7,32,4,0.103,0.607,0,0.323,0.087,9,6.99,20,51.85,1,1,0
22,Male,20053,Bachelor,Single,3,Southeast,Rural,7,356.35,50.91,67,3,0.152,0.922,0,0.102,0.03,12,5.08,12,55.7,0,0,1
46,Female,65539,Bachelor,Single,5,Northeast,Suburban,23,1262.99,54.91,9,2,0.126,0.344,1,0.229,0.074,20,11.09,13,57.91,1,1,1
18,Other,33167,Bachelor,Single,2,Northeast,Suburban,22,1471.25,66.87,11,3,0.034,0.908,1,0.213,0.097,14,19.53,20,38.97,0,0,0
57,Female,123368,Master,Single,4,West,Suburban,36,2714.4,75.4,11,5,0.134,0.538,1,0.122,0.055,15,3.25,12,14.92,1,0,0
39,Male,114035,Master,Married,3,West,Rural,24,2668.54,111.19,12,7,0.194,0.268,1,0.342,0.138,18,10.68,14,57.54,0,0,1
80,Female,68556,High School,Married,4,Southeast,Suburban,24,1984.46,82.69,27,4,0.214,0.283,1,0.16,0.052,12,12.34,1,12.7,1,0,0
76,Male,135775,Master,Single,2,Northeast,Urban,18,1993.32,110.74,32,3,0.164,0.432,0,0.309,0.098,13,8.46,3,40.18,1,1,0
39,Female,86070,Bachelor,Widowed,2,Northeast,Suburban,9,1030.06,114.45,33,2,0.093,0.408,0,0.251,0.081,6,4.05,8,27.92,1,0,0
40,Male,64053,Master,Married,6,Southeast,Rural,10,821.43,82.14,64,7,0.093,0.569,0,0.294,0.125,6,7.11,11,42.96,1,0,1
56,Male,64545,High School,Married,2,Southeast,Suburban,16,1323.27,82.7,22,2,0.165,0.413,0,0.092,0.046,10,7.34,7,34.1,0,0,0
67,Female,85497,Bachelor,Married,2,Southeast,Rural,12,1143.32,95.28,37,3,0.067,0.557,0,0.296,0.051,15,6.69,6,0.0,1,0,1
18,Female,66219,Bachelor,Single,3,West,Urban,11,851.23,77.38,40,5,0.025,0.464,0,0.515,0.233,19,4.77,18,64.51,1,0,0
18,Male,36568,Bachelor,Widowed,2,Southwest,Rural,7,402.98,57.57,67,4,0.102,0.518,0,0.095,0.037,5,12.08,21,34.49,0,0,0
32,Male,49716,High School,Married,3,Northeast,Urban,10,413.13,41.31,28,2,0.119,0.73,0,0.286,0.072,12,7.98,12,42.51,0,1,0
50,Male,55310,High School,Married,2,Southwest,Urban,13,577.0,44.38,49,2,0.028,0.559,1,0.281,0.059,9,6.0,9,37.4,1,1,0
49,Female,71900,High School,Divorced,1,Midwest,Suburban,16,1193.46,74.59,19,5,0.078,0.424,0,0.421,0.06,9,3.97,8,17.16,1,1,1
58,Male,68748,High School,Married,5,Northeast,Urban,5,382.79,76.56,91,1,0.26,0.696,0,0.125,0.02,7,3.83,10,5.85,0,1,1
24,Male,36771,High School,Single,3,Southwest,Suburban,10,487.42,48.74,54,2,0.142,0.47,0,0.243,0.079,8,11.59,9,16.25,1,1,0
18,Female,66800,Master,Married,6,Northeast,Rural,12,645.22,53.77,51,3,0.142,0.435,0,0.331,0.048,6,4.69,15,42.98,1,0,0
54,Female,99340,High School,Divorced,2,Northeast,Rural,21,1615.9,76.95,19,4,0.038,0.609,1,0.252,0.093,15,14.33,9,30.14,1,1,1
29,Female,57546,Bachelor,Single,3,Northeast,Suburban,12,692.6,57.72,44,2,0.05,0.58,0,0.214,0.069,12,3.8,11,56.66,1,0,1
18,Female,24384,High School,Single,1,West,Suburban,9,429.24,47.69,22,2,0.062,0.562,0,0.313,0.096,5,3.07,16,14.28,1,1,0
44,Female,114551,PhD,Divorced,4,Southwest,Rural,9,745.49,82.83,60,1,0.1,0.674,0,0.472,0.109,12,5.34,16,50.62,0,0,0
53,Female,110847,PhD,Married,6,Southeast,Suburban,15,1631.07,108.74,37,3,0.092,0.598,0,0.279,0.097,8,4.65,7,32.67,0,1,0
40,Female,36371,High School,Married,3,West,Rural,6,275.83,45.97,58,1,0.084,0.494,0,0.401,0.056,3,17.27,6,45.89,0,0,0
35,Female,102072,Bachelor,Widowed,1,Southeast,Rural,24,1636.07,68.17,14,6,0.106,0.467,1,0.175,0.067,13,8.78,13,43.94,0,1,1
39,Male,51512,High School,Married,3,West,Urban,12,649.68,54.14,30,4,0.144,0.364,0,0.295,0.135,8,3.82,8,21.56,0,0,1
36,Other,93731,PhD,Single,1,Southwest,Urban,21,1151.59,54.84,10,3,0.137,0.363,1,0.19,0.071,11,7.26,14,19.35,1,0,1
21,Male,59797,Bachelor,Single,1,Midwest,Suburban,15,1502.47,100.16,33,5,0.009,0.423,0,0.189,0.081,12,9.67,12,33.57,0,0,0
31,Male,76351,High School,Married,3,West,Rural,13,1056.72,81.29,48,3,0.106,0.746,0,0.257,0.047,9,4.88,17,55.07,0,0,1
49,Male,54603,Bachelor,Married,3,Southwest,Rural,12,684.59,57.05,42,2,0.061,0.601,0,0.241,0.059,6,10.27,7,40.16,1,0,0
46,Male,66539,High School,Widowed,2,West,Suburban,10,915.99,91.6,45,3,0.103,0.605,0,0.378,0.169,9,3.12,9,28.7,0,1,0
44,Other,107109,Bachelor,Married,4,West,Urban,18,1430.16,79.45,38,5,0.18,0.302,0,0.33,0.069,14,15.36,5,40.4,1,1,0
27,Female,79130,Master,Single,1,Southeast,Urban,18,1240.12,68.9,25,3,0.047,0.768,0,0.134,0.046,13,5.62,11,24.11,1,0,0
39,Female,53269,Bachelor,Married,3,Southeast,Rural,17,723.38,42.55,20,3,0.147,0.467,1,0.265,0.088,7,4.61,8,23.52,1,0,0
18,Female,45724,Bachelor,Single,3,Northeast,Suburban,17,578.87,34.05,31,4,0.079,0.391,1,0.145,0.045,8,7.66,19,55.48,1,0,0
44,Female,63903,High School,Married,6,Southeast,Suburban,12,794.02,66.17,35,3,0.102,0.488,0,0.28,0.107,12,12.24,11,64.6,0,0,1
63,Male,95962,High School,Single,1,Southeast,Rural,17,1687.44,99.26,39,1,0.075,0.357,0,0.265,0.099,8,13.96,8,15.47,1,0,0
19,Female,35709,High School,Single,2,Northeast,Rural,8,242.31,30.29,74,2,0.05,0.559,0,0.222,0.065,7,4.26,11,53.63,0,0,0
33,Female,94399,Master,Divorced,3,Southeast,Suburban,20,1448.28,72.41,33,1,0.066,0.356,0,0.23,0.089,11,3.91,18,12.35,0,1,0
46,Male,40869,High School,Married,3,West,Suburban,11,510.0,46.36,15,4,0.029,0.703,0,0.333,0.111,9,3.49,8,11.39,1,1,0
60,Female,66944,Bachelor,Married,4,West,Suburban,12,946.84,78.9,28,4,0.142,0.305,0,0.115,0.053,10,5.96,3,10.08,0,0,0
35,Male,61357,Bachelor,Single,3,Northeast,Urban,6,312.3,52.05,75,2,0.094,0.824,0,0.329,0.125,4,3.6,10,20.77,1,0,0
31,Male,86970,Bachelor,Divorced,1,Northeast,Suburban,13,1151.12,88.55,25,2,0.174,0.465,0,0.15,0.047,13,15.81,9,23.24,0,0,1
18,Male,56033,Bachelor,Married,4,Northeast,Urban,7,506.27,72.32,67,3,0.065,0.301,0,0.264,0.061,7,4.93,21,56.38,1,1,0
43,Male,79347,Bachelor,Married,6,West,Rural,22,1241.55,56.43,24,6,0.127,0.516,1,0.317,0.106,17,6.91,14,13.78,1,1,0
72,Female,102371,Bachelor,Divorced,3,Midwest,Rural,20,1506.49,75.32,24,3,0.125,0.219,1,0.189,0.09,13,8.21,5,11.84,0,0,1
46,Female,94038,Bachelor,Married,4,West,Rural,17,1336.69,78.63,24,7,0.032,0.736,0,0.33,0.162,15,7.14,14,33.44,1,0,1
41,Male,64246,Bachelor,Married,4,West,Suburban,13,693.98,53.38,40,2,0.086,0.296,0,0.217,0.043,12,5.35,6,37.94,1,0,0
46,Female,87724,Bachelor,Divorced,4,West,Suburban,17,951.4,55.96,33,1,0.066,0.367,0,0.181,0.032,11,5.16,13,29.64,0,0,1
41,Female,60936,Bachelor,Single,3,Northeast,Urban,19,1712.21,90.12,28,4,0.015,0.484,1,0.164,0.065,12,10.4,10,34.14,1,0,0
29,Male,108549,Master,Single,2,Midwest,Urban,18,875.19,48.62,33,1,0.046,0.33,0,0.371,0.168,14,3.79,10,28.11,1,0,0
54,Male,56794,High School,Married,2,West,Suburban,19,1198.01,63.05,35,1,0.105,0.665,1,0.313,0.145,12,7.03,12,17.82,1,1,1
45,Other,63364,Bachelor,Married,2,Northeast,Suburban,12,1067.67,88.97,18,4,0.079,0.528,0,0.363,0.112,5,27.23,13,9.18,1,0,0
42,Female,67445,High School,Married,6,Midwest,Urban,10,476.08,47.61,61,3,0.22,0.497,0,0.413,0.115,10,3.86,9,20.12,1,1,0
27,Other,63396,Bachelor,Single,2,Southeast,Suburban,23,1431.18,62.23,13,1,0.11,0.667,1,0.128,0.044,19,4.09,6,62.41,1,0,1
61,Male,94302,Bachelor,Married,2,Southeast,Suburban,16,1523.31,95.21,28,7,0.045,0.359,1,0.19,0.052,10,17.95,2,26.14,0,1,0
51,Female,99809,Master,Married,5,West,Urban,31,590.71,19.06,21,2,0.136,0.457,1,0.338,0.119,15,4.22,5,5.34,0,1,1
33,Male,65644,Master,Married,4,Midwest,Urban,14,865.4,61.81,34,3,0.095,0.542,1,0.325,0.1,7,3.29,12,22.54,0,1,0
57,Male,95400,High School,Single,2,Southwest,Suburban,14,647.56,46.25,15,3,0.083,0.602,0,0.346,0.095,9,5.43,6,17.4,0,0,0
34,Female,81203,Bachelor,Married,3,Southwest,Suburban,16,1437.89,89.87,26,6,0.039,0.286,0,0.168,0.026,9,3.02,7,12.65,0,0,0
30,Male,84984,Bachelor,Married,4,Midwest,Suburban,14,793.01,56.64,44,7,0.051,0.378,0,0.276,0.11,6,10.24,14,34.51,1,0,1
30,Male,41675,High School,Widowed,2,West,Suburban,14,1211.37,86.53,27,3,0.14,0.606,0,0.222,0.063,11,5.49,14,24.37,1,1,1
18,Male,76247,Master,Married,3,West,Urban,14,686.35,49.02,43,3,0.107,0.303,0,0.352,0.109,7,4.84,14,46.64,1,0,0
49,Male,97760,Master,Married,4,West,Urban,21,1845.33,87.87,28,7,0.1,0.167,0,0.42,0.046,13,6.08,9,25.57,0,1,0
18,Female,101920,PhD,Single,2,West,Urban,14,888.05,63.43,45,3,0.071,0.43,0,0.294,0.125,8,3.71,16,50.04,1,0,1
23,Female,61403,High School,Single,3,Midwest,Urban,11,615.51,55.96,27,3,0.104,0.509,0,0.288,0.061,7,4.05,14,27.05,0,0,0
18,Male,57895,Bachelor,Single,3,Northeast,Rural,8,470.9,58.86,50,3,0.042,0.587,0,0.147,0.054,9,4.51,19,34.77,0,1,0
40,Male,64830,Master,Single,1,Northeast,Urban,10,629.31,62.93,33,1,0.036,0.584,0,0.199,0.046,11,3.5,11,2.66,1,0,0
39,Male,98494,Bachelor,Single,1,Southeast,Urban,27,3033.29,112.34,16,6,0.055,0.651,1,0.383,0.143,18,5.26,14,38.77,1,0,1
37,Female,93539,Master,Married,5,Southeast,Urban,21,2211.64,105.32,8,3,0.035,0.516,1,0.328,0.161,6,5.76,12,45.94,1,0,1
26,Male,37273,High School,Married,4,Northeast,Suburban,7,235.54,33.65,39,5,0.179,0.872,0,0.202,0.095,6,4.36,20,14.14,1,0,0
24,Female,65898,Bachelor,Married,1,Southeast,Urban,19,1212.31,63.81,35,4,0.1,0.734,0,0.319,0.077,6,3.82,12,17.3,1,0,1
48,Male,56333,Bachelor,Single,1,Northeast,Urban,17,593.17,34.89,28,1,0.133,0.245,0,0.137,0.015,11,14.47,11,34.2,0,0,0
33,Male,67830,High School,Married,1,Midwest,Urban,16,577.41,36.09,16,6,0.021,0.42,0,0.237,0.045,10,7.03,12,39.41,1,0,0
46,Female,55331,Bachelor,Single,2,Northeast,Rural,4,177.31,44.33,92,1,0.04,0.736,0,0.327,0.073,11,3.87,5,14.24,1,0,0
28,Female,59687,Bachelor,Single,5,Southwest,Rural,20,1870.2,93.51,26,4,0.063,0.551,1,0.424,0.076,8,3.63,14,30.2,0,1,1
44,Male,64466,High School,Married,3,Southeast,Suburban,13,370.25,28.48,36,2,0.142,0.448,0,0.316,0.144,5,7.79,9,23.57,0,0,0
61,Female,104982,Bachelor,Divorced,2,Southwest,Urban,27,2538.46,94.02,16,3,0.06,0.628,1,0.366,0.082,14,7.08,5,42.15,0,0,1
50,Female,82198,Bachelor,Married,2,West,Urban,9,722.75,80.31,55,3,0.032,0.598,0,0.241,0.06,6,8.9,10,38.71,0,1,0
35,Female,78124,Bachelor,Single,3,Northeast,Suburban,18,975.56,54.2,14,3,0.058,0.424,1,0.207,0.042,8,7.85,10,46.23,1,0,0
45,Female,91177,Master,Married,6,West,Urban,16,1415.81,88.49,24,4,0.07,0.346,0,0.216,0.066,10,4.85,7,32.88,0,0,0
38,Female,70517,Bachelor,Divorced,1,Southwest,Suburban,9,702.6,78.07,59,4,0.066,0.428,0,0.421,0.141,9,16.3,4,53.53,1,0,0
42,Other,75482,Bachelor,Single,4,Northeast,Suburban,23,1540.81,66.99,20,1,0.099,0.754,1,0.311,0.142,12,9.34,9,11.98,0,1,1
37,Male,97364,PhD,Married,6,Southeast,Suburban,23,1740.51,75.67,28,6,0.183,0.516,1,0.227,0.086,17,5.84,21,47.86,0,0,0
39,Female,76501,PhD,Married,3,West,Suburban,16,1013.44,63.34,25,6,0.062,0.681,1,0.202,0.059,6,5.6,14,31.85,1,1,0
45,Male,50075,High School,Married,5,Midwest,Urban,15,572.38,38.16,15,5,0.223,0.44,0,0.353,0.083,6,3.84,11,19.7,0,0,0
27,Male,80871,Master,Married,4,Southeast,Suburban,14,1032.41,73.74,13,2,0.111,0.569,0,0.098,0.01,10,8.9,13,29.93,1,0,1
26,Male,42663,High School,Single,4,West,Suburban,8,329.83,41.23,49,2,0.137,0.585,0,0.05,0.017,14,3.61,9,22.9,1,0,0
21,Male,40062,High School,Single,1,West,Suburban,9,479.35,53.26,42,4,0.093,0.679,0,0.323,0.048,9,3.43,10,56.68,1,0,0
18,Female,50149,Bachelor,Single,2,Southwest,Suburban,7,300.11,42.87,40,3,0.01,0.353,0,0.274,0.101,6,4.54,18,48.81,0,1,1
23,Female,46046,Bachelor,Married,4,West,Suburban,23,917.18,39.88,21,7,0.121,0.493,1,0.298,0.136,6,3.47,16,18.48,1,0,1
44,Female,83403,Master,Married,2,Southwest,Rural,14,851.29,60.81,21,7,0.167,0.618,0,0.544,0.144,7,4.14,12,0.0,1,0,0
28,Male,73397,Master,Married,3,Southeast,Suburban,17,1565.34,92.08,16,3,0.249,0.396,1,0.32,0.071,14,5.48,17,47.74,1,1,0
49,Male,109877,PhD,Single,2,Midwest,Suburban,13,746.08,57.39,37,6,0.203,0.513,1,0.384,0.119,14,4.02,11,24.14,0,0,1
42,Female,95100,Master,Married,6,West,Suburban,21,2373.04,113.0,31,3,0.11,0.282,1,0.151,0.032,8,13.43,7,17.16,1,0,0
18,Male,52291,Bachelor,Single,5,Southeast,Suburban,15,1072.61,71.51,18,1,0.101,0.487,1,0.297,0.043,11,11.22,15,38.82,0,0,0
51,Female,65955,Bachelor,Single,4,Northeast,Rural,10,317.17,31.72,25,3,0.113,0.434,0,0.17,0.071,12,12.82,3,32.82,0,1,0
54,Female,92828,PhD,Single,1,Northeast,Suburban,12,778.18,64.85,35,1,0.12,0.449,0,0.302,0.062,9,4.1,4,29.63,0,0,0
27,Female,116161,Master,Single,2,Southeast,Suburban,15,834.43,55.63,15,5,0.17,0.236,0,0.141,0.019,9,3.14,13,28.23,1,0,0
48,Female,77052,Master,Married,1,Northeast,Suburban,15,1221.95,81.46,21,2,0.039,0.609,0,0.389,0.071,12,10.47,6,5.9,0,0,1
29,Female,86020,PhD,Married,4,West,Urban,19,1872.32,98.54,36,3,0.19,0.557,1,0.354,0.083,15,6.55,4,36.99,0,0,1
43,Male,67755,High School,Married,3,West,Suburban,9,616.15,68.46,64,4,0.23,0.578,0,0.21,0.084,10,4.91,12,42.96,0,0,0
23,Female,79412,Master,Single,4,Northeast,Urban,15,1411.31,94.09,35,3,0.16,0.789,0,0.249,0.121,9,9.33,19,56.34,1,0,0
18,Male,77812,Master,Single,3,Southwest,Suburban,32,2322.54,72.58,5,5,0.256,0.571,1,0.102,0.022,11,10.37,13,59.14,0,0,0
36,Male,92759,PhD,Single,2,Midwest,Suburban,34,3257.17,95.8,9,4,0.185,0.546,1,0.223,0.091,18,6.24,8,36.32,1,0,1
40,Male,61178,High School,Married,4,Southeast,Suburban,19,1262.14,66.43,24,5,0.057,0.254,1,0.282,0.045,4,9.01,11,37.15,0,1,0
36,Female,70320,Bachelor,Married,4,Southeast,Urban,18,1177.94,65.44,30,3,0.049,0.816,0,0.377,0.185,12,5.69,12,44.09,0,0,1
24,Male,70118,Master,Married,6,Southeast,Suburban,9,724.79,80.53,54,2,0.105,0.56,0,0.355,0.063,13,4.77,11,35.38,0,0,1
36,Male,58081,High School,Married,4,Southwest,Urban,7,391.4,55.91,35,6,0.225,0.565,0,0.226,0.082,5,3.65,10,27.04,1,1,0
46,Male,93230,Bachelor,Divorced,3,Southeast,Suburban,25,2643.85,105.75,16,2,0.021,0.63,1,0.464,0.047,6,6.66,11,35.54,1,1,0
41,Female,73066,Bachelor,Married,6,Southeast,Suburban,19,1144.25,60.22,14,4,0.144,0.34,0,0.27,0.114,11,4.21,7,21.59,1,0,0
44,Female,75566,Bachelor,Married,4,Northeast,Rural,9,712.14,79.13,68,2,0.036,0.638,0,0.362,0.145,5,8.17,7,29.8,1,0,0
31,Female,81422,Bachelor,Married,5,West,Urban,15,848.67,56.58,30,2,0.17,0.565,1,0.244,0.052,12,4.17,21,28.7,0,1,0
59,Female,102220,Bachelor,Divorced,2,Southwest,Urban,17,843.98,49.65,22,5,0.158,0.505,0,0.464,0.061,11,7.73,3,21.41,0,0,1
24,Male,83559,Bachelor,Single,3,Midwest,Rural,10,789.39,78.94,62,4,0.164,0.411,0,0.295,0.081,9,6.47,19,40.04,1,1,0
49,Male,53456,Bachelor,Divorced,4,West,Urban,17,351.02,20.65,37,3,0.12,0.395,1,0.217,0.026,11,6.8,11,10.89,1,1,0
59,Female,101376,Bachelor,Divorced,1,Southeast,Suburban,18,2226.08,123.67,24,2,0.162,0.5,1,0.218,0.026,11,16.15,7,14.02,1,1,0
49,Male,73823,High School,Single,2,Southwest,Suburban,15,897.42,59.83,34,5,0.105,0.771,1,0.348,0.15,12,6.51,7,27.07,1,0,0
38,Male,42715,High School,Widowed,2,Southeast,Suburban,7,348.61,49.8,44,1,0.12,0.365,0,0.24,0.076,8,4.04,7,1.9,0,1,0
34,Male,71573,Bachelor,Single,1,Southeast,Suburban,9,536.27,59.59,35,2,0.035,0.531,0,0.278,0.039,6,6.94,13,31.56,1,0,0
57,Female,101966,Bachelor,Widowed,3,West,Urban,12,1005.58,83.8,37,5,0.164,0.322,0,0.076,0.036,9,6.82,5,3.77,1,0,0
20,Male,59162,Master,Single,2,West,Rural,14,929.39,66.38,43,4,0.069,0.245,0,0.05,0.017,9,3.01,21,43.58,0,0,0
27,Female,68838,Bachelor,Married,2,Southeast,Urban,20,952.43,47.62,24,2,0.055,0.288,1,0.297,0.128,9,17.33,5,36.33,1,0,0
36,Male,67470,High School,Married,1,Northeast,Urban,8,120.0,15.0,48,1,0.134,0.448,1,0.293,0.106,10,12.68,10,30.7,1,0,0
60,Female,87534,Master,Divorced,2,Southeast,Suburban,24,1242.03,51.75,21,7,0.025,0.494,1,0.373,0.164,9,3.86,7,12.87,0,1,0
47,Male,76065,Bachelor,Single,1,Southwest,Urban,12,699.93,58.33,48,3,0.112,0.182,0,0.365,0.075,11,6.95,11,4.15,1,0,0
27,Male,96714,PhD,Single,2,Northeast,Suburban,15,1259.42,83.96,38,7,0.095,0.883,0,0.407,0.091,13,3.12,14,54.06,0,1,0
37,Male,73258,Master,Single,2,Southwest,Suburban,11,773.3,70.3,32,4,0.215,0.337,0,0.281,0.077,12,6.23,6,35.08,1,0,0
32,Female,53012,Bachelor,Divorced,1,West,Urban,7,500.99,71.57,86,3,0.202,0.691,0,0.32,0.106,9,11.13,20,38.52,1,1,0
31,Male,63374,Bachelor,Married,3,Northeast,Urban,2,57.66,28.83,63,1,0.049,0.459,0,0.222,0.037,5,7.9,8,31.61,1,1,0
56,Female,97424,Bachelor,Divorced,2,West,Urban,12,730.28,60.86,33,3,0.045,0.604,0,0.247,0.088,6,6.71,7,30.67,0,0,0
21,Female,52056,High School,Married,3,Northeast,Urban,9,424.88,47.21,67,6,0.129,0.688,0,0.197,0.095,9,4.38,15,38.47,1,0,0
66,Female,65478,High School,Widowed,1,Southwest,Urban,14,1305.1,93.22,37,2,0.125,0.728,0,0.242,0.108,7,6.29,6,21.35,0,1,1
54,Male,78582,High School,Single,3,West,Rural,25,3092.53,123.7,21,5,0.176,0.235,1,0.187,0.039,9,4.75,1,0.0,1,1,1
58,Male,89460,Master,Widowed,4,Midwest,Urban,27,1289.55,47.76,9,7,0.014,0.628,1,0.273,0.08,15,8.9,7,21.7,0,1,0
35,Male,44447,Bachelor,Single,2,Southeast,Urban,6,444.34,74.06,71,3,0.266,0.408,0,0.335,0.107,8,15.18,16,17.48,0,1,1
39,Female,51292,High School,Married,4,West,Urban,10,573.84,57.38,64,2,0.251,0.807,0,0.212,0.075,10,10.12,9,46.36,0,0,0
20,Female,88444,Master,Married,2,Northeast,Suburban,14,1194.84,85.35,19,3,0.058,0.264,0,0.269,0.102,4,4.39,22,44.62,0,1,0
34,Female,77639,Bachelor,Single,4,Midwest,Suburban,11,465.65,42.33,30,1,0.131,0.452,0,0.22,0.088,11,4.11,13,34.4,1,0,1
49,Female,79776,Bachelor,Single,1,Southeast,Rural,13,1260.86,96.99,28,2,0.077,0.658,0,0.253,0.108,8,23.57,8,20.35,0,1,0
61,Male,68149,High School,Married,2,Midwest,Suburban,18,353.75,19.65,19,4,0.142,0.654,1,0.272,0.038,9,4.06,5,7.47,0,0,0
25,Male,54753,Bachelor,Single,3,Midwest,Urban,16,497.32,31.08,30,3,0.172,0.651,1,0.193,0.085,15,3.06,13,44.25,0,0,1
36,Female,101031,PhD,Divorced,2,Midwest,Urban,28,2103.35,75.12,10,4,0.122,0.49,1,0.382,0.079,9,5.46,14,10.78,0,0,0
39,Male,40773,High School,Married,6,Southeast,Urban,14,539.3,38.52,30,2,0.164,0.495,0,0.05,0.012,5,4.19,12,54.74,0,0,0
21,Male,52178,Bachelor,Married,4,Southwest,Suburban,10,566.06,56.61,36,3,0.144,0.497,0,0.149,0.029,8,4.45,8,50.77,0,0,0
50,Female,62366,High School,Married,3,Northeast,Suburban,13,617.36,47.49,38,2,0.075,0.756,0,0.231,0.067,8,5.8,2,12.07,1,0,0
31,Male,45133,Bachelor,Widowed,1,Northeast,Urban,19,863.24,45.43,15,2,0.064,0.438,1,0.366,0.075,6,3.13,13,7.63,0,0,1
39,Female,59223,Bachelor,Married,1,Midwest,Rural,20,1118.47,55.92,23,4,0.179,0.599,1,0.302,0.109,6,6.35,9,42.5,1,0,1
35,Female,89757,Master,Divorced,5,Midwest,Rural,10,704.12,70.41,53,2,0.184,0.384,0,0.217,0.052,9,6.6,19,58.9,0,0,0
30,Female,94742,PhD,Single,1,Southeast,Rural,29,2329.94,80.34,18,4,0.225,0.471,1,0.251,0.096,12,8.18,16,18.23,0,1,1
41,Male,53768,High School,Married,4,Midwest,Urban,10,748.06,74.81,58,2,0.097,0.364,0,0.352,0.15,6,5.27,17,1.43,1,1,0
38,Male,57328,Bachelor,Single,4,Midwest,Urban,19,828.26,43.59,35,7,0.046,0.455,0,0.142,0.042,10,7.08,13,32.16,0,1,1
36,Female,93052,Bachelor,Married,4,Southeast,Urban,19,1966.12,103.48,32,1,0.065,0.411,1,0.143,0.053,8,5.74,8,0.0,1,0,0
31,Male,52830,Bachelor,Married,3,Southwest,Suburban,9,516.59,57.4,69,1,0.063,0.996,0,0.338,0.158,8,12.03,9,44.58,0,0,0
46,Male,81173,Bachelor,Married,2,West,Suburban,6,574.84,95.81,27,2,0.089,0.354,0,0.341,0.153,10,8.78,10,0.0,0,0,0
66,Male,71081,High School,Single,3,Midwest,Rural,11,645.59,58.69,43,2,0.113,0.577,0,0.189,0.047,6,3.44,10,18.8,1,1,0
44,Male,76344,Bachelor,Married,5,West,Urban,16,813.56,50.85,19,3,0.053,0.586,0,0.179,0.076,4,7.66,10,32.48,0,0,0
56,Male,92264,Bachelor,Married,1,Southeast,Suburban,15,1166.05,77.74,39,4,0.051,0.548,1,0.359,0.11,10,12.05,9,24.54,0,0,0
21,Female,51846,Master,Single,1,Southwest,Suburban,14,1500.81,107.2,42,5,0.029,0.496,1,0.162,0.034,9,3.33,16,57.17,1,0,0
44,Male,90700,Master,Married,3,Southwest,Urban,20,960.94,48.05,9,4,0.109,0.402,1,0.196,0.05,12,5.39,10,28.61,1,1,0
25,Male,63460,High School,Married,3,Southwest,Urban,9,677.49,75.28,50,3,0.156,0.486,0,0.125,0.041,9,8.15,16,46.77,1,1,0
19,Female,67222,High School,Single,6,West,Suburban,19,1276.04,67.16,32,4,0.068,0.368,1,0.255,0.088,10,11.17,10,27.35,1,0,0
30,Other,92649,PhD,Married,2,Southeast,Suburban,10,844.05,84.4,45,5,0.171,0.344,0,0.306,0.14,11,4.54,11,24.63,1,0,1
59,Male,88425,Bachelor,Married,3,Southeast,Rural,10,500.97,50.1,37,2,0.237,0.461,0,0.104,0.013,8,5.8,7,26.81,0,1,0
56,Male,133569,Master,Divorced,3,Northeast,Rural,16,1694.83,105.93,13,7,0.06,0.559,0,0.259,0.062,18,3.93,9,36.31,1,0,0
45,Female,78623,High School,Single,2,Southwest,Rural,12,902.64,75.22,44,5,0.1,0.311,0,0.186,0.036,11,4.08,11,41.34,1,0,0
19,Female,46540,Bachelor,Married,4,West,Suburban,13,306.78,23.6,15,1,0.122,0.592,0,0.199,0.028,16,5.23,18,37.85,1,1,0
39,Female,62515,Bachelor,Single,2,Southeast,Urban,15,958.24,63.88,31,2,0.094,0.675,0,0.301,0.05,3,7.85,8,23.86,1,1,0
46,Female,106748,Master,Married,2,Southeast,Rural,29,2276.93,78.51,22,5,0.115,0.363,1,0.288,0.067,13,3.23,9,49.0,1,0,0
44,Male,45634,High School,Single,2,Southwest,Rural,6,274.44,45.74,58,1,0.047,0.648,0,0.453,0.156,9,3.96,6,11.53,1,1,0
18,Female,71315,Bachelor,Married,4,Northeast,Suburban,15,971.17,64.74,37,2,0.089,0.563,0,0.07,0.027,10,6.61,20,37.1,1,1,0
28,Male,68014,Bachelor,Married,4,Southeast,Urban,9,771.84,85.76,62,1,0.045,0.227,0,0.279,0.083,10,6.97,11,53.51,0,1,0
41,Female,96165,Master,Single,1,Southeast,Suburban,11,959.7,87.25,15,3,0.102,0.232,0,0.545,0.074,2,4.5,11,25.66,1,0,1
50,Female,106748,PhD,Single,3,Midwest,Rural,13,812.58,62.51,48,2,0.088,0.875,0,0.174,0.071,11,5.19,10,19.11,1,1,1
18,Other,75552,PhD,Single,2,Midwest,Urban,21,1632.08,77.72,12,1,0.089,0.387,1,0.117,0.036,12,7.07,20,20.19,1,1,0
39,Male,123729,PhD,Single,4,Southeast,Suburban,21,1910.54,90.98,15,4,0.144,0.517,0,0.204,0.084,16,4.38,12,21.5,1,0,1
44,Male,57098,High School,Married,3,Midwest,Rural,18,832.03,46.22,34,5,0.12,0.245,1,0.315,0.063,8,3.94,14,27.19,0,1,0
54,Female,62635,High School,Divorced,3,West,Suburban,10,365.24,36.52,50,2,0.09,0.675,0,0.077,0.016,7,4.79,7,21.47,1,1,0
52,Female,65997,High School,Widowed,2,Northeast,Suburban,16,1266.21,79.14,22,2,0.155,0.188,0,0.127,0.023,10,3.69,8,37.23,1,0,0
50,Female,83495,Bachelor,Widowed,5,Southwest,Rural,20,1206.75,60.34,10,5,0.162,0.793,1,0.069,0.012,5,7.47,11,29.29,1,1,0
30,Male,64137,Master,Married,4,Midwest,Urban,18,1444.14,80.23,20,4,0.012,0.536,1,0.272,0.08,16,3.56,14,19.49,1,0,1
18,Male,61526,Master,Single,2,West,Urban,9,353.09,39.23,71,3,0.029,0.784,0,0.25,0.079,8,3.05,16,30.09,0,0,0
36,Female,45129,High School,Married,2,Southwest,Urban,12,1109.52,92.46,18,1,0.051,0.748,0,0.414,0.068,22,4.57,16,67.19,1,1,0
57,Male,98879,Bachelor,Married,1,Midwest,Urban,26,3434.97,132.11,23,2,0.12,0.275,1,0.119,0.059,18,11.44,5,24.93,1,1,0
62,Female,106910,PhD,Married,6,Southwest,Suburban,17,1603.11,94.3,20,8,0.138,0.382,1,0.224,0.066,14,3.85,3,59.83,0,0,1
52,Male,55863,Bachelor,Married,6,Southeast,Urban,23,1928.78,83.86,22,8,0.091,0.561,1,0.319,0.077,9,6.86,8,37.78,0,0,0
48,Female,34493,High School,Widowed,3,Midwest,Suburban,6,229.07,38.18,75,3,0.128,0.213,0,0.319,0.14,8,7.46,10,6.73,0,1,1
47,Female,56144,Bachelor,Divorced,3,Midwest,Suburban,18,846.47,47.03,18,5,0.033,0.393,1,0.309,0.131,11,12.0,9,0.0,0,0,0
33,Female,87423,Bachelor,Single,4,Midwest,Suburban,27,2635.0,97.59,7,4,0.069,0.73,1,0.156,0.03,19,4.39,10,34.5,0,1,0
40,Male,72843,Bachelor,Married,4,Northeast,Urban,19,1319.54,69.45,13,6,0.047,0.708,1,0.32,0.14,11,5.47,18,34.43,0,0,0
67,Female,101718,Bachelor,Divorced,3,Southeast,Urban,29,1549.13,53.42,16,3,0.4,0.424,1,0.363,0.077,12,6.2,3,32.55,0,0,1
27,Male,55247,High School,Married,4,Southeast,Urban,20,1183.38,59.17,33,5,0.106,0.3,1,0.05,0.006,12,3.44,14,35.66,1,0,0
66,Female,124242,PhD,Married,4,Southwest,Urban,21,1421.35,67.68,31,5,0.147,0.397,1,0.181,0.021,9,4.04,8,47.88,0,0,1
37,Male,69078,Bachelor,Married,3,West,Urban,14,851.7,60.84,16,3,0.198,0.231,0,0.287,0.089,12,11.38,10,42.82,1,0,1
61,Male,105067,Bachelor,Divorced,1,Southeast,Urban,21,2173.71,103.51,30,2,0.066,0.67,1,0.194,0.046,12,3.63,11,20.66,0,1,0
20,Male,88789,PhD,Single,1,Northeast,Suburban,22,2278.82,103.58,13,10,0.158,0.622,1,0.272,0.11,7,3.39,19,61.31,1,0,1
50,Male,86586,High School,Married,4,West,Urban,16,1261.1,78.82,40,5,0.146,0.56,0,0.355,0.111,10,7.49,12,16.9,0,0,0
30,Other,73912,Bachelor,Divorced,3,Southwest,Urban,16,1499.47,93.72,35,5,0.239,0.594,0,0.409,0.168,9,7.38,9,77.1,0,0,0
20,Male,62333,Master,Single,2,West,Urban,9,467.71,51.97,70,3,0.144,0.771,0,0.163,0.061,6,6.29,21,30.58,1,1,0
45,Female,69142,Bachelor,Single,2,Northeast,Rural,20,1971.7,98.58,20,5,0.182,0.635,1,0.137,0.068,7,5.66,9,38.14,1,1,0
57,Other,90288,Master,Divorced,2,West,Urban,22,1335.07,60.69,25,7,0.081,0.752,1,0.423,0.124,7,4.07,6,39.35,0,0,0
29,Male,82063,Bachelor,Married,5,West,Urban,11,603.32,54.85,48,6,0.18,0.809,0,0.206,0.049,15,5.89,13,17.54,1,0,0
19,Female,34724,High School,Married,5,Northeast,Suburban,8,305.15,38.14,50,5,0.342,0.576,0,0.122,0.021,7,3.08,10,39.45,1,0,0
40,Male,60622,Bachelor,Single,2,Northeast,Suburban,22,997.97,45.36,31,2,0.152,0.528,0,0.462,0.168,14,5.18,10,32.34,0,0,0
40,Male,62396,High School,Widowed,2,Southeast,Suburban,13,930.1,71.55,22,3,0.084,0.432,0,0.419,0.132,7,3.7,8,14.52,0,0,0
50,Male,94142,Master,Married,2,Southeast,Suburban,15,1531.74,102.12,45,2,0.074,0.474,0,0.232,0.089,17,7.34,8,27.87,1,0,0
56,Female,89818,Bachelor,Married,5,West,Suburban,23,1730.04,75.22,26,4,0.069,0.343,1,0.05,0.021,11,3.06,10,12.52,0,0,0
41,Male,131747,PhD,Married,6,Southeast,Suburban,17,1735.69,102.1,28,5,0.189,0.286,1,0.381,0.137,15,6.1,8,43.89,0,0,1
69,Female,124496,Master,Married,2,Southwest,Urban,28,1808.78,64.6,7,6,0.02,0.702,1,0.052,0.022,20,13.97,4,8.22,1,0,1
45,Female,62005,High School,Married,2,West,Urban,19,1195.63,62.93,16,6,0.045,0.384,1,0.28,0.052,12,7.5,11,13.56,0,0,0
36,Female,63273,Master,Divorced,4,Southeast,Rural,10,970.51,97.05,58,1,0.095,0.495,0,0.359,0.165,10,7.94,12,5.85,0,1,1
18,Male,47500,Bachelor,Single,2,Southwest,Suburban,12,984.05,82.0,44,2,0.209,0.325,0,0.161,0.031,14,8.29,14,69.45,0,0,0
38,Female,81665,Bachelor,Married,2,Northeast,Suburban,14,685.12,48.94,47,2,0.138,0.561,0,0.311,0.073,9,3.36,16,0.0,1,0,0
36,Female,66834,Master,Single,4,Southeast,Urban,11,601.2,54.65,33,3,0.043,0.552,1,0.294,0.044,9,5.28,6,38.97,0,0,0
56,Female,117514,Bachelor,Single,1,West,Rural,21,3294.64,156.89,30,7,0.088,0.238,0,0.481,0.082,11,3.88,4,38.99,0,1,1
48,Female,79216,Bachelor,Single,2,Northeast,Urban,19,1481.43,77.97,32,1,0.094,0.426,1,0.242,0.092,6,5.14,4,50.13,0,1,0
24,Female,60532,Bachelor,Divorced,3,Southeast,Urban,17,1539.73,90.57,39,5,0.308,0.424,0,0.273,0.043,9,8.37,14,38.77,0,0,0
44,Male,65800,Bachelor,Married,4,West,Suburban,15,1421.63,94.78,20,2,0.082,0.365,1,0.287,0.142,12,3.49,11,25.6,1,0,1
52,Male,74651,High School,Widowed,1,Southwest,Suburban,19,855.2,45.01,22,2,0.213,0.51,1,0.195,0.093,12,6.03,8,17.69,1,1,1
64,Male,74429,Bachelor,Single,4,Southwest,Rural,10,816.92,81.69,20,2,0.16,0.373,0,0.335,0.043,6,7.6,11,22.23,0,0,1
55,Male,102073,High School,Divorced,2,West,Urban,12,1017.39,84.78,38,5,0.064,0.592,0,0.164,0.068,11,4.53,4,14.46,1,1,0
53,Male,87760,High School,Single,3,Northeast,Suburban,12,1304.56,108.71,44,5,0.064,0.47,0,0.228,0.057,8,6.79,4,31.3,0,1,0
42,Male,73964,High School,Married,2,West,Urban,15,1593.38,106.23,19,6,0.139,0.648,0,0.242,0.102,6,3.06,10,11.24,0,0,0
47,Male,57343,Bachelor,Married,6,West,Suburban,23,966.83,42.04,11,3,0.009,0.212,1,0.249,0.031,15,5.03,14,28.56,0,1,0
60,Other,91681,Bachelor,Single,3,Northeast,Suburban,18,2604.08,144.67,28,5,0.115,0.398,0,0.294,0.103,7,3.41,5,19.57,0,1,0
22,Male,91336,Master,Single,3,Midwest,Suburban,11,869.53,79.05,33,3,0.228,0.581,0,0.177,0.068,11,4.46,16,29.37,1,1,0
36,Female,78296,Bachelor,Married,3,Southeast,Urban,21,1717.67,81.79,18,4,0.136,0.785,1,0.258,0.113,11,3.1,6,22.04,0,0,0
30,Female,49568,Bachelor,Married,4,Northeast,Suburban,12,180.0,15.0,33,4,0.287,0.258,1,0.33,0.15,6,3.55,20,44.67,1,0,0
47,Female,68448,Bachelor,Married,2,Southeast,Suburban,13,1097.07,84.39,33,3,0.092,0.19,0,0.313,0.033,9,5.54,9,27.78,1,0,0
60,Female,81820,Bachelor,Divorced,6,Southwest,Suburban,21,584.37,27.83,13,4,0.065,0.405,1,0.13,0.052,11,5.04,5,25.12,1,0,0
33,Male,57948,Bachelor,Widowed,1,West,Suburban,12,673.15,56.1,38,5,0.105,0.552,0,0.394,0.062,5,11.41,15,32.73,0,0,0
18,Male,107931,PhD,Single,3,Midwest,Suburban,22,1603.97,72.91,9,2,0.178,0.52,0,0.161,0.051,13,3.81,13,41.92,1,0,1
35,Male,69784,PhD,Married,2,West,Rural,11,816.36,74.21,20,1,0.023,0.218,0,0.286,0.071,6,4.48,8,45.65,1,0,1
55,Male,109438,Master,Divorced,4,Northeast,Suburban,21,1854.42,88.31,26,1,0.044,0.29,0,0.379,0.072,14,3.78,10,21.83,0,0,1
50,Female,91215,PhD,Married,4,Southeast,Rural,15,1310.19,87.35,36,1,0.135,0.627,0,0.256,0.057,8,16.6,5,21.85,0,0,0
48,Female,64581,Bachelor,Single,3,West,Urban,6,523.25,87.21,46,2,0.113,0.628,0,0.395,0.081,11,21.84,6,13.62,0,0,0
37,Male,40053,Bachelor,Divorced,2,West,Urban,4,119.79,29.95,56,1,0.128,0.491,0,0.155,0.03,4,6.93,13,30.12,0,0,0
22,Male,64964,Master,Single,1,Southeast,Suburban,13,759.12,58.39,15,3,0.038,0.248,0,0.165,0.06,16,3.28,21,32.58,0,0,0
49,Male,102460,Bachelor,Single,3,Midwest,Urban,13,836.18,64.32,29,4,0.286,0.449,0,0.392,0.093,9,4.59,8,41.93,0,0,0
29,Male,82772,Master,Single,1,Southeast,Suburban,27,1430.24,52.97,16,2,0.068,0.433,1,0.284,0.13,11,9.42,21,31.46,1,0,1
74,Female,96824,Master,Single,1,Midwest,Urban,22,2575.45,117.07,29,6,0.028,0.815,1,0.402,0.127,16,6.08,4,24.21,0,1,0
50,Male,125857,PhD,Single,2,West,Rural,25,1688.75,67.55,7,7,0.089,0.475,0,0.177,0.054,7,6.3,8,1.25,1,1,1
33,Female,85469,Bachelor,Single,3,Southwest,Suburban,17,956.97,56.29,22,4,0.155,0.781,0,0.207,0.097,13,15.51,12,33.71,0,0,0
32,Male,82760,Master,Married,4,Southeast,Suburban,19,2190.04,115.27,20,3,0.133,0.231,1,0.185,0.084,15,3.36,6,38.6,1,1,1
40,Male,103121,Bachelor,Married,3,Southeast,Suburban,17,1343.4,79.02,37,2,0.188,0.467,0,0.194,0.022,9,13.18,12,27.86,0,0,1
38,Female,83323,Bachelor,Single,2,Southeast,Urban,23,1618.57,70.37,12,4,0.118,0.627,1,0.399,0.137,25,11.45,8,54.67,1,0,1
58,Female,97239,Bachelor,Divorced,1,West,Rural,15,1299.45,86.63,13,1,0.067,0.582,0,0.225,0.077,7,4.5,4,0.0,0,1,0
44,Other,78749,Master,Single,1,Midwest,Suburban,9,407.48,45.28,39,3,0.074,0.766,0,0.356,0.167,10,4.67,10,31.57,0,0,0
31,Female,104810,PhD,Single,2,West,Urban,19,1215.31,63.96,25,2,0.042,0.215,1,0.307,0.118,15,3.75,13,39.28,1,0,1
70,Male,84851,High School,Married,3,West,Rural,9,540.84,60.09,65,2,0.106,0.418,0,0.285,0.08,15,3.31,6,42.21,1,1,0
42,Male,81997,Bachelor,Married,4,Southeast,Suburban,19,1745.02,91.84,16,3,0.218,0.652,0,0.189,0.023,10,5.09,12,42.36,0,1,0
53,Female,72731,Bachelor,Married,3,West,Suburban,25,1994.92,79.8,12,5,0.163,0.489,1,0.36,0.048,18,4.22,7,17.61,1,0,1
32,Female,98121,PhD,Married,4,Midwest,Rural,23,1528.48,66.46,15,5,0.024,0.488,1,0.24,0.069,10,5.6,11,51.16,0,0,0
47,Female,65947,Bachelor,Married,3,Southeast,Rural,12,723.64,60.3,19,2,0.236,0.39,0,0.397,0.196,18,12.28,13,24.19,1,0,0
46,Male,30193,High School,Married,6,Southeast,Rural,22,1335.08,60.69,31,4,0.099,0.466,1,0.238,0.118,12,3.12,11,4.55,0,1,1
18,Other,69974,Bachelor,Married,2,West,Suburban,28,484.12,17.29,16,7,0.142,0.573,1,0.268,0.078,13,6.07,15,30.46,1,0,1
72,Male,75664,Bachelor,Married,2,Midwest,Suburban,17,1255.91,73.88,18,5,0.027,0.666,0,0.308,0.14,10,5.79,3,0.0,0,0,1
61,Female,76007,High School,Married,6,Southwest,Urban,11,914.79,83.16,31,5,0.259,0.542,0,0.099,0.018,5,7.83,8,0.0,1,0,0
36,Female,74395,Bachelor,Single,5,Midwest,Rural,15,732.43,48.83,41,5,0.069,0.35,0,0.177,0.04,13,14.1,16,9.09,0,0,0
25,Male,95498,PhD,Married,3,Southeast,Urban,17,1542.78,90.75,30,5,0.108,0.413,0,0.236,0.06,8,4.54,14,44.87,0,0,0
47,Female,88953,Master,Single,1,West,Suburban,12,897.32,74.78,37,4,0.11,0.325,1,0.269,0.102,4,4.25,5,57.14,0,0,0
43,Male,64068,High School,Married,2,West,Rural,15,1473.72,98.25,36,6,0.041,0.794,0,0.253,0.109,9,4.12,8,23.94,0,0,0
47,Other,115264,PhD,Married,3,Northeast,Rural,18,1389.07,77.17,31,3,0.134,0.358,0,0.207,0.053,14,4.47,9,0.0,1,0,0
44,Male,86824,Bachelor,Married,6,Southeast,Rural,12,1022.76,85.23,22,1,0.065,0.312,0,0.431,0.123,9,3.51,6,14.87,1,0,1
49,Female,90801,High School,Divorced,2,Midwest,Suburban,14,644.01,46.0,17,4,0.13,0.464,0,0.311,0.04,13,3.02,10,45.74,1,0,1
63,Male,79512,High School,Widowed,2,Southeast,Urban,16,1140.16,71.26,41,5,0.226,0.516,0,0.175,0.037,9,3.84,4,17.33,1,0,0
50,Female,66560,High School,Married,5,West,Rural,14,1114.2,79.59,18,4,0.09,0.471,0,0.194,0.082,11,9.43,4,29.75,0,0,0
26,Female,62799,Master,Single,1,Northeast,Suburban,18,916.05,50.89,22,3,0.195,0.391,1,0.235,0.027,12,6.87,19,30.66,0,1,0
62,Male,81739,High School,Divorced,1,West,Rural,16,1492.18,93.26,42,5,0.163,0.572,1,0.262,0.105,10,5.59,7,23.65,0,0,1
66,Male,88410,High School,Married,5,Midwest,Suburban,19,1759.57,92.61,20,3,0.045,0.439,1,0.307,0.093,14,9.86,5,30.59,0,1,1
80,Female,116715,Master,Married,5,Southeast,Rural,21,1915.91,91.23,21,8,0.11,0.584,1,0.156,0.033,5,4.19,4,10.32,0,0,1
25,Male,68769,Bachelor,Married,5,Southeast,Suburban,23,1356.06,58.96,25,3,0.05,0.335,1,0.169,0.048,11,8.98,13,58.1,0,0,0
45,Female,87212,Master,Married,4,Southeast,Rural,10,150.0,15.0,33,3,0.127,0.5,0,0.257,0.072,10,3.27,11,23.99,0,1,1
18,Male,80064,Master,Divorced,2,Southeast,Urban,24,1369.43,57.06,16,6,0.113,0.436,1,0.288,0.141,13,9.65,23,61.44,1,1,0
50,Female,79289,High School,Married,4,Southwest,Rural,9,824.95,91.66,36,4,0.107,0.699,0,0.378,0.144,9,7.12,7,25.46,1,1,0
33,Male,95479,Master,Married,2,Southeast,Urban,14,1011.8,72.27,22,3,0.072,0.464,0,0.314,0.083,7,14.99,15,10.84,1,1,1
70,Male,83367,High School,Married,3,Southwest,Urban,12,968.65,80.72,33,3,0.025,0.341,1,0.23,0.109,5,6.49,5,30.47,1,0,0
30,Male,49000,Bachelor,Divorced,2,Midwest,Suburban,9,406.98,45.22,59,2,0.121,0.319,0,0.229,0.107,1,3.02,11,23.86,0,1,0
18,Male,45821,Bachelor,Single,4,Northeast,Suburban,2,48.75,24.37,219,3,0.04,0.346,0,0.307,0.094,8,4.76,14,34.77,1,0,0
34,Male,76727,Bachelor,Married,3,Midwest,Suburban,17,1416.46,83.32,24,6,0.108,0.218,0,0.165,0.078,11,5.13,16,46.46,0,1,0
18,Female,121732,PhD,Divorced,3,Southwest,Urban,14,928.19,66.3,23,1,0.086,0.565,0,0.341,0.118,8,3.65,14,49.02,0,1,0
53,Female,77889,Bachelor,Married,2,Southeast,Suburban,18,1146.59,63.7,35,7,0.081,0.548,1,0.238,0.093,9,7.1,5,16.35,0,1,0
18,Female,46837,High School,Single,1,Southwest,Rural,12,728.47,60.71,28,1,0.135,0.72,0,0.302,0.086,10,5.9,11,60.55,1,0,0
42,Female,95859,PhD,Married,2,Southeast,Suburban,17,1094.2,64.36,33,2,0.038,0.822,1,0.164,0.057,10,8.9,15,37.12,0,1,0
18,Male,40390,Bachelor,Single,4,Northeast,Suburban,8,652.82,81.6,65,3,0.011,0.464,0,0.23,0.059,8,3.37,23,42.96,1,0,0
37,Female,60055,Bachelor,Single,2,Southeast,Suburban,7,696.32,99.47,26,3,0.238,0.457,0,0.146,0.024,11,7.52,15,35.92,1,1,0
66,Male,62162,Bachelor,Married,5,Southeast,Rural,3,134.67,44.89,69,1,0.051,0.865,0,0.219,0.053,9,5.7,7,5.3,0,0,0
47,Female,113501,Master,Married,5,Southwest,Rural,22,1569.58,71.34,21,4,0.053,0.523,1,0.326,0.084,14,7.02,9,27.68,1,1,0
29,Male,20000,High School,Single,2,Midwest,Urban,17,530.91,31.23,36,4,0.09,0.549,1,0.256,0.105,7,12.41,7,35.36,0,1,0
41,Male,69442,Bachelor,Married,4,Northeast,Urban,13,1141.17,87.78,36,5,0.024,0.69,0,0.29,0.076,8,8.07,14,28.88,1,0,0
42,Male,56528,Bachelor,Married,2,Southwest,Urban,18,1223.69,67.98,31,7,0.064,0.737,1,0.209,0.061,12,3.55,7,22.98,0,1,0
49,Female,51534,High School,Widowed,3,Midwest,Suburban,19,1344.95,70.79,29,4,0.047,0.538,1,0.261,0.106,14,4.36,10,32.66,1,0,0
21,Male,93047,Master,Single,4,Southeast,Suburban,15,1542.45,102.83,28,3,0.016,0.557,0,0.352,0.11,5,12.14,16,60.4,0,0,1
50,Female,83616,Bachelor,Single,1,West,Suburban,18,966.54,53.7,25,3,0.082,0.64,0,0.15,0.036,10,4.44,11,12.51,0,0,1
18,Male,40519,Bachelor,Single,1,Northeast,Suburban,14,844.4,60.31,14,7,0.03,0.436,1,0.395,0.041,10,4.47,19,69.74,1,0,0
32,Female,42357,High School,Married,3,West,Suburban,9,469.84,52.2,69,6,0.115,0.688,0,0.334,0.133,6,7.45,10,17.04,1,0,0
34,Female,71317,Master,Married,3,Southeast,Urban,8,594.08,74.26,61,1,0.08,0.686,0,0.297,0.139,8,3.74,12,42.92,1,1,0
51,Male,95746,Master,Married,5,Midwest,Suburban,13,1311.13,100.86,19,3,0.193,0.477,0,0.38,0.039,7,6.7,8,0.0,0,1,0
42,Female,76793,Bachelor,Married,3,West,Urban,13,849.71,65.36,22,2,0.044,0.525,0,0.354,0.13,5,6.96,14,23.56,1,0,0
20,Female,85033,Bachelor,Single,5,Southwest,Rural,17,995.89,58.58,10,3,0.072,0.767,0,0.168,0.051,12,8.24,10,44.92,1,1,0
27,Female,33455,Bachelor,Single,1,Northeast,Suburban,4,102.82,25.71,65,6,0.016,0.427,0,0.165,0.071,10,8.6,17,38.87,1,0,1
44,Female,75277,Bachelor,Married,2,Midwest,Suburban,19,1951.72,102.72,17,5,0.147,0.271,1,0.254,0.042,9,9.0,9,42.43,0,1,0
40,Female,52866,High School,Married,6,Southeast,Urban,21,1167.44,55.59,25,5,0.06,0.309,1,0.286,0.069,11,11.92,8,15.86,0,0,1
33,Female,81198,Bachelor,Married,5,Midwest,Suburban,17,735.11,43.24,24,2,0.139,0.567,0,0.442,0.061,8,3.03,9,37.36,1,0,1
34,Male,73122,Bachelor,Married,3,Southwest,Suburban,12,1130.65,94.22,49,1,0.096,0.934,0,0.25,0.052,7,7.63,12,0.23,1,0,0
52,Female,121055,PhD,Married,3,Midwest,Urban,14,788.6,56.33,15,7,0.051,0.286,0,0.436,0.127,8,6.67,10,50.56,0,0,0
34,Male,72976,Bachelor,Divorced,3,Northeast,Suburban,26,922.73,35.49,21,4,0.127,0.526,1,0.151,0.07,12,3.15,13,0.0,1,0,1
40,Male,73620,Master,Divorced,2,Midwest,Urban,12,725.88,60.49,50,6,0.044,0.492,0,0.309,0.057,11,5.53,12,55.06,1,0,1
74,Female,117968,Bachelor,Married,3,Northeast,Suburban,21,1638.99,78.05,18,2,0.069,0.575,1,0.081,0.031,13,16.26,4,10.23,0,0,1
20,Male,98577,PhD,Single,2,Southeast,Suburban,16,1368.43,85.53,20,5,0.07,0.451,0,0.05,0.019,13,5.48,11,24.91,1,0,0
18,Male,68732,Bachelor,Single,2,Midwest,Suburban,9,232.55,25.84,42,4,0.135,0.595,0,0.441,0.065,11,4.98,18,46.21,0,0,0
53,Female,101960,Bachelor,Married,4,Southwest,Suburban,12,1050.02,87.5,47,1,0.083,0.386,0,0.366,0.179,16,4.01,5,15.45,1,0,1
31,Female,86665,Master,Married,2,Midwest,Urban,21,2076.91,98.9,31,2,0.319,0.376,1,0.307,0.052,7,12.29,14,40.53,0,1,1
37,Female,77414,High School,Married,2,Northeast,Urban,16,785.1,49.07,12,3,0.114,0.24,0,0.463,0.057,10,3.14,11,26.29,1,0,0
30,Female,55264,High School,Married,1,West,Urban,16,801.04,50.06,27,2,0.098,0.581,0,0.384,0.187,10,7.97,13,18.12,0,1,0
38,Female,52714,High School,Married,2,Southwest,Urban,21,846.85,40.33,24,6,0.044,0.488,1,0.439,0.11,9,4.15,8,29.21,1,1,1
65,Male,107500,Master,Widowed,4,Southeast,Suburban,18,1622.84,90.16,10,2,0.133,0.383,0,0.323,0.069,15,8.57,8,43.27,1,0,1
54,Male,68442,High School,Divorced,3,West,Suburban,16,683.39,42.71,16,5,0.082,0.49,0,0.414,0.09,7,9.92,12,23.89,0,1,0
54,Female,91009,Master,Married,6,West,Suburban,16,823.82,51.49,12,5,0.15,0.501,0,0.192,0.02,13,6.51,7,25.1,0,0,1
20,Male,81078,Bachelor,Single,1,Northeast,Rural,14,945.24,67.52,22,4,0.059,0.348,0,0.156,0.058,12,3.04,11,21.17,1,0,1
24,Female,49244,High School,Single,1,Southwest,Suburban,19,1165.89,61.36,14,2,0.098,0.394,1,0.305,0.123,9,5.22,27,28.66,0,0,0
18,Female,56421,Bachelor,Married,2,Midwest,Suburban,21,1285.63,61.22,20,7,0.14,0.58,1,0.381,0.106,9,4.42,5,52.17,0,1,0
29,Male,69624,Bachelor,Single,1,Southeast,Urban,12,672.24,56.02,41,5,0.357,0.786,0,0.263,0.049,7,7.35,12,29.84,0,1,0
56,Female,130097,Bachelor,Married,3,Southeast,Suburban,26,2818.79,108.42,23,3,0.01,0.381,1,0.45,0.126,14,11.02,8,42.26,1,0,1
49,Female,62824,Bachelor,Married,6,Midwest,Urban,22,1452.42,66.02,15,1,0.148,0.555,1,0.05,0.024,17,12.65,6,39.28,1,0,0
38,Male,58324,Bachelor,Married,3,Southeast,Suburban,8,286.22,35.78,23,3,0.041,0.475,0,0.376,0.062,7,4.1,16,13.01,0,0,0
41,Other,37691,High School,Married,2,West,Rural,18,270.0,15.0,9,1,0.118,0.435,0,0.43,0.055,13,5.32,7,14.31,1,0,0
31,Female,76911,Master,Single,2,Northeast,Suburban,24,1893.31,78.89,25,8,0.334,0.659,1,0.279,0.068,16,11.48,15,11.25,1,0,1
45,Male,95282,Master,Married,5,West,Urban,29,2102.77,72.51,22,5,0.058,0.612,1,0.348,0.161,16,5.55,5,18.62,0,0,1
53,Female,91020,Master,Single,1,West,Rural,23,1226.15,53.31,9,2,0.083,0.276,1,0.203,0.05,13,3.61,11,37.84,1,0,1
18,Female,61904,Master,Single,1,Southwest,Urban,8,747.67,93.46,20,5,0.15,0.619,0,0.147,0.057,5,5.6,14,58.18,1,0,0
46,Female,64536,High School,Married,5,Southeast,Rural,13,1229.35,94.57,44,3,0.141,0.266,0,0.432,0.05,7,6.78,7,14.96,1,0,0
55,Female,92068,Master,Married,6,Southwest,Rural,9,913.55,101.51,53,2,0.121,0.449,0,0.23,0.054,8,10.59,6,31.29,0,0,0
35,Female,73252,Bachelor,Married,5,Midwest,Suburban,16,1138.4,71.15,28,4,0.025,0.387,0,0.53,0.177,5,3.98,7,42.48,0,0,1
52,Male,83913,High School,Divorced,1,Southwest,Urban,16,240.0,15.0,27,2,0.052,0.515,0,0.204,0.063,6,15.42,3,18.49,0,0,1
80,Female,129755,Master,Divorced,3,Southeast,Rural,27,3196.34,118.38,21,7,0.086,0.549,0,0.057,0.018,13,9.02,3,37.54,0,0,1
40,Female,115815,PhD,Single,2,West,Suburban,6,416.98,69.5,49,5,0.133,0.518,0,0.193,0.052,6,4.26,9,62.09,1,1,0
47,Male,94488,Bachelor,Married,4,Northeast,Urban,7,462.43,66.06,49,1,0.186,0.553,0,0.247,0.086,7,18.21,20,37.91,0,0,1
30,Male,68842,Bachelor,Single,2,Southwest,Suburban,28,2307.35,82.41,7,5,0.264,0.519,1,0.159,0.068,16,14.36,6,61.16,1,0,0
44,Other,73420,Bachelor,Married,3,West,Suburban,12,1288.16,107.35,37,4,0.099,0.482,0,0.304,0.04,5,8.42,9,50.34,1,0,0
48,Female,67416,Bachelor,Married,4,Southwest,Urban,13,1228.88,94.53,50,5,0.202,0.561,0,0.233,0.059,14,6.27,9,10.92,0,0,0
44,Female,84932,Master,Single,5,Southeast,Urban,13,986.95,75.92,24,1,0.137,0.482,0,0.433,0.168,16,13.16,7,23.12,1,0,0
26,Female,38544,High School,Widowed,4,Southeast,Urban,8,512.41,64.05,76,1,0.248,0.431,0,0.225,0.094,8,5.34,12,48.72,0,0,0
45,Female,102575,Master,Single,6,Midwest,Urban,26,1538.5,59.17,21,5,0.109,0.48,1,0.25,0.087,16,5.22,7,38.26,0,1,0
63,Female,96201,Bachelor,Divorced,3,Southeast,Urban,12,547.78,45.65,23,3,0.006,0.507,0,0.327,0.084,16,4.9,8,20.37,0,0,0
48,Female,104451,Master,Divorced,5,Northeast,Urban,27,2803.27,103.82,19,7,0.077,0.603,1,0.289,0.06,19,9.96,9,14.8,0,0,1
56,Male,97994,PhD,Widowed,1,Northeast,Urban,17,1452.63,85.45,21,4,0.049,0.569,0,0.129,0.038,9,3.68,7,32.94,1,0,0
38,Female,92476,Bachelor,Married,4,Southwest,Urban,17,803.62,47.27,13,4,0.156,0.456,0,0.223,0.053,13,3.28,9,45.99,1,1,0
53,Female,76595,Bachelor,Widowed,1,Northeast,Rural,17,1144.74,67.34,12,5,0.015,0.279,1,0.162,0.06,11,4.47,12,15.29,1,0,0
46,Female,75899,Master,Widowed,2,West,Suburban,15,1204.33,80.29,11,4,0.163,0.63,1,0.371,0.143,8,14.53,11,22.92,1,1,0
27,Female,55611,Bachelor,Single,2,Midwest,Suburban,18,1366.94,75.94,32,6,0.223,0.524,0,0.472,0.147,9,5.45,9,36.87,1,0,1
46,Female,114656,Bachelor,Married,1,Southwest,Suburban,28,2796.96,99.89,22,3,0.224,0.573,1,0.281,0.119,12,4.47,11,15.28,0,0,0
27,Male,56384,Bachelor,Single,3,Northeast,Urban,17,865.78,50.93,24,1,0.026,0.288,1,0.326,0.049,10,3.22,10,22.75,1,1,0
32,Male,61323,Bachelor,Married,6,West,Rural,7,305.86,43.69,58,2,0.13,0.648,0,0.26,0.118,11,7.35,13,14.64,0,1,0
44,Male,87918,Master,Married,5,Northeast,Suburban,23,1754.93,76.3,23,3,0.117,0.379,1,0.296,0.045,11,6.06,10,52.24,1,0,0
46,Male,60170,High School,Single,1,Northeast,Suburban,8,609.02,76.13,62,3,0.051,0.447,0,0.398,0.149,6,9.28,11,20.73,1,1,0
24,Other,78077,PhD,Married,6,Northeast,Rural,19,1655.73,87.14,17,5,0.109,0.346,0,0.164,0.043,8,5.08,7,41.35,0,0,1
57,Male,88348,Bachelor,Single,3,Northeast,Suburban,20,2115.61,105.78,12,1,0.087,0.5,1,0.193,0.054,11,8.43,2,18.28,1,1,1
50,Male,111733,Master,Divorced,4,Midwest,Urban,22,1904.46,86.57,18,4,0.148,0.542,0,0.346,0.162,11,3.8,8,26.63,0,1,0
31,Female,70114,Bachelor,Single,1,West,Rural,7,299.96,42.85,70,2,0.028,0.794,0,0.269,0.084,10,7.93,14,32.92,1,1,0
18,Female,38332,Bachelor,Single,4,Southeast,Rural,9,638.06,70.9,62,2,0.086,0.207,0,0.277,0.045,2,4.18,16,43.69,0,1,1
39,Male,66634,Bachelor,Single,2,Southwest,Rural,12,779.72,64.98,17,1,0.158,0.563,0,0.376,0.144,7,9.78,10,32.72,1,0,1
35,Female,75327,Master,Married,6,West,Urban,11,462.1,42.01,42,7,0.217,0.534,0,0.187,0.084,9,7.06,7,42.5,0,0,0
43,Female,75794,Bachelor,Married,5,West,Rural,15,1205.57,80.37,13,3,0.212,0.702,0,0.197,0.092,7,5.38,9,13.4,0,0,0
36,Male,104356,Master,Married,4,Northeast,Suburban,20,2208.31,110.42,30,2,0.185,0.547,0,0.504,0.132,12,3.55,11,10.64,0,0,1
18,Male,52766,Bachelor,Single,3,Northeast,Suburban,4,256.17,64.04,109,1,0.199,0.473,0,0.293,0.125,5,4.12,6,49.01,1,0,0
36,Female,68077,Bachelor,Divorced,1,Northeast,Urban,11,1017.72,92.52,46,3,0.136,0.214,0,0.402,0.158,4,3.71,13,37.02,1,0,0
37,Female,111864,Master,Single,1,Southeast,Urban,16,1219.87,76.24,35,1,0.06,0.332,1,0.491,0.225,7,4.89,11,56.06,1,0,1
51,Female,79543,High School,Divorced,5,Midwest,Urban,17,938.75,55.22,25,4,0.077,0.373,1,0.357,0.142,11,4.05,9,29.78,0,1,0
31,Male,74011,Bachelor,Single,2,Midwest,Suburban,8,672.77,84.1,38,7,0.162,0.716,0,0.05,0.022,13,5.02,12,54.25,0,1,1
67,Male,123571,Bachelor,Single,3,Southeast,Urban,22,1864.07,84.73,26,6,0.071,0.533,0,0.379,0.101,8,14.38,2,7.59,0,1,1
18,Female,62347,Bachelor,Single,1,Midwest,Urban,12,1023.33,85.28,46,3,0.15,0.238,0,0.132,0.039,11,3.21,16,35.22,0,0,0
61,Male,59602,Bachelor,Widowed,4,Southeast,Rural,11,695.38,63.22,21,5,0.221,0.535,0,0.339,0.062,10,3.56,4,26.09,0,0,0
38,Male,83489,Bachelor,Single,1,Southeast,Suburban,21,2018.49,96.12,30,7,0.029,0.65,1,0.195,0.07,13,5.92,13,0.0,0,0,0
54,Female,44919,High School,Widowed,1,Northeast,Suburban,8,520.68,65.08,33,2,0.057,0.291,0,0.215,0.031,6,8.41,8,20.85,0,1,0
43,Male,96780,Master,Widowed,1,Midwest,Suburban,15,905.83,60.39,21,2,0.098,0.444,0,0.38,0.08,13,4.35,13,8.32,0,0,1
59,Female,92093,PhD,Married,3,Southwest,Suburban,11,398.38,36.22,25,7,0.163,0.349,0,0.29,0.112,9,9.4,14,3.24,0,0,0
36,Female,62397,Bachelor,Married,4,Southwest,Urban,17,1306.23,76.84,39,3,0.105,0.46,1,0.27,0.125,12,4.0,9,23.01,1,0,0
25,Male,55143,Bachelor,Married,3,West,Suburban,11,757.62,68.87,28,1,0.087,0.552,0,0.106,0.045,9,13.61,21,40.49,1,1,1
63,Female,64448,High School,Married,2,Southwest,Suburban,12,502.38,41.86,54,2,0.053,0.262,0,0.248,0.082,11,6.23,3,0.0,1,0,0
40,Male,82367,Master,Single,2,Southeast,Urban,22,1917.41,87.16,23,1,0.123,0.665,1,0.546,0.258,8,4.09,9,18.06,0,1,0
45,Female,92088,Bachelor,Married,6,Southeast,Urban,14,1453.99,103.86,18,2,0.263,0.892,0,0.406,0.144,9,6.17,9,5.46,1,0,0
60,Male,77890,Bachelor,Divorced,2,West,Suburban,18,986.38,54.8,25,3,0.166,0.444,1,0.168,0.031,11,13.68,8,2.89,1,0,0
26,Male,99577,PhD,Married,5,West,Suburban,22,904.59,41.12,28,11,0.067,0.537,1,0.286,0.078,10,10.24,14,41.07,1,0,1
50,Female,66115,Bachelor,Married,2,West,Urban,9,742.23,82.47,49,1,0.073,0.494,0,0.272,0.122,6,6.08,5,26.11,1,0,0
33,Male,79157,Master,Single,4,Southwest,Suburban,16,1520.43,95.03,15,3,0.146,0.4,0,0.257,0.121,13,3.72,14,25.64,1,1,0
40,Female,77457,Bachelor,Divorced,2,Southeast,Urban,13,702.66,54.05,24,1,0.063,0.536,0,0.148,0.069,8,14.43,15,0.0,0,0,1
43,Male,45052,High School,Single,1,West,Suburban,11,748.07,68.01,25,4,0.088,0.613,1,0.322,0.038,10,11.37,13,44.09,0,0,0
19,Male,51124,Master,Married,6,Northeast,Rural,21,1306.08,62.19,11,7,0.095,0.799,1,0.232,0.083,8,3.05,12,48.16,0,1,0
30,Female,56978,High School,Single,2,Southeast,Rural,12,675.58,56.3,27,5,0.064,0.468,0,0.221,0.066,7,3.3,22,44.5,1,0,0
62,Male,122046,Master,Divorced,2,Southeast,Suburban,14,1436.88,102.63,36,3,0.09,0.322,0,0.387,0.107,14,5.52,14,19.2,1,0,1
55,Male,68414,High School,Widowed,3,Midwest,Urban,10,541.66,54.17,35,7,0.039,0.316,0,0.142,0.018,6,6.37,6,20.95,1,1,0
41,Female,81540,Master,Married,5,Midwest,Suburban,20,974.86,48.74,20,1,0.2,0.43,0,0.336,0.085,14,6.29,7,39.71,0,0,1
45,Female,63935,High School,Single,2,Midwest,Suburban,22,1541.85,70.08,15,4,0.223,0.414,1,0.331,0.095,8,6.83,9,44.85,1,0,0
37,Female,71032,Bachelor,Married,2,Midwest,Suburban,18,1275.81,70.88,38,5,0.091,0.523,1,0.068,0.015,12,7.62,16,33.66,0,1,0
62,Other,93843,Bachelor,Married,2,Southeast,Rural,14,363.78,25.98,33,5,0.085,0.557,0,0.391,0.161,9,14.1,4,19.06,0,0,1
38,Male,33076,Bachelor,Married,1,Southeast,Urban,4,91.66,22.91,127,2,0.08,0.423,0,0.32,0.058,7,5.03,19,34.79,0,1,0
45,Female,60563,Bachelor,Married,6,Southwest,Suburban,25,1170.94,46.84,16,2,0.207,0.708,1,0.24,0.06,15,3.12,11,23.44,1,0,0
59,Male,75121,Bachelor,Married,2,West,Urban,13,1014.77,78.06,19,1,0.115,0.28,0,0.268,0.082,10,6.34,8,5.18,1,0,0
30,Female,66863,Bachelor,Married,6,Midwest,Urban,14,461.71,32.98,43,1,0.064,0.458,0,0.389,0.122,10,6.38,10,31.87,0,0,1
65,Male,95388,Bachelor,Divorced,3,Southwest,Suburban,22,1568.63,71.3,26,3,0.196,0.597,0,0.311,0.05,9,4.06,5,9.17,0,0,0
19,Other,65342,Bachelor,Single,1,Midwest,Suburban,11,1115.67,101.42,30,2,0.112,0.301,0,0.311,0.04,4,5.95,13,46.17,1,1,0
66,Female,97263,Bachelor,Married,4,Northeast,Suburban,20,1599.35,79.97,24,5,0.218,0.461,0,0.287,0.13,13,12.08,4,9.66,0,1,1
36,Female,34888,High School,Married,6,Midwest,Suburban,11,550.28,50.03,19,6,0.184,0.547,0,0.279,0.042,10,6.95,16,33.31,1,0,0
38,Female,122705,PhD,Married,3,Northeast,Suburban,21,1892.78,90.13,8,4,0.091,0.731,0,0.25,0.09,16,8.34,13,27.41,0,0,1
18,Female,74078,Bachelor,Single,3,Southwest,Rural,5,433.4,86.68,104,2,0.144,0.627,0,0.246,0.095,8,7.26,21,40.68,0,0,1
35,Female,49727,Bachelor,Single,1,Midwest,Suburban,7,389.89,55.7,87,1,0.076,0.561,0,0.168,0.07,4,4.6,10,31.88,0,1,0
26,Male,66390,Bachelor,Single,1,Northeast,Rural,16,940.75,58.8,21,4,0.053,0.551,0,0.241,0.033,12,3.79,15,51.04,1,0,1
32,Male,72268,Master,Divorced,2,Midwest,Suburban,13,899.31,69.18,36,2,0.111,0.274,0,0.358,0.079,12,4.94,11,0.0,0,0,0
39,Male,58882,High School,Divorced,5,West,Suburban,8,687.65,85.96,63,1,0.212,0.387,0,0.262,0.047,7,7.68,5,34.12,0,0,0
56,Male,101199,Bachelor,Divorced,2,Southeast,Suburban,20,1772.81,88.64,28,6,0.065,0.404,0,0.242,0.029,14,5.24,7,12.44,1,1,1
45,Female,108551,Bachelor,Single,1,West,Suburban,23,1964.78,85.43,18,3,0.113,0.294,1,0.52,0.182,16,5.43,3,32.86,0,0,1
46,Female,73669,High School,Married,3,West,Suburban,11,994.25,90.39,43,1,0.114,0.454,0,0.307,0.049,7,8.11,6,21.48,1,0,0
25,Female,80024,Master,Married,5,West,Suburban,16,953.1,59.57,31,6,0.081,0.445,0,0.393,0.069,10,7.22,18,27.3,1,1,0
28,Other,57902,Bachelor,Single,4,West,Suburban,14,210.0,15.0,15,4,0.106,0.557,0,0.396,0.108,8,10.31,21,30.32,0,1,0
68,Female,97732,Bachelor,Married,3,Southeast,Rural,22,1932.06,87.82,23,4,0.074,0.509,1,0.235,0.035,13,9.98,3,0.0,1,0,0
30,Male,99996,Master,Married,4,Southeast,Urban,17,1508.23,88.72,25,3,0.143,0.341,0,0.274,0.097,10,3.66,11,74.15,1,1,0
66,Male,92729,Bachelor,Divorced,2,West,Suburban,19,1214.48,63.92,19,2,0.037,0.304,0,0.309,0.127,21,5.33,2,31.71,0,1,1
38,Male,72708,Master,Single,3,Southeast,Suburban,19,1158.52,60.97,16,4,0.066,0.365,1,0.354,0.121,16,4.44,17,17.14,0,1,1
42,Male,49904,Bachelor,Married,6,Northeast,Urban,9,721.0,80.11,53,1,0.022,0.867,0,0.267,0.072,9,17.3,7,2.87,1,1,0
58,Female,109695,Master,Married,4,Northeast,Rural,18,1690.67,93.93,14,2,0.109,0.441,1,0.116,0.05,6,4.95,5,11.34,0,1,1
61,Female,108109,Master,Married,4,Southwest,Suburban,27,3065.79,113.55,22,7,0.274,0.439,1,0.283,0.12,21,6.46,13,5.85,0,1,1
40,Female,47911,High School,Married,6,Southeast,Urban,16,949.23,59.33,16,2,0.029,0.585,0,0.351,0.163,10,6.15,10,34.1,0,0,0
36,Female,99790,Master,Married,6,Southeast,Suburban,14,1075.5,76.82,40,1,0.107,0.437,0,0.369,0.17,11,8.02,9,51.93,1,0,1
41,Female,67073,Bachelor,Single,2,West,Suburban,12,932.31,77.69,48,5,0.13,0.376,0,0.384,0.163,9,3.64,9,36.55,0,1,0
47,Male,61180,High School,Single,4,Midwest,Urban,16,1087.24,67.95,40,3,0.082,0.344,1,0.387,0.126,17,15.88,12,31.33,0,0,0
55,Female,84350,Bachelor,Married,4,Midwest,Suburban,16,1295.2,80.95,25,5,0.094,0.832,0,0.556,0.059,20,3.32,7,52.73,0,1,1
42,Male,53935,High School,Single,1,Northeast,Urban,9,471.25,52.36,21,1,0.155,0.732,0,0.294,0.115,9,7.1,15,17.17,1,1,0
51,Male,99937,Master,Married,2,Southeast,Rural,15,1027.93,68.53,34,4,0.155,0.422,0,0.365,0.107,12,24.38,9,0.12,0,0,0
66,Male,110672,Bachelor,Divorced,2,Northeast,Suburban,15,1119.73,74.65,21,1,0.165,0.463,0,0.29,0.039,10,14.69,2,0.0,0,1,1
47,Female,91062,PhD,Single,3,Midwest,Urban,16,1374.88,85.93,13,2,0.151,0.456,0,0.201,0.079,14,4.11,5,0.0,1,0,0
46,Male,69727,High School,Married,5,West,Rural,7,544.97,77.85,81,1,0.08,0.597,0,0.257,0.068,8,5.29,8,35.77,1,0,0
19,Male,58382,Bachelor,Single,1,Southwest,Rural,7,105.0,15.0,32,6,0.077,0.583,0,0.235,0.057,9,5.87,14,30.45,1,0,0
18,Female,57306,Bachelor,Single,2,Southeast,Suburban,7,307.98,44.0,57,2,0.163,0.572,0,0.271,0.115,3,3.86,19,26.71,0,0,0
47,Female,91277,Bachelor,Married,6,West,Urban,24,1051.86,43.83,24,3,0.129,0.408,1,0.288,0.062,12,8.97,11,25.61,1,0,0
40,Male,88339,Master,Divorced,3,Northeast,Suburban,12,770.44,64.2,22,3,0.286,0.452,0,0.251,0.052,7,5.81,10,51.02,1,0,0
34,Male,90003,Master,Married,2,Northeast,Urban,19,1195.78,62.94,33,5,0.052,0.314,0,0.454,0.088,8,4.31,15,13.64,1,1,1
45,Female,102337,Master,Married,4,West,Suburban,28,2355.67,84.13,12,10,0.055,0.613,1,0.28,0.056,11,12.91,5,23.43,0,0,0
41,Male,80834,Master,Single,2,Southeast,Urban,21,1556.84,74.14,18,6,0.108,0.265,1,0.383,0.125,6,4.0,13,12.91,0,0,0
58,Female,76487,High School,Single,2,Southwest,Suburban,14,1551.91,110.85,16,7,0.019,0.744,0,0.299,0.127,6,4.11,7,14.83,0,0,0
43,Female,71238,Bachelor,Single,3,Northeast,Suburban,20,1461.53,73.08,25,2,0.028,0.74,1,0.308,0.149,10,14.29,8,16.06,0,0,1
30,Male,77609,Master,Married,4,Northeast,Suburban,10,815.75,81.58,41,3,0.083,0.383,0,0.279,0.029,11,4.31,9,19.92,0,0,0
56,Male,80569,Bachelor,Married,2,Midwest,Urban,13,544.0,41.85,51,5,0.024,0.488,0,0.092,0.017,7,8.83,8,54.59,1,0,0
38,Male,63066,High School,Single,1,Southeast,Suburban,10,548.37,54.84,51,6,0.091,0.594,0,0.142,0.041,10,5.22,10,56.52,0,0,1
49,Male,81024,Bachelor,Married,6,Northeast,Suburban,11,537.3,48.85,49,2,0.019,0.663,0,0.46,0.228,10,7.93,11,29.87,1,1,0
34,Male,73718,Bachelor,Single,3,Midwest,Urban,19,1497.77,78.83,14,9,0.172,0.404,1,0.101,0.045,12,30.0,9,9.78,1,0,1
32,Female,65937,Bachelor,Single,6,Southeast,Suburban,13,832.15,64.01,40,4,0.161,0.414,0,0.236,0.053,7,8.5,12,45.97,1,0,0
43,Male,65938,Master,Married,6,West,Urban,24,1347.31,56.14,19,2,0.012,0.53,1,0.234,0.055,14,5.7,15,21.76,0,1,0
42,Female,74670,Bachelor,Married,5,West,Suburban,7,605.25,86.46,50,2,0.105,0.496,0,0.354,0.039,7,7.58,7,33.6,1,1,0
49,Female,65753,High School,Married,5,Midwest,Suburban,15,862.36,57.49,38,3,0.09,0.873,0,0.092,0.036,11,5.62,11,18.96,0,0,1
37,Male,58838,High School,Married,2,Southeast,Suburban,13,1119.28,86.1,51,3,0.359,0.376,1,0.454,0.185,13,9.01,9,12.84,1,0,0
18,Male,61094,Master,Single,1,Midwest,Urban,16,1391.36,86.96,13,3,0.086,0.452,1,0.377,0.073,19,3.15,11,39.42,1,1,1
35,Male,80667,PhD,Divorced,3,Southwest,Urban,16,921.93,57.62,36,4,0.069,0.497,1,0.501,0.215,9,5.06,11,12.36,0,1,1
53,Male,92369,Bachelor,Widowed,3,Northeast,Urban,10,984.54,98.45,62,3,0.048,0.669,0,0.4,0.122,8,3.39,9,30.14,0,0,0
37,Female,66095,Bachelor,Divorced,3,Southeast,Rural,11,718.31,65.3,29,2,0.064,0.571,0,0.103,0.03,8,4.37,15,40.33,1,1,0
38,Male,103568,PhD,Divorced,1,West,Suburban,21,1551.96,73.9,17,5,0.027,0.752,1,0.174,0.047,8,10.45,11,49.08,0,0,0
56,Female,81178,Bachelor,Married,6,Southeast,Rural,7,549.4,78.49,77,4,0.153,0.931,0,0.15,0.051,9,3.58,9,0.0,0,1,0
31,Male,80309,Master,Married,3,Midwest,Rural,10,384.13,38.41,64,2,0.053,0.247,0,0.05,0.016,8,5.43,15,15.05,1,0,1
18,Male,63260,Master,Single,3,Northeast,Rural,12,610.46,50.87,53,4,0.092,0.627,0,0.28,0.109,13,30.0,20,20.93,1,0,0
39,Female,57278,Bachelor,Married,3,West,Suburban,21,1406.89,66.99,9,2,0.162,0.693,1,0.347,0.101,6,9.67,14,25.66,1,0,0
34,Female,74905,Bachelor,Married,4,Northeast,Urban,13,800.36,61.57,47,4,0.08,0.7,0,0.373,0.072,13,5.34,13,46.0,0,0,0
27,Male,53153,Bachelor,Single,2,West,Rural,19,1484.65,78.14,25,2,0.215,0.525,1,0.05,0.008,19,4.33,12,21.74,1,0,1
39,Male,74259,Bachelor,Divorced,3,Northeast,Urban,12,710.02,59.17,31,3,0.053,0.338,0,0.236,0.042,6,6.52,14,20.6,0,1,0
49,Female,100956,Master,Married,6,West,Suburban,13,1077.8,82.91,46,1,0.029,0.283,0,0.249,0.059,12,9.24,4,22.58,0,0,0
41,Male,79597,Master,Divorced,1,Southeast,Rural,23,1550.03,67.39,25,2,0.095,0.472,1,0.244,0.116,7,5.51,13,32.1,0,0,1
46,Male,74341,Master,Single,5,Midwest,Suburban,17,622.4,36.61,25,4,0.06,0.58,0,0.185,0.07,12,4.29,12,7.24,1,0,1
69,Female,132191,Bachelor,Married,2,West,Urban,21,2182.81,103.94,18,4,0.113,0.586,1,0.295,0.079,16,8.71,5,32.38,0,0,1
36,Female,46483,High School,Married,6,Northeast,Suburban,9,536.26,59.58,44,3,0.166,0.423,0,0.226,0.037,5,10.53,19,20.99,0,0,0
46,Female,71751,High School,Married,3,Southeast,Rural,10,272.21,27.22,32,2,0.114,0.276,0,0.235,0.092,5,4.13,12,18.09,0,0,0
34,Female,96891,Bachelor,Single,1,West,Rural,25,726.25,29.05,21,1,0.105,0.36,1,0.196,0.053,12,4.05,14,26.58,1,1,0
29,Female,75648,Bachelor,Single,2,Southeast,Suburban,14,822.56,58.75,44,5,0.069,0.583,0,0.462,0.188,11,4.67,12,19.55,1,0,0
33,Female,62493,Bachelor,Single,1,Southwest,Rural,13,1116.16,85.86,22,1,0.149,0.567,0,0.193,0.083,5,3.29,2,52.15,0,0,1
34,Female,51793,High School,Married,6,Northeast,Urban,12,1323.16,110.26,48,1,0.059,0.533,0,0.239,0.08,9,15.26,11,51.06,1,1,0
47,Female,95710,PhD,Married,5,Southwest,Urban,21,870.19,41.44,17,6,0.06,0.596,1,0.16,0.068,17,8.66,16,31.08,0,1,1
77,Female,115425,Bachelor,Widowed,3,Northeast,Suburban,25,3005.61,120.22,9,6,0.168,0.753,1,0.384,0.127,16,3.26,5,11.23,0,1,1
31,Male,88894,Master,Single,3,Southwest,Urban,22,2148.91,97.68,8,8,0.142,0.266,1,0.303,0.092,11,14.92,14,33.24,0,0,1
35,Male,60883,Bachelor,Married,6,Southeast,Suburban,8,390.2,48.77,49,3,0.088,0.368,0,0.463,0.188,1,5.73,6,29.51,1,1,0
41,Female,42767,High School,Single,2,Midwest,Urban,10,890.47,89.05,44,1,0.286,0.461,0,0.442,0.118,11,4.27,8,27.84,1,1,0
47,Female,73381,Master,Single,3,Northeast,Suburban,18,1368.38,76.02,9,4,0.097,0.463,0,0.455,0.158,11,13.56,5,20.34,1,0,0
45,Male,106397,Master,Married,5,Midwest,Urban,17,1337.03,78.65,29,4,0.237,0.276,0,0.341,0.086,11,10.65,10,15.8,1,0,0
61,Female,91205,Bachelor,Divorced,2,Southeast,Urban,18,719.88,39.99,24,3,0.04,0.696,0,0.104,0.049,9,4.68,7,3.14,1,1,0
18,Male,58224,Bachelor,Married,2,Southeast,Rural,9,550.38,61.15,72,5,0.237,0.424,1,0.142,0.054,14,8.12,15,47.54,0,0,0
18,Female,27655,High School,Single,2,Southwest,Urban,10,446.56,44.66,21,1,0.015,0.672,1,0.151,0.068,9,4.06,23,64.54,1,0,0
34,Female,60847,Master,Divorced,1,Northeast,Urban,12,1262.39,105.2,43,7,0.081,0.535,0,0.269,0.084,8,17.56,17,37.65,0,1,0
58,Female,131439,PhD,Married,1,West,Urban,19,1459.24,76.8,15,3,0.253,0.407,0,0.219,0.1,16,3.74,6,22.5,1,1,1
18,Male,40630,High School,Single,1,Southwest,Rural,8,260.75,32.59,32,3,0.099,0.67,0,0.292,0.094,8,4.46,18,72.2,0,0,0
18,Female,68608,Bachelor,Single,1,Midwest,Suburban,10,540.91,54.09,17,3,0.036,0.278,0,0.357,0.143,12,10.7,15,28.49,1,1,0
50,Male,104811,PhD,Divorced,2,Northeast,Suburban,21,2846.12,135.53,8,2,0.036,0.622,1,0.297,0.118,11,12.09,12,15.98,0,0,1
45,Male,73047,Bachelor,Single,2,Southwest,Urban,24,1044.32,43.51,11,6,0.138,0.354,1,0.295,0.04,11,8.05,13,28.68,1,1,0
25,Male,86299,Master,Single,3,Northeast,Suburban,12,1191.74,99.31,21,1,0.174,0.703,0,0.244,0.06,10,3.39,15,45.09,1,0,0
27,Female,73185,Bachelor,Single,1,West,Urban,17,602.42,35.44,10,4,0.276,0.608,1,0.38,0.189,11,5.38,5,37.24,1,0,1
27,Male,74163,Bachelor,Single,3,Southeast,Urban,28,2120.01,75.71,19,4,0.178,0.834,1,0.304,0.056,15,4.69,15,33.24,1,0,1
43,Male,70571,Bachelor,Single,1,Northeast,Suburban,9,605.25,67.25,45,2,0.086,0.281,0,0.359,0.087,10,4.47,9,43.64,1,1,0
32,Female,75418,Bachelor,Single,2,Northeast,Rural,7,376.0,53.71,49,2,0.058,0.317,0,0.215,0.106,3,4.27,9,32.67,0,0,0
49,Female,81436,High School,Single,2,West,Urban,21,1786.57,85.07,10,5,0.055,0.601,1,0.361,0.084,10,7.06,13,15.0,0,0,0
18,Female,68428,Master,Single,1,West,Suburban,11,530.26,48.21,30,3,0.173,0.617,0,0.334,0.144,8,3.56,18,33.05,0,0,0
29,Female,71097,Master,Single,1,Southeast,Urban,25,831.13,33.25,16,6,0.041,0.425,1,0.193,0.053,19,9.14,17,0.0,0,1,0
25,Male,95741,Master,Single,3,West,Urban,10,716.38,71.64,66,1,0.116,0.418,0,0.298,0.141,10,4.5,19,37.58,1,0,1
38,Female,61183,Bachelor,Single,3,Northeast,Urban,11,464.7,42.25,38,1,0.199,0.654,0,0.334,0.113,10,4.8,23,37.32,1,1,0
33,Female,76442,Bachelor,Divorced,4,Southwest,Rural,9,660.65,73.41,19,5,0.13,0.373,0,0.304,0.149,5,10.02,13,36.22,0,0,0
53,Male,67123,High School,Married,2,Southwest,Urban,14,809.75,57.84,19,6,0.09,0.448,0,0.327,0.047,7,5.47,2,14.98,0,1,1
18,Male,42376,Master,Single,2,West,Suburban,15,1237.03,82.47,23,5,0.109,0.786,1,0.19,0.04,10,6.41,16,40.59,1,0,0
42,Male,91128,Bachelor,Married,2,Southeast,Urban,10,691.8,69.18,39,7,0.034,0.581,0,0.235,0.08,7,5.79,9,61.67,0,0,0
50,Male,39232,Bachelor,Married,3,Southeast,Suburban,24,1323.14,55.13,22,6,0.089,0.431,1,0.387,0.056,5,5.17,13,47.61,0,1,1
69,Female,51038,High School,Widowed,3,Midwest,Suburban,14,451.85,32.28,33,2,0.202,0.927,0,0.193,0.077,6,7.22,8,17.46,0,0,0
34,Female,60709,High School,Married,5,Southeast,Urban,11,570.04,51.82,38,1,0.214,0.347,0,0.211,0.1,6,3.25,13,17.95,1,0,0
46,Female,85306,Bachelor,Single,1,Northeast,Rural,17,925.15,54.42,35,1,0.07,0.379,0,0.225,0.08,15,8.59,13,19.26,0,0,0
18,Female,60436,Master,Single,1,Southwest,Suburban,11,923.05,83.91,24,1,0.075,0.3,0,0.34,0.129,12,7.5,10,71.9,1,0,1
18,Male,87217,PhD,Single,2,Southwest,Urban,13,759.94,58.46,16,4,0.297,0.376,0,0.338,0.055,6,4.24,13,27.77,1,0,0
54,Female,60828,Master,Married,3,Midwest,Suburban,12,568.87,47.41,49,1,0.173,0.415,0,0.395,0.14,6,4.24,11,32.57,0,1,0
41,Male,114004,PhD,Divorced,2,Southeast,Suburban,15,1394.68,92.98,27,4,0.04,0.571,0,0.259,0.071,10,4.08,11,26.27,0,0,0
59,Other,121545,PhD,Widowed,3,Southeast,Suburban,31,2371.45,76.5,15,3,0.045,0.259,1,0.146,0.059,21,8.06,12,3.73,1,1,0
21,Male,56715,Bachelor,Single,1,Southwest,Suburban,12,1038.61,86.55,49,1,0.299,0.465,0,0.191,0.042,13,6.46,14,37.5,1,0,0
49,Female,65112,High School,Married,3,Southwest,Urban,9,915.4,101.71,70,1,0.06,0.581,0,0.212,0.078,2,6.22,5,2.47,0,1,0
70,Male,118998,Master,Divorced,2,West,Rural,16,1144.8,71.55,28,6,0.191,0.345,0,0.166,0.022,11,12.72,2,0.0,1,0,1
48,Male,63566,High School,Single,2,Southwest,Urban,21,1652.61,78.7,28,5,0.084,0.679,1,0.253,0.057,13,30.0,6,52.9,1,1,1
46,Male,49289,Bachelor,Married,3,Southwest,Urban,16,603.91,37.74,28,6,0.149,0.347,1,0.244,0.083,9,6.46,9,26.1,0,1,1
42,Female,92144,High School,Married,3,Southeast,Suburban,19,1309.87,68.94,10,2,0.025,0.55,1,0.242,0.079,13,7.15,15,34.32,0,0,1
18,Female,73012,Bachelor,Single,1,Northeast,Urban,27,2168.36,80.31,25,8,0.158,0.486,1,0.285,0.095,19,6.66,24,23.02,1,0,1
62,Male,70925,Bachelor,Divorced,1,Southwest,Urban,10,682.59,68.26,57,3,0.023,0.525,0,0.152,0.043,7,3.43,8,14.47,0,1,0
32,Female,61022,Bachelor,Married,3,Northeast,Urban,15,957.57,63.84,37,5,0.4,0.444,0,0.257,0.088,6,5.24,9,39.13,1,0,0
49,Female,76259,Bachelor,Widowed,2,West,Rural,22,1982.1,90.1,18,7,0.067,0.528,1,0.18,0.038,14,5.3,18,38.04,0,0,0
18,Female,86182,Master,Single,3,West,Urban,24,2278.04,94.92,27,3,0.088,0.82,1,0.218,0.061,14,3.25,8,31.41,1,0,0
24,Female,27410,Bachelor,Married,1,Midwest,Urban,8,357.82,44.73,50,1,0.196,0.503,0,0.191,0.031,9,9.35,13,14.76,1,0,0
63,Male,98514,Master,Single,1,Southeast,Urban,17,1131.65,66.57,32,1,0.145,0.548,0,0.233,0.056,12,3.6,10,48.31,0,0,0
36,Male,27990,High School,Married,2,Midwest,Suburban,8,352.11,44.01,26,4,0.108,0.783,0,0.303,0.11,6,6.65,8,46.53,1,0,1
63,Female,71723,High School,Single,2,Southwest,Suburban,12,548.24,45.69,23,2,0.147,0.688,0,0.297,0.097,13,3.61,5,20.72,1,1,0
40,Female,65512,Bachelor,Married,5,Southwest,Suburban,2,156.95,78.48,138,1,0.134,0.29,0,0.127,0.015,2,6.1,16,39.3,0,1,0
18,Other,56195,Bachelor,Single,1,Northeast,Suburban,15,814.99,54.33,31,1,0.12,0.559,0,0.27,0.103,15,3.1,24,48.17,1,0,1
55,Female,75526,Bachelor,Divorced,1,West,Suburban,27,1232.6,45.65,22,2,0.114,0.476,1,0.121,0.041,18,6.56,6,9.79,0,0,0
33,Male,70734,Master,Married,2,Southwest,Suburban,12,1106.23,92.19,24,5,0.103,0.214,0,0.467,0.119,5,6.29,15,20.35,1,0,0
52,Female,106494,Master,Single,2,Northeast,Suburban,14,1161.55,82.97,40,2,0.072,0.279,0,0.05,0.017,17,3.09,8,24.51,1,0,0
42,Male,111020,PhD,Married,3,Southeast,Suburban,20,1410.99,70.55,31,6,0.16,0.603,1,0.282,0.035,14,3.23,10,40.11,1,0,1
18,Other,63270,Bachelor,Married,2,Midwest,Suburban,9,760.45,84.49,63,2,0.165,0.475,0,0.113,0.045,8,9.37,19,29.07,1,0,1
44,Male,58146,High School,Married,5,Southeast,Rural,5,421.11,84.22,87,3,0.102,0.756,0,0.278,0.095,10,5.86,3,27.67,0,0,0
74,Female,91223,Bachelor,Single,2,Northeast,Rural,24,908.93,37.87,25,6,0.127,0.36,1,0.125,0.025,14,3.95,7,22.36,0,0,1
49,Female,63017,High School,Divorced,5,Northeast,Suburban,18,1505.81,83.66,34,3,0.111,0.304,1,0.379,0.041,9,6.19,15,14.94,0,0,0
41,Male,80917,Bachelor,Married,3,West,Rural,10,736.14,73.61,44,1,0.07,0.457,0,0.28,0.1,5,3.75,10,21.01,0,0,0
58,Male,39348,High School,Married,5,Northeast,Suburban,21,1451.15,69.1,28,4,0.061,0.596,1,0.071,0.032,11,6.21,4,41.67,0,0,1
45,Female,82511,Bachelor,Married,3,Southeast,Urban,12,838.76,69.9,31,3,0.087,0.814,0,0.297,0.043,9,3.45,19,9.85,1,0,0
45,Female,66237,High School,Married,4,Southeast,Suburban,20,1414.06,70.7,22,5,0.211,0.253,1,0.331,0.152,11,3.64,11,21.26,0,0,1
25,Male,46532,High School,Married,6,Southwest,Urban,12,566.17,47.18,16,1,0.036,0.622,0,0.309,0.134,8,5.2,15,39.93,1,0,1
45,Female,74360,Bachelor,Married,3,Southwest,Urban,7,609.18,87.03,83,2,0.179,0.83,0,0.2,0.058,9,9.71,9,35.15,1,0,0
57,Female,47708,Bachelor,Single,2,West,Suburban,9,363.84,40.43,25,5,0.116,0.646,0,0.303,0.077,5,5.37,5,45.31,1,0,0
29,Male,72202,Master,Married,2,Midwest,Urban,19,1645.88,86.63,16,5,0.021,0.368,1,0.247,0.048,13,5.18,13,33.32,0,0,0
63,Male,117841,Bachelor,Single,2,Midwest,Urban,22,2034.86,92.49,15,2,0.234,0.137,1,0.243,0.03,6,4.7,4,30.04,1,1,0
40,Female,57793,High School,Divorced,3,Southeast,Suburban,19,1406.59,74.03,12,1,0.043,0.518,1,0.301,0.063,13,5.42,4,28.97,1,0,1
28,Female,58390,Bachelor,Single,2,Southwest,Urban,12,468.12,39.01,52,3,0.14,0.443,0,0.17,0.073,9,10.42,13,24.9,1,0,0
56,Female,70653,High School,Married,1,Northeast,Urban,16,1180.51,73.78,41,4,0.037,0.644,1,0.171,0.05,16,6.6,12,6.91,0,0,0
37,Female,90521,Master,Single,3,Southwest,Suburban,17,1460.72,85.92,36,2,0.096,0.25,0,0.304,0.036,9,6.81,8,41.81,1,1,0
53,Male,107882,Master,Widowed,2,Northeast,Suburban,17,2057.46,121.03,20,5,0.144,0.598,0,0.306,0.094,12,3.17,8,23.07,1,0,0
37,Male,51766,High School,Married,5,West,Rural,4,279.35,69.84,42,3,0.131,0.287,0,0.213,0.084,7,5.32,14,39.31,0,0,0
41,Male,79773,Bachelor,Divorced,5,Midwest,Rural,11,639.36,58.12,23,3,0.063,0.264,0,0.302,0.121,8,7.54,13,49.85,0,0,0
49,Male,134949,PhD,Married,5,Midwest,Suburban,26,2206.99,84.88,22,5,0.158,0.568,0,0.457,0.201,9,4.04,11,16.7,0,0,1
46,Female,92493,Bachelor,Single,1,Midwest,Suburban,28,2561.12,91.47,11,4,0.139,0.259,1,0.587,0.228,11,3.75,8,45.97,0,0,0
18,Female,105104,Master,Single,2,West,Suburban,18,1291.55,71.75,35,7,0.051,0.491,0,0.217,0.022,12,3.09,15,32.77,0,1,1
25,Male,50748,Bachelor,Single,1,Midwest,Urban,11,494.83,44.98,53,3,0.223,0.384,0,0.259,0.069,9,3.79,17,38.1,1,0,0
55,Male,94742,High School,Married,2,Midwest,Suburban,23,1384.32,60.19,13,3,0.321,0.439,1,0.246,0.058,10,3.55,10,0.0,1,1,1
40,Female,75739,Master,Divorced,3,Southeast,Suburban,9,634.78,70.53,56,1,0.119,0.48,0,0.249,0.07,8,12.98,10,28.42,0,0,0
34,Female,88103,Master,Married,5,Northeast,Suburban,18,1411.86,78.44,22,3,0.119,0.873,0,0.483,0.201,13,4.0,12,47.95,0,0,0
21,Female,83387,Master,Married,5,Southeast,Suburban,13,847.21,65.17,21,6,0.009,0.46,0,0.124,0.014,8,8.25,14,19.89,1,0,0
25,Female,52938,Bachelor,Divorced,3,Northeast,Suburban,10,903.69,90.37,45,5,0.091,0.532,0,0.178,0.066,12,8.84,17,54.64,1,0,1
18,Female,56319,Bachelor,Single,3,West,Suburban,11,765.39,69.58,53,4,0.016,0.393,1,0.152,0.04,11,5.68,12,31.01,1,0,0
40,Female,101256,Master,Divorced,2,Southwest,Urban,19,2200.07,115.79,34,3,0.069,0.625,1,0.37,0.185,11,7.19,5,27.71,1,0,1
33,Male,56345,Bachelor,Married,2,Southeast,Suburban,12,729.48,60.79,16,1,0.15,0.35,0,0.338,0.073,7,4.05,16,12.03,0,1,0
27,Male,87240,Bachelor,Married,2,Northeast,Suburban,5,294.82,58.96,68,1,0.187,0.342,0,0.279,0.083,8,7.68,18,5.55,0,0,0
40,Male,66831,Master,Married,5,Midwest,Suburban,8,348.19,43.52,57,3,0.058,0.374,0,0.297,0.142,6,8.49,12,27.14,1,1,0
47,Female,107295,Bachelor,Married,3,Southeast,Suburban,11,893.06,81.19,30,2,0.11,0.415,0,0.287,0.048,8,4.44,10,6.23,0,1,0
73,Female,114019,Bachelor,Single,2,West,Urban,13,1326.97,102.07,25,3,0.251,0.489,0,0.226,0.075,4,9.07,5,14.49,0,1,0
19,Female,69454,Master,Divorced,5,Southeast,Urban,8,470.27,58.78,67,4,0.075,0.663,0,0.05,0.017,7,19.28,10,69.0,0,0,0
59,Male,111759,PhD,Divorced,6,West,Suburban,26,2678.45,103.02,22,6,0.182,0.477,1,0.292,0.102,16,12.41,5,17.88,0,1,1
56,Male,77794,Bachelor,Single,2,Northeast,Suburban,9,872.67,96.96,58,4,0.141,0.284,0,0.315,0.128,9,4.27,12,2.77,1,0,1
30,Male,62563,Bachelor,Widowed,3,Southeast,Urban,11,496.63,45.15,56,1,0.178,0.574,0,0.222,0.034,11,8.53,14,29.26,0,0,0
45,Male,90872,Master,Married,2,West,Urban,18,962.03,53.45,23,1,0.173,0.484,0,0.377,0.145,13,3.77,13,35.09,1,0,0
35,Female,102428,Master,Divorced,2,Northeast,Suburban,18,1803.19,100.18,32,5,0.051,0.876,0,0.146,0.024,12,5.65,11,57.25,1,0,0
44,Female,120329,Master,Single,3,Southeast,Rural,21,2006.43,95.54,8,4,0.068,0.565,0,0.227,0.062,10,12.88,8,46.77,0,1,1
64,Other,94790,Bachelor,Married,3,Southeast,Urban,20,1678.09,83.9,34,1,0.067,0.887,1,0.301,0.14,12,3.09,7,52.13,0,1,0
51,Female,68715,Bachelor,Divorced,3,Midwest,Suburban,14,1096.27,78.3,45,2,0.271,0.473,0,0.235,0.038,2,7.76,15,16.69,0,1,0
49,Female,71614,Bachelor,Single,3,Southeast,Rural,17,599.9,35.29,35,5,0.112,0.581,0,0.42,0.16,12,15.69,13,12.82,1,0,0
35,Female,80853,Master,Married,2,West,Urban,16,1268.02,79.25,29,5,0.058,0.352,0,0.375,0.134,15,4.86,10,43.04,0,0,0
19,Male,55348,Master,Single,1,West,Urban,10,612.83,61.28,43,2,0.169,0.799,0,0.335,0.131,7,7.54,14,28.28,1,1,0
38,Female,38315,High School,Single,2,West,Rural,7,408.77,58.4,33,3,0.116,0.39,0,0.347,0.16,13,3.49,13,21.95,1,0,0
60,Female,120056,Bachelor,Married,3,Southeast,Urban,14,993.05,70.93,14,3,0.069,0.648,0,0.325,0.137,9,4.88,4,12.2,1,0,1
19,Female,60339,Bachelor,Divorced,3,West,Suburban,14,864.96,61.78,21,5,0.135,0.43,0,0.05,0.016,13,8.51,8,49.69,0,1,0
26,Male,78903,PhD,Single,3,Southwest,Suburban,7,418.45,59.78,33,1,0.107,0.66,0,0.213,0.039,8,3.02,16,10.27,1,0,0
43,Male,87249,Bachelor,Single,2,Southeast,Urban,18,1700.98,94.5,25,3,0.043,0.549,1,0.221,0.035,12,4.2,14,40.43,0,1,1
27,Male,44524,Bachelor,Single,2,Northeast,Urban,22,1111.59,50.53,15,6,0.078,0.539,0,0.05,0.006,9,5.14,15,56.18,0,1,1
30,Female,33159,High School,Married,4,Southwest,Suburban,17,587.83,34.58,21,7,0.215,0.7,1,0.172,0.051,6,7.23,16,65.24,1,1,0
35,Male,56554,Bachelor,Married,4,Southwest,Suburban,17,653.82,38.46,10,7,0.04,0.465,1,0.219,0.098,11,4.03,11,31.26,0,0,0
21,Female,67217,High School,Married,3,Northeast,Urban,15,1215.98,81.07,30,6,0.062,0.693,1,0.3,0.056,13,5.14,12,30.07,1,1,0
27,Female,73406,Master,Single,2,Midwest,Suburban,17,1467.56,86.33,30,5,0.102,0.503,0,0.296,0.137,14,5.33,17,45.97,1,0,0
52,Male,60574,Master,Married,4,West,Suburban,20,1975.1,98.76,17,6,0.073,0.968,1,0.248,0.04,13,4.07,9,17.12,0,0,0
22,Female,76350,Bachelor,Married,5,Southeast,Suburban,9,555.6,61.73,25,2,0.01,0.509,0,0.324,0.148,8,8.43,18,47.13,0,1,0
18,Female,50404,Bachelor,Married,4,Southeast,Suburban,17,594.03,34.94,31,5,0.127,0.624,0,0.236,0.089,11,5.53,11,34.29,0,0,0
32,Male,53458,Master,Married,4,West,Urban,11,596.31,54.21,21,5,0.107,0.436,1,0.166,0.034,11,10.26,6,41.78,0,1,0
52,Female,77449,Bachelor,Single,1,Northeast,Suburban,14,766.77,54.77,41,3,0.053,0.765,0,0.264,0.13,7,3.97,10,27.3,0,0,1
39,Male,64615,High School,Married,5,West,Suburban,9,447.53,49.73,48,1,0.064,0.563,0,0.138,0.038,5,5.8,8,27.95,1,0,0
35,Male,104660,PhD,Single,2,West,Suburban,11,1010.0,91.82,26,1,0.099,0.443,0,0.404,0.07,11,15.6,14,29.58,0,1,1
42,Female,116176,Master,Married,3,Southeast,Suburban,23,2528.37,109.93,28,8,0.222,0.365,0,0.324,0.121,14,3.39,12,0.0,1,0,0
18,Female,57208,Master,Single,1,Northeast,Suburban,13,869.28,66.87,18,2,0.188,0.608,1,0.32,0.053,11,23.16,15,24.19,1,1,1
49,Other,65500,High School,Single,4,Northeast,Suburban,18,1170.26,65.01,26,2,0.075,0.452,0,0.256,0.117,12,3.16,8,31.1,1,1,0
47,Female,52706,High School,Married,2,Southeast,Suburban,10,727.63,72.76,47,4,0.07,0.532,0,0.339,0.159,11,4.17,16,21.87,1,0,1
35,Female,30467,High School,Married,3,Southwest,Rural,16,650.94,40.68,11,6,0.061,0.823,1,0.244,0.031,16,3.6,11,22.88,0,0,0
57,Female,84482,High School,Married,6,Midwest,Rural,30,3037.18,101.24,16,7,0.083,0.395,1,0.299,0.087,17,6.78,11,12.33,0,0,1
25,Female,82549,Master,Single,2,Southwest,Suburban,20,2625.13,131.26,26,1,0.085,0.403,1,0.279,0.035,9,11.64,20,27.42,0,0,1
58,Female,76255,High School,Divorced,2,Southwest,Urban,16,888.56,55.54,40,2,0.031,0.354,0,0.134,0.033,11,3.27,11,22.53,0,0,0
44,Male,97201,Master,Married,5,Midwest,Suburban,20,2055.71,102.79,27,5,0.033,0.517,0,0.297,0.114,15,6.92,6,25.17,0,0,0
36,Female,59117,Bachelor,Married,4,West,Urban,12,1005.29,83.77,34,2,0.17,0.336,0,0.22,0.054,6,10.68,11,37.27,0,0,0
41,Male,58314,Bachelor,Married,3,Southwest,Suburban,12,836.4,69.7,49,1,0.171,0.297,0,0.327,0.155,3,5.64,14,24.74,1,0,0
40,Female,103164,PhD,Married,3,West,Suburban,19,2038.89,107.31,18,3,0.159,0.667,0,0.404,0.078,8,5.43,10,23.19,0,0,1
60,Male,91018,High School,Married,4,Southeast,Rural,21,1734.71,82.61,29,4,0.239,0.423,1,0.416,0.072,15,16.85,4,21.47,1,0,1
25,Female,84721,Bachelor,Single,2,Southwest,Rural,13,1109.39,85.34,46,5,0.077,0.476,0,0.49,0.177,9,9.79,10,12.89,1,0,1
30,Male,76531,Bachelor,Married,5,Midwest,Suburban,17,1188.38,69.9,28,3,0.065,0.498,0,0.212,0.099,16,4.38,14,37.01,1,0,1
57,Male,71637,High School,Married,4,West,Suburban,17,1166.64,68.63,20,4,0.126,0.832,0,0.351,0.036,14,14.26,8,29.78,1,1,1
33,Female,71046,Bachelor,Divorced,6,Midwest,Suburban,8,625.96,78.25,56,3,0.121,0.667,0,0.461,0.196,5,7.51,14,35.61,0,0,1
55,Male,84773,Bachelor,Married,2,Southeast,Urban,17,1373.82,80.81,37,3,0.114,0.534,1,0.415,0.13,13,11.92,6,6.98,0,1,0
67,Female,78810,Bachelor,Married,2,Southeast,Rural,28,1357.03,48.47,18,5,0.358,0.488,1,0.195,0.025,16,6.93,3,10.49,0,0,1
35,Male,83969,Master,Married,3,Southeast,Suburban,8,657.33,82.17,71,3,0.029,0.623,0,0.28,0.102,11,5.85,11,29.03,0,0,0
52,Male,62177,Bachelor,Married,6,Southeast,Suburban,9,505.6,56.18,37,1,0.137,0.352,0,0.285,0.076,6,4.06,10,68.65,1,1,0
24,Male,42938,High School,Single,1,Midwest,Urban,5,201.75,40.35,57,3,0.158,0.487,0,0.286,0.077,10,4.36,14,45.04,0,0,1
53,Female,107541,Bachelor,Married,5,West,Suburban,20,2063.38,103.17,15,1,0.044,0.422,1,0.453,0.061,8,3.82,9,23.5,0,0,1
44,Male,73142,High School,Single,1,Southeast,Suburban,6,287.36,47.89,64,1,0.048,0.378,0,0.403,0.15,11,7.32,11,49.05,0,1,0
49,Female,65953,Bachelor,Married,3,Southeast,Urban,21,1208.64,57.55,19,5,0.074,0.369,1,0.223,0.032,11,3.59,11,67.68,0,1,0
32,Male,80113,Master,Married,4,West,Suburban,10,487.35,48.74,59,7,0.158,0.832,0,0.346,0.102,8,11.45,11,25.11,0,1,0
18,Male,42484,Bachelor,Divorced,3,Southeast,Urban,11,475.19,43.2,20,4,0.184,0.594,0,0.305,0.132,7,10.98,15,28.47,1,1,0
49,Male,93862,Master,Divorced,3,West,Rural,22,2745.33,124.79,21,2,0.102,0.333,1,0.445,0.177,13,3.09,12,41.08,1,0,1
18,Male,100616,PhD,Single,4,Southeast,Suburban,19,1235.22,65.01,20,5,0.089,0.196,1,0.308,0.057,9,7.23,18,69.01,0,0,1
37,Female,94995,Master,Married,4,Midwest,Suburban,16,1191.54,74.47,40,2,0.038,0.37,0,0.249,0.107,10,6.95,6,19.76,0,0,1
56,Female,122662,Bachelor,Single,2,Northeast,Urban,23,2740.95,119.17,25,8,0.056,0.408,0,0.398,0.18,9,7.07,6,9.53,0,0,1
44,Female,93687,Bachelor,Single,1,West,Urban,21,1797.89,85.61,19,4,0.211,0.537,1,0.53,0.21,9,7.86,12,16.06,0,1,1
71,Male,130460,PhD,Divorced,3,West,Urban,36,3328.51,92.46,14,7,0.158,0.222,1,0.219,0.109,15,6.62,3,22.93,0,0,0
57,Male,96357,Bachelor,Single,2,West,Suburban,28,1800.97,64.32,20,4,0.073,0.452,1,0.176,0.023,11,3.16,6,7.63,0,0,0
32,Male,78163,Master,Married,6,Northeast,Rural,3,247.66,82.55,55,2,0.031,0.594,0,0.27,0.035,7,7.89,15,22.22,0,0,0
42,Female,42287,High School,Divorced,1,West,Urban,7,312.66,44.67,68,4,0.131,0.42,0,0.372,0.131,7,3.42,8,14.9,1,1,0
41,Male,77986,High School,Divorced,3,West,Urban,11,1237.35,112.49,21,3,0.181,0.939,0,0.224,0.052,2,5.77,13,6.52,0,1,0
18,Female,85134,Master,Married,4,Midwest,Urban,15,1003.73,66.92,17,6,0.298,0.647,0,0.302,0.083,7,13.39,10,56.92,1,0,1
27,Male,73584,Master,Married,4,Southwest,Suburban,12,1207.1,100.59,33,2,0.18,0.517,0,0.23,0.091,11,3.31,17,16.53,1,0,0
33,Male,86109,Master,Married,2,West,Rural,16,1449.7,90.61,42,2,0.022,0.407,0,0.084,0.039,10,8.9,15,40.74,0,0,1
18,Male,103614,PhD,Single,2,Southeast,Suburban,17,1686.18,99.19,39,7,0.005,0.555,1,0.196,0.038,15,14.41,17,46.86,1,1,1
42,Male,71895,High School,Married,6,Northeast,Suburban,13,816.18,62.78,48,5,0.082,0.788,0,0.289,0.049,8,14.18,8,56.32,0,0,0
38,Female,34053,High School,Married,1,West,Urban,11,416.22,37.84,16,1,0.088,0.458,0,0.47,0.188,12,4.59,9,14.8,1,0,0
18,Male,88654,PhD,Single,2,Midwest,Suburban,23,1589.96,69.13,27,3,0.151,0.502,1,0.157,0.069,14,7.57,17,30.54,1,0,1
48,Female,61485,High School,Divorced,1,West,Urban,12,979.82,81.65,46,3,0.055,0.433,0,0.248,0.102,11,7.27,5,9.5,0,1,0
52,Male,98895,Bachelor,Married,3,Midwest,Urban,19,1708.68,89.93,22,1,0.084,0.317,0,0.282,0.043,15,5.31,5,46.34,0,0,0
45,Female,92065,Bachelor,Single,3,Northeast,Urban,14,541.98,38.71,24,2,0.038,0.379,0,0.349,0.141,9,5.37,15,24.41,1,1,0
37,Male,74979,High School,Married,6,Midwest,Suburban,28,1168.14,41.72,20,6,0.062,0.62,1,0.279,0.077,9,11.4,14,43.07,1,0,0
50,Female,63831,Bachelor,Married,3,Southwest,Urban,10,592.12,59.21,21,7,0.024,0.191,0,0.404,0.139,6,5.04,12,17.62,1,0,0
52,Female,70438,Bachelor,Widowed,2,Northeast,Suburban,12,911.33,75.94,41,5,0.062,0.555,0,0.143,0.037,13,21.33,7,29.08,1,1,0
46,Other,109111,Master,Married,1,Southeast,Urban,27,2159.23,79.97,19,1,0.099,0.46,1,0.545,0.057,15,3.37,9,64.29,0,1,1
29,Male,69925,Master,Single,3,Northeast,Rural,14,768.71,54.91,32,7,0.014,0.342,0,0.277,0.138,13,3.74,14,42.19,1,0,0
46,Female,54578,Bachelor,Married,6,Southwest,Rural,13,488.87,37.61,47,3,0.151,0.472,0,0.247,0.042,7,3.88,13,15.77,1,1,0
59,Male,95788,Bachelor,Divorced,3,West,Suburban,11,1057.7,96.15,30,4,0.179,0.624,0,0.174,0.064,5,4.09,7,16.68,1,0,1
33,Male,58791,Bachelor,Married,3,Midwest,Urban,16,982.17,61.39,26,4,0.039,0.328,1,0.156,0.029,10,3.63,14,22.46,1,1,0
73,Male,110846,High School,Married,2,Southwest,Suburban,9,1071.29,119.03,59,2,0.137,0.406,0,0.201,0.023,8,14.7,5,27.92,0,0,0
34,Male,72242,Bachelor,Divorced,4,Southeast,Rural,6,240.76,40.13,82,2,0.097,0.279,0,0.255,0.127,9,3.19,9,5.06,0,0,0
42,Other,61603,High School,Widowed,3,Midwest,Urban,8,597.01,74.63,54,1,0.15,0.652,0,0.343,0.035,3,4.55,8,3.02,0,1,0
31,Male,59861,Bachelor,Widowed,3,Midwest,Rural,9,637.96,70.88,33,6,0.155,0.437,0,0.232,0.08,7,6.07,15,29.1,0,0,0
45,Female,100462,Bachelor,Married,3,Southwest,Suburban,23,2235.0,97.17,14,3,0.154,0.544,1,0.266,0.105,14,3.46,5,31.89,0,1,0
18,Female,60378,Bachelor,Married,6,West,Rural,8,613.78,76.72,65,2,0.283,0.54,0,0.327,0.107,7,3.67,21,39.66,1,1,0
33,Female,45872,High School,Married,6,Southwest,Rural,13,556.34,42.8,13,2,0.171,0.639,0,0.152,0.062,11,7.91,8,44.51,1,0,0
25,Female,48688,Bachelor,Married,5,West,Urban,23,1166.81,50.73,22,6,0.1,0.981,1,0.316,0.053,14,8.98,12,43.1,1,0,0
44,Male,74697,Bachelor,Divorced,3,West,Suburban,21,1484.21,70.68,14,8,0.022,0.467,1,0.452,0.049,24,6.21,10,8.25,0,0,0
56,Female,55735,High School,Widowed,3,Northeast,Urban,6,226.87,37.81,78,6,0.199,0.445,0,0.263,0.083,9,3.99,8,17.82,0,1,0
51,Male,126833,PhD,Divorced,3,Midwest,Urban,18,2052.89,114.05,14,5,0.03,0.779,0,0.221,0.06,12,3.65,6,48.8,0,0,1
18,Female,20000,High School,Single,3,West,Suburban,6,90.0,15.0,55,1,0.135,0.579,0,0.253,0.103,9,6.95,12,49.79,1,0,0
72,Female,111107,Master,Married,3,West,Rural,30,1869.25,62.31,19,5,0.042,0.527,1,0.211,0.026,16,3.9,4,27.53,0,1,1
46,Other,71552,High School,Married,6,Southeast,Rural,17,547.64,32.21,33,3,0.104,0.546,1,0.204,0.025,10,3.78,7,71.26,1,1,0
30,Male,84731,Master,Married,4,Southwest,Urban,13,1226.69,94.36,21,6,0.046,0.35,0,0.353,0.083,14,5.37,12,57.8,0,0,1
44,Male,50040,High School,Single,1,Southeast,Urban,23,1364.64,59.33,16,4,0.228,0.626,1,0.123,0.051,10,4.69,9,50.28,1,0,1
44,Male,100703,Master,Married,3,Northeast,Suburban,12,836.31,69.69,35,7,0.075,0.351,0,0.233,0.067,5,4.26,5,38.52,0,0,0
31,Male,52109,Bachelor,Married,2,West,Urban,20,1159.61,57.98,24,1,0.152,0.298,1,0.067,0.028,11,8.09,9,18.67,0,1,0
44,Male,90464,Master,Married,2,West,Urban,14,1127.24,80.52,39,4,0.124,0.413,0,0.115,0.041,7,17.32,6,14.8,1,0,0
32,Female,75977,Bachelor,Divorced,3,Midwest,Rural,13,561.55,43.2,13,3,0.03,0.632,0,0.133,0.036,6,6.44,6,33.81,0,0,0
35,Male,60543,High School,Married,5,Northeast,Rural,23,1453.38,63.19,10,6,0.075,0.285,1,0.403,0.175,13,8.22,13,53.38,0,1,1
31,Female,70274,Master,Married,6,West,Rural,23,2136.99,92.91,11,6,0.085,0.404,0,0.27,0.099,11,4.41,9,16.49,1,0,0
20,Female,59562,High School,Single,3,Midwest,Suburban,7,637.56,91.08,35,3,0.06,0.55,0,0.381,0.102,7,3.75,12,56.02,1,1,0
44,Female,107100,PhD,Divorced,1,Northeast,Suburban,24,2414.79,100.62,7,2,0.131,0.388,1,0.316,0.046,12,3.77,12,49.13,0,0,1
50,Male,76744,High School,Married,4,Southeast,Suburban,20,1470.76,73.54,32,4,0.181,0.635,1,0.31,0.077,7,5.96,10,0.0,1,1,0
49,Male,102736,Bachelor,Single,1,Northeast,Urban,33,3295.35,99.86,7,2,0.092,0.428,1,0.156,0.019,14,5.78,8,46.64,1,1,0
54,Male,115562,Master,Widowed,2,Southwest,Rural,20,2037.9,101.9,10,4,0.083,0.467,0,0.197,0.058,15,5.96,8,10.52,1,0,1
46,Male,94201,Bachelor,Married,4,Southeast,Urban,25,1365.54,54.62,16,6,0.189,0.349,1,0.444,0.054,6,12.54,9,34.67,0,1,0
34,Female,70690,Bachelor,Married,3,Northeast,Suburban,10,470.72,47.07,63,2,0.067,0.591,0,0.326,0.133,10,9.23,16,34.13,0,0,1
54,Male,110709,Master,Married,5,West,Suburban,14,1372.67,98.05,47,2,0.089,0.259,0,0.4,0.097,12,4.75,8,42.7,0,0,0
21,Female,75603,Master,Single,1,West,Urban,8,435.45,54.43,61,6,0.152,0.313,0,0.278,0.096,2,6.6,13,27.73,1,0,0
28,Female,74860,PhD,Single,1,Northeast,Suburban,22,1032.36,46.93,12,1,0.076,0.409,1,0.242,0.054,16,8.17,11,41.64,0,0,0
27,Female,66741,Bachelor,Single,2,Southeast,Urban,16,1426.53,89.16,10,1,0.281,0.607,0,0.353,0.16,5,11.42,14,26.63,1,0,1
58,Male,90845,Bachelor,Married,3,Midwest,Suburban,19,1456.86,76.68,18,2,0.081,0.295,1,0.375,0.111,15,6.09,5,14.63,0,1,1
56,Male,94155,Bachelor,Married,6,Northeast,Suburban,11,833.57,75.78,20,2,0.038,0.403,0,0.173,0.069,7,3.33,5,9.53,0,0,0
49,Female,77880,Bachelor,Married,4,Northeast,Suburban,10,448.81,44.88,54,2,0.02,0.627,0,0.373,0.136,3,15.1,11,0.0,0,0,0
58,Female,90578,Master,Married,3,Southeast,Rural,23,1525.25,66.32,29,5,0.345,0.532,1,0.277,0.105,11,4.75,4,29.57,0,1,0
28,Male,72847,Bachelor,Divorced,3,West,Urban,14,833.77,59.55,15,4,0.055,0.302,0,0.283,0.087,8,11.5,11,19.06,1,0,0
47,Male,58500,Bachelor,Married,6,West,Suburban,17,699.51,41.15,22,2,0.216,0.367,0,0.429,0.214,11,4.08,8,3.41,0,0,0
40,Male,94482,Bachelor,Divorced,4,West,Rural,20,1058.63,52.93,32,4,0.155,0.793,0,0.323,0.045,16,9.5,13,16.66,1,0,0
54,Female,95328,Master,Married,3,Southwest,Suburban,26,2928.18,112.62,21,6,0.078,0.335,1,0.209,0.063,9,3.12,5,21.12,0,1,0
40,Male,106282,PhD,Married,5,Southwest,Rural,23,2560.57,111.33,27,3,0.144,0.67,1,0.308,0.076,10,9.01,18,45.87,0,1,1
36,Female,77778,Bachelor,Single,1,Midwest,Suburban,7,467.53,66.79,85,2,0.128,0.6,0,0.382,0.093,9,4.18,14,24.94,0,1,0
50,Male,89460,Bachelor,Single,2,Midwest,Suburban,14,674.49,48.18,27,4,0.079,0.798,0,0.298,0.12,7,6.17,8,13.51,0,0,0
55,Female,78465,Master,Married,4,Southwest,Rural,21,729.22,34.72,25,4,0.046,0.488,0,0.303,0.031,10,4.28,3,34.84,1,0,0
31,Female,77761,Bachelor,Married,2,Southwest,Rural,15,897.74,59.85,35,2,0.116,0.853,0,0.343,0.087,13,8.17,19,27.98,1,0,0
41,Female,62947,High School,Married,5,Northeast,Rural,23,377.28,16.4,21,5,0.115,0.484,1,0.358,0.095,15,4.42,10,14.59,1,0,0
26,Male,36871,High School,Single,2,Southeast,Urban,10,393.8,39.38,32,2,0.127,0.669,0,0.602,0.182,8,10.36,11,65.52,1,0,0
18,Male,28754,High School,Married,4,West,Suburban,18,270.0,15.0,33,5,0.109,0.31,1,0.207,0.053,12,4.16,9,42.49,0,1,0
45,Male,71589,Bachelor,Widowed,2,Southeast,Urban,10,639.09,63.91,54,3,0.037,0.671,0,0.259,0.056,10,15.58,7,25.79,0,0,0
51,Female,76918,Master,Single,2,Southeast,Urban,12,868.65,72.39,32,3,0.117,0.482,0,0.393,0.126,6,4.25,8,20.43,1,0,0
45,Female,102434,Bachelor,Married,3,Midwest,Suburban,14,1084.72,77.48,27,3,0.14,0.409,0,0.407,0.189,5,4.59,7,3.93,1,1,0
18,Female,77292,Bachelor,Single,3,Southeast,Rural,12,1344.97,112.08,14,5,0.104,0.589,0,0.177,0.041,7,13.7,17,23.64,1,1,0
36,Male,106175,PhD,Married,3,Northeast,Suburban,10,789.62,78.96,58,3,0.054,0.415,0,0.325,0.046,14,5.93,6,43.48,0,0,0
18,Female,66649,Master,Single,2,Southeast,Rural,12,1175.16,97.93,25,4,0.067,0.675,0,0.174,0.052,1,4.98,19,48.7,1,0,0
62,Male,87243,Bachelor,Divorced,4,Southwest,Rural,23,1829.57,79.55,18,2,0.032,0.467,1,0.4,0.175,18,4.1,8,29.36,0,1,0
25,Female,71970,Bachelor,Divorced,3,Southeast,Urban,22,2337.28,106.24,17,4,0.066,0.418,1,0.312,0.048,7,4.13,11,24.19,1,0,0
60,Male,99967,High School,Divorced,3,Southwest,Urban,18,807.68,44.87,29,3,0.039,0.329,0,0.219,0.096,11,14.42,3,4.25,0,1,1
56,Female,61844,High School,Married,4,Northeast,Urban,11,431.99,39.27,33,2,0.02,0.25,0,0.16,0.062,7,4.07,6,42.2,1,1,0
28,Male,31236,High School,Single,2,Northeast,Suburban,17,677.94,39.88,15,4,0.303,0.61,1,0.12,0.039,5,10.53,13,43.8,0,1,0
25,Male,83814,Bachelor,Single,1,West,Urban,17,1767.49,103.97,36,1,0.096,0.564,1,0.265,0.074,7,4.08,11,38.76,1,1,1
47,Female,51392,Bachelor,Married,2,Southwest,Suburban,8,407.32,50.91,31,4,0.157,0.462,0,0.412,0.11,9,23.27,14,42.09,0,0,0
29,Male,33672,High School,Single,3,Southwest,Urban,17,564.95,33.23,11,6,0.081,0.43,1,0.172,0.067,10,5.47,12,35.25,1,0,1
43,Female,56297,High School,Single,1,Northeast,Urban,17,1194.8,70.28,16,5,0.303,0.261,0,0.412,0.119,13,6.45,9,34.91,1,0,0
34,Female,44393,Bachelor,Divorced,4,Southeast,Suburban,9,632.83,70.31,43,4,0.085,0.675,0,0.35,0.127,7,11.51,11,32.81,1,0,0
18,Female,71682,Bachelor,Married,4,West,Suburban,9,454.49,50.5,41,3,0.128,0.367,0,0.333,0.038,12,6.8,16,24.75,1,0,1
18,Male,67853,Bachelor,Single,2,Northeast,Rural,17,852.61,50.15,34,3,0.066,0.319,0,0.152,0.073,10,7.59,18,30.56,1,0,1
45,Female,67978,Bachelor,Divorced,4,West,Rural,9,880.99,97.89,28,1,0.029,0.685,0,0.335,0.094,11,4.91,6,21.49,0,1,0
33,Female,86194,Bachelor,Married,3,Midwest,Rural,15,1471.1,98.07,37,4,0.047,0.424,0,0.202,0.094,12,4.74,10,9.16,1,0,0
33,Male,88739,Bachelor,Single,6,Southwest,Urban,28,2931.54,104.7,8,1,0.155,0.597,1,0.328,0.116,18,9.46,14,29.61,0,1,1
52,Female,65502,High School,Divorced,2,Southwest,Suburban,21,1712.85,81.56,20,9,0.121,0.525,1,0.35,0.128,10,4.53,10,50.65,0,0,0
59,Male,66039,High School,Widowed,3,Southeast,Suburban,12,551.37,45.95,50,1,0.095,0.517,0,0.273,0.049,8,10.79,8,4.33,0,0,0
37,Male,119094,Master,Married,6,Southeast,Urban,29,2577.74,88.89,13,8,0.029,0.571,1,0.534,0.069,13,6.88,14,50.29,0,0,0
36,Male,110217,PhD,Single,3,Southwest,Suburban,30,1916.38,63.88,22,10,0.168,0.38,1,0.317,0.059,15,4.23,13,40.81,1,1,1
49,Male,83644,Bachelor,Married,3,West,Suburban,15,1370.08,91.34,32,6,0.075,0.281,0,0.423,0.133,17,3.78,11,36.8,1,0,0
21,Male,107853,PhD,Single,1,Northeast,Urban,11,803.62,73.06,49,3,0.115,0.456,0,0.222,0.025,10,11.39,17,42.3,0,0,0
45,Female,81128,Bachelor,Married,3,Southeast,Urban,11,399.63,36.33,38,2,0.251,0.526,0,0.307,0.139,8,22.75,6,6.7,0,1,0
50,Female,58015,High School,Married,3,Southeast,Rural,22,1348.18,61.28,18,6,0.111,0.453,1,0.151,0.041,19,6.25,8,25.15,0,0,0
52,Male,113402,PhD,Widowed,4,Midwest,Suburban,20,2184.11,109.21,10,6,0.071,0.208,1,0.381,0.112,14,4.17,9,27.18,0,0,0
18,Female,55579,High School,Single,5,Northeast,Urban,11,332.73,30.25,20,2,0.169,0.514,0,0.206,0.032,10,4.19,16,35.06,0,0,0
30,Female,49717,Master,Divorced,1,West,Rural,8,418.86,52.36,55,6,0.072,0.399,0,0.118,0.052,7,17.68,9,23.95,1,1,1
28,Female,58679,Bachelor,Single,1,Midwest,Rural,17,820.23,48.25,28,3,0.013,0.639,1,0.242,0.088,8,5.59,15,23.19,1,0,0
43,Female,95745,Bachelor,Married,6,West,Rural,16,1563.11,97.69,42,7,0.065,0.496,1,0.307,0.042,6,9.85,7,30.92,0,1,1
49,Female,72121,Bachelor,Divorced,2,West,Suburban,12,301.43,25.12,50,1,0.106,0.702,0,0.388,0.068,8,8.98,12,14.17,1,0,0
64,Male,114991,Bachelor,Married,4,Southeast,Suburban,18,1983.51,110.2,33,1,0.113,0.382,0,0.224,0.027,10,4.62,5,17.71,0,0,1
34,Male,89021,Bachelor,Married,1,Northeast,Suburban,20,1208.17,60.41,16,5,0.102,0.41,1,0.387,0.134,11,7.55,6,39.32,0,0,1
34,Male,66817,Bachelor,Married,3,West,Suburban,12,722.5,60.21,31,4,0.236,0.368,0,0.286,0.043,7,8.93,17,34.17,1,0,0
59,Female,79271,Bachelor,Divorced,4,Midwest,Rural,10,868.08,86.81,21,3,0.023,0.386,0,0.291,0.086,9,9.2,10,11.81,0,0,0
46,Male,103089,PhD,Single,3,Northeast,Suburban,12,1333.47,111.12,38,4,0.009,0.342,0,0.179,0.068,8,14.76,11,9.45,1,0,0
61,Female,144369,Master,Married,2,West,Urban,23,2373.85,103.21,9,6,0.225,0.74,1,0.305,0.095,12,6.14,11,30.74,1,1,1
46,Male,105516,Bachelor,Married,1,Midwest,Suburban,15,1023.87,68.26,26,3,0.131,0.209,0,0.36,0.104,15,3.89,8,23.96,1,0,0
24,Female,61680,Bachelor,Single,2,Southeast,Suburban,8,401.68,50.21,54,2,0.222,0.43,0,0.299,0.041,10,3.85,13,24.29,0,1,0
22,Male,64077,Master,Single,5,Midwest,Rural,12,1024.32,85.36,23,2,0.059,0.402,0,0.236,0.072,6,7.06,13,26.87,0,0,0
18,Male,56755,Bachelor,Married,3,West,Urban,9,366.24,40.69,60,4,0.284,0.615,0,0.19,0.024,2,10.02,12,84.17,0,0,0
51,Male,70057,High School,Married,6,Northeast,Suburban,16,1145.7,71.61,32,6,0.143,0.412,0,0.05,0.005,11,4.08,11,28.58,1,1,0
59,Male,69149,Bachelor,Single,3,Southeast,Urban,17,1100.3,64.72,14,5,0.016,0.491,0,0.417,0.184,12,10.46,4,11.49,0,1,0
69,Male,112000,Master,Married,1,Southeast,Urban,8,809.48,101.19,80,1,0.051,0.684,0,0.24,0.113,9,18.54,4,21.76,1,1,0
54,Female,88636,High School,Widowed,4,West,Suburban,25,1875.02,75.0,18,5,0.082,0.287,1,0.258,0.026,10,22.39,7,21.37,0,0,1
59,Male,45809,High School,Single,2,West,Urban,22,972.99,44.23,8,4,0.102,0.573,1,0.226,0.081,19,11.3,3,42.81,0,0,1
33,Male,79398,Bachelor,Married,6,Southeast,Suburban,12,715.41,59.62,28,5,0.347,0.474,1,0.272,0.052,12,3.04,12,62.1,1,0,0
24,Female,80421,Bachelor,Married,6,Southwest,Urban,15,896.32,59.75,44,3,0.146,0.82,0,0.422,0.12,6,3.03,15,43.84,1,0,0
54,Male,75391,Bachelor,Single,1,Southeast,Rural,13,521.38,40.11,48,4,0.048,0.859,0,0.325,0.099,13,14.24,5,22.99,1,0,0
48,Female,104412,Bachelor,Single,2,Midwest,Rural,11,1015.6,92.33,22,1,0.077,0.422,0,0.284,0.086,19,3.46,10,34.02,0,1,1
43,Other,64644,Bachelor,Married,4,West,Urban,11,731.73,66.52,54,1,0.186,0.363,0,0.152,0.054,8,4.26,8,30.46,0,0,0
47,Male,69816,High School,Married,4,Midwest,Suburban,8,284.68,35.59,57,4,0.104,0.32,0,0.11,0.02,4,11.75,9,38.79,1,1,0
46,Male,57798,High School,Single,1,West,Urban,12,609.44,50.79,14,3,0.042,0.524,0,0.223,0.089,11,5.03,8,25.0,0,0,0
61,Male,99795,Master,Divorced,1,Southwest,Suburban,12,892.65,74.39,45,2,0.069,0.158,0,0.366,0.069,8,4.33,8,10.98,0,0,0
61,Female,95140,Master,Divorced,2,Northeast,Urban,15,987.93,65.86,25,4,0.163,0.271,1,0.346,0.159,14,3.71,7,42.45,0,0,0
50,Female,76078,High School,Married,3,West,Urban,21,1378.47,65.64,18,4,0.066,0.83,1,0.345,0.045,19,11.27,7,52.93,1,1,0
54,Female,81532,High School,Married,4,Northeast,Rural,20,1372.55,68.63,18,5,0.094,0.239,1,0.279,0.036,18,6.06,7,34.82,0,0,1
49,Female,63833,High School,Widowed,2,Midwest,Urban,21,1675.88,79.8,23,4,0.134,0.59,1,0.347,0.047,13,4.21,9,14.05,0,0,0
35,Male,48200,Bachelor,Single,2,Midwest,Suburban,10,540.06,54.01,52,6,0.064,0.388,0,0.29,0.106,7,6.11,12,19.66,1,0,0
53,Female,104047,Master,Married,2,West,Urban,18,1690.13,93.9,28,5,0.08,0.566,1,0.419,0.059,13,14.05,9,18.79,0,0,1
21,Female,63730,Bachelor,Single,1,Southeast,Suburban,9,306.43,34.05,31,1,0.061,0.91,0,0.36,0.063,6,3.34,19,17.79,1,0,0
57,Female,82949,Bachelor,Single,1,West,Urban,12,602.92,50.24,43,4,0.119,0.526,0,0.172,0.04,8,6.19,4,18.56,1,0,0
24,Female,102808,Master,Single,2,West,Urban,14,755.0,53.93,17,9,0.214,0.37,0,0.302,0.11,8,6.78,17,53.07,1,1,1
46,Female,83941,PhD,Single,3,Northeast,Urban,16,1024.89,64.06,42,3,0.261,0.867,0,0.152,0.053,8,3.53,9,22.09,1,0,1
29,Male,20000,High School,Single,2,West,Urban,11,452.23,41.11,36,2,0.245,0.685,0,0.436,0.197,10,7.53,16,29.62,1,1,1
50,Male,54637,High School,Single,1,Southeast,Rural,5,453.36,90.67,38,4,0.009,0.583,0,0.2,0.031,4,8.66,13,28.15,0,1,0
41,Female,69056,High School,Divorced,1,Northeast,Rural,19,910.76,47.93,24,7,0.066,0.528,1,0.419,0.07,14,8.53,7,23.09,1,0,1
18,Male,54162,Master,Widowed,2,West,Rural,15,1111.01,74.07,31,2,0.087,0.614,1,0.255,0.05,10,3.75,18,55.12,0,0,0
48,Female,79285,Master,Single,2,Southeast,Urban,19,1006.94,53.0,10,5,0.132,0.321,1,0.191,0.042,11,7.06,9,45.12,1,1,1
33,Male,81265,Bachelor,Married,4,Midwest,Urban,27,1919.98,71.11,6,3,0.11,0.443,1,0.171,0.066,20,6.51,11,47.34,0,1,0
55,Female,76538,High School,Single,1,Midwest,Suburban,20,1304.46,65.22,34,2,0.133,0.568,1,0.456,0.14,11,4.1,9,44.75,0,1,1
42,Female,79855,Bachelor,Single,3,Southeast,Rural,16,823.22,51.45,23,4,0.141,0.394,0,0.315,0.099,8,3.06,11,18.85,0,1,0
47,Male,89921,Bachelor,Married,6,Southwest,Suburban,13,754.63,58.05,22,1,0.025,0.775,0,0.313,0.067,12,15.82,8,11.89,0,0,1
27,Female,55822,Bachelor,Single,1,Northeast,Urban,14,1258.05,89.86,32,2,0.11,0.441,0,0.05,0.02,6,9.5,18,24.69,0,0,0
33,Female,61315,Bachelor,Divorced,4,Southeast,Rural,9,449.94,49.99,18,1,0.093,0.633,0,0.446,0.127,9,7.86,9,38.43,0,0,0
35,Female,65746,High School,Married,2,West,Urban,20,1656.92,82.85,9,8,0.132,0.541,1,0.223,0.064,8,4.55,13,10.47,1,0,1
54,Male,78626,Master,Married,1,West,Rural,10,828.87,82.89,22,1,0.125,0.31,0,0.317,0.062,10,5.54,11,42.81,0,1,0
67,Male,62059,Bachelor,Married,1,Midwest,Rural,8,390.47,48.81,69,5,0.111,0.369,0,0.112,0.024,11,6.61,4,8.96,1,0,0
29,Male,57300,Bachelor,Single,2,Northeast,Rural,15,878.73,58.58,19,4,0.076,0.189,0,0.327,0.102,7,3.2,9,25.51,0,0,0
58,Male,85963,High School,Widowed,1,Midwest,Urban,21,1583.31,75.4,20,2,0.138,0.333,0,0.284,0.035,13,5.96,8,42.34,0,1,0
18,Female,73833,Master,Single,2,West,Suburban,25,1916.39,76.66,11,6,0.147,0.396,1,0.301,0.143,9,5.27,16,48.93,1,0,0
24,Other,72659,Bachelor,Divorced,3,Northeast,Suburban,16,931.66,58.23,28,2,0.356,0.415,0,0.224,0.071,11,4.88,14,14.07,0,1,0
27,Female,61955,PhD,Single,1,Northeast,Urban,14,431.78,30.84,30,6,0.145,0.416,1,0.327,0.116,9,6.44,9,3.45,1,1,0
21,Female,62132,Bachelor,Single,2,West,Suburban,16,752.91,47.06,23,2,0.092,0.542,1,0.1,0.011,16,4.32,12,52.01,1,1,1
18,Female,94807,PhD,Widowed,4,Southeast,Suburban,23,2316.44,100.71,17,4,0.064,0.467,0,0.254,0.03,11,3.95,13,24.33,1,1,1
48,Male,73738,Master,Single,2,Northeast,Urban,20,1324.82,66.24,25,4,0.047,0.681,1,0.281,0.136,9,9.59,9,36.54,1,0,1
38,Female,83930,Bachelor,Married,2,Northeast,Urban,24,1525.18,63.55,25,2,0.099,0.48,1,0.437,0.071,10,4.02,12,44.37,0,0,1
47,Male,106527,PhD,Married,3,West,Urban,18,967.71,53.76,18,6,0.129,0.168,1,0.271,0.045,12,3.9,10,35.12,0,0,0
52,Female,128270,Bachelor,Single,1,Midwest,Rural,27,3209.67,118.88,16,5,0.036,0.278,1,0.259,0.117,17,3.83,10,1.96,1,0,0
45,Male,43941,Bachelor,Married,2,Northeast,Rural,6,286.95,47.82,92,1,0.125,0.625,0,0.285,0.119,4,6.71,7,39.62,1,1,0
51,Male,86936,High School,Single,4,West,Suburban,16,1523.49,95.22,16,2,0.032,0.415,1,0.298,0.108,12,5.67,6,0.0,0,0,0
40,Female,66687,Bachelor,Single,2,West,Urban,8,615.93,76.99,79,3,0.044,0.551,0,0.119,0.045,8,6.09,14,31.76,1,0,0
24,Female,50542,Master,Single,2,Northeast,Suburban,18,1281.17,71.18,31,7,0.14,0.68,1,0.243,0.026,13,6.39,12,8.51,1,0,0
57,Female,93295,Master,Widowed,5,Midwest,Urban,22,2416.4,109.84,16,2,0.176,0.513,0,0.258,0.096,13,3.52,10,35.39,0,0,0
33,Female,56162,High School,Single,4,Southeast,Suburban,18,1088.98,60.5,20,5,0.089,0.346,1,0.151,0.029,12,5.41,13,35.97,0,0,0
27,Male,77762,Bachelor,Single,3,Midwest,Suburban,13,860.75,66.21,21,4,0.117,0.404,0,0.385,0.073,6,7.32,11,24.4,1,0,0
39,Female,82629,High School,Married,6,Southeast,Rural,13,1333.7,102.59,23,5,0.178,0.203,0,0.398,0.109,8,3.75,6,61.65,0,1,0
28,Male,99328,Master,Single,2,Southeast,Urban,26,2504.93,96.34,18,6,0.133,0.65,1,0.13,0.035,9,4.37,15,31.17,0,0,1
35,Female,54119,Bachelor,Married,5,Midwest,Urban,9,386.67,42.96,18,1,0.253,0.378,0,0.39,0.122,6,4.46,8,42.5,1,1,1
47,Female,125152,PhD,Single,2,Midwest,Rural,32,3630.18,113.44,5,6,0.159,0.404,1,0.298,0.117,18,7.93,8,27.88,0,0,1
47,Male,69069,High School,Married,3,Southeast,Rural,14,1327.68,94.83,48,4,0.168,0.482,0,0.29,0.133,12,3.2,9,38.34,1,1,1
28,Female,53180,Bachelor,Single,2,Northeast,Suburban,11,165.0,15.0,25,2,0.042,0.428,1,0.236,0.066,12,9.66,15,34.54,0,1,0
34,Female,79621,Master,Married,4,West,Urban,20,898.41,44.92,30,2,0.25,0.653,1,0.343,0.116,10,7.48,15,20.87,1,0,0
58,Male,76352,Bachelor,Married,2,Northeast,Suburban,13,675.66,51.97,36,5,0.153,0.433,0,0.227,0.068,10,4.25,11,51.12,0,0,0
49,Female,65356,High School,Married,6,Southwest,Suburban,13,1002.81,77.14,30,5,0.092,0.506,1,0.21,0.021,13,7.5,9,19.75,0,0,1
73,Female,88055,Bachelor,Divorced,3,Northeast,Rural,11,987.86,89.81,48,2,0.009,0.334,0,0.396,0.171,8,8.0,3,17.33,1,0,1
59,Female,57380,High School,Married,2,Southwest,Suburban,16,1105.29,69.08,12,7,0.029,0.429,1,0.303,0.12,19,5.03,7,24.83,0,0,1
59,Male,124986,PhD,Single,1,Northeast,Urban,16,1760.33,110.02,35,3,0.22,0.166,0,0.338,0.164,14,3.92,10,16.7,1,0,0
21,Male,66830,Bachelor,Single,2,Southeast,Suburban,9,371.26,41.25,65,3,0.091,0.414,0,0.436,0.109,11,12.55,14,53.6,0,1,1
53,Female,80186,Bachelor,Divorced,3,Southwest,Urban,16,735.55,45.97,19,6,0.279,0.232,1,0.316,0.135,18,9.55,15,17.32,1,1,1
41,Male,93914,Bachelor,Widowed,2,Southeast,Urban,10,1020.2,102.02,31,6,0.051,0.394,0,0.337,0.132,8,6.2,12,16.46,0,0,0
33,Other,48093,High School,Single,2,Midwest,Suburban,10,561.22,56.12,21,1,0.214,0.534,0,0.34,0.05,9,3.38,13,29.94,0,0,1
44,Male,86258,Master,Married,3,Northeast,Urban,18,1751.44,97.3,34,4,0.112,0.671,1,0.216,0.105,12,4.24,9,45.6,1,0,0
56,Female,125307,PhD,Single,3,Southeast,Rural,21,1652.32,78.68,28,3,0.208,0.243,0,0.244,0.039,20,6.03,6,40.82,1,0,0
49,Female,92813,Master,Married,6,Southwest,Suburban,19,1050.4,55.28,20,2,0.027,0.26,0,0.275,0.119,8,5.35,9,19.42,0,0,0
28,Male,64271,Bachelor,Single,3,Northeast,Suburban,14,514.05,36.72,25,1,0.069,0.569,0,0.402,0.116,10,7.67,10,43.27,1,0,0
53,Male,45193,Bachelor,Widowed,1,Northeast,Suburban,12,823.4,68.62,32,2,0.136,0.496,0,0.43,0.146,12,15.46,10,0.0,1,0,0
32,Female,51450,High School,Single,3,Southeast,Rural,6,470.19,78.37,58,1,0.158,0.906,0,0.345,0.106,7,6.56,13,51.25,0,0,0
45,Female,49192,Bachelor,Married,3,Northeast,Rural,11,719.75,65.43,34,3,0.066,0.457,0,0.36,0.046,11,4.27,11,2.36,0,0,0
37,Male,51885,Bachelor,Married,5,Northeast,Rural,7,323.93,46.28,32,4,0.162,0.322,0,0.208,0.1,11,4.26,11,17.83,1,1,0
38,Female,50970,Bachelor,Divorced,2,Southeast,Suburban,13,886.96,68.23,13,4,0.104,0.634,1,0.227,0.102,13,14.34,16,33.73,0,0,0
53,Male,97361,PhD,Married,4,Northeast,Urban,20,1817.49,90.87,28,5,0.172,0.304,0,0.075,0.025,9,5.23,9,19.26,1,1,1
26,Male,53167,Bachelor,Single,3,West,Suburban,13,209.02,16.08,26,2,0.137,0.558,0,0.337,0.1,9,5.69,12,43.5,0,0,0
71,Female,75102,High School,Widowed,3,Northeast,Suburban,15,908.14,60.54,28,4,0.127,0.311,0,0.221,0.052,9,3.68,8,7.46,1,0,0
18,Male,49964,High School,Single,3,West,Urban,17,1029.71,60.57,19,9,0.075,0.592,0,0.096,0.016,12,4.94,9,4.41,0,1,1
33,Female,70335,Bachelor,Married,3,West,Urban,10,873.29,87.33,35,4,0.139,0.76,0,0.319,0.132,10,5.03,18,7.39,1,0,0
47,Male,34683,High School,Divorced,4,Northeast,Suburban,14,638.94,45.64,14,2,0.158,0.603,1,0.44,0.135,13,12.98,15,43.93,0,0,0
50,Male,81849,Bachelor,Single,2,Northeast,Suburban,14,1034.67,73.91,25,4,0.108,0.435,0,0.334,0.124,17,9.01,8,46.11,1,0,1
40,Male,77373,Bachelor,Married,6,Northeast,Suburban,20,1346.78,67.34,20,4,0.068,0.332,0,0.339,0.074,5,4.2,14,49.16,0,0,1
41,Female,53471,High School,Divorced,2,Midwest,Suburban,11,682.45,62.04,53,3,0.039,0.601,0,0.343,0.156,10,7.81,6,20.46,1,1,1
48,Female,93086,Master,Widowed,3,Southwest,Suburban,24,1180.01,49.17,14,5,0.108,0.293,0,0.447,0.219,6,4.34,3,34.88,1,0,0
38,Female,58854,High School,Married,1,Midwest,Urban,20,946.36,47.32,10,5,0.038,0.511,1,0.339,0.123,10,3.43,14,37.15,0,0,1
62,Male,101668,Bachelor,Married,3,Midwest,Suburban,11,398.26,36.21,49,5,0.146,0.594,0,0.402,0.178,8,9.92,7,11.92,1,0,0
54,Male,60176,Bachelor,Divorced,4,Northeast,Rural,10,512.49,51.25,35,3,0.117,0.251,0,0.382,0.074,9,5.12,8,28.98,0,0,0
55,Female,80935,Bachelor,Divorced,4,West,Urban,11,884.19,80.38,56,1,0.363,0.252,0,0.05,0.024,8,3.01,6,32.14,1,1,1
27,Male,114825,PhD,Single,1,Southeast,Suburban,26,1860.87,71.57,26,4,0.253,0.657,1,0.296,0.057,13,4.33,14,37.05,0,0,0
40,Female,78849,High School,Divorced,2,West,Urban,11,708.33,64.39,54,2,0.074,0.488,0,0.293,0.056,9,9.2,12,29.77,1,0,0
37,Male,82964,Bachelor,Single,3,Southeast,Urban,18,1427.33,79.3,16,1,0.05,0.438,0,0.441,0.207,10,3.82,15,14.5,1,0,0
26,Female,84452,Master,Single,6,Southeast,Suburban,12,1520.12,126.68,24,4,0.121,0.505,0,0.254,0.054,8,6.36,13,15.25,0,0,0
47,Male,103019,Bachelor,Married,1,West,Suburban,29,2316.44,79.88,20,5,0.131,0.211,1,0.224,0.055,11,7.43,15,24.17,1,0,0
33,Female,95767,Bachelor,Widowed,5,Midwest,Suburban,8,738.14,92.27,47,2,0.067,0.625,0,0.52,0.23,8,7.61,12,40.37,1,0,0
51,Male,79463,Bachelor,Married,4,Southwest,Urban,11,725.94,65.99,28,2,0.191,0.524,0,0.321,0.142,6,3.03,12,60.22,0,1,0
25,Male,61058,Master,Divorced,2,Southeast,Suburban,17,1150.02,67.65,19,6,0.187,0.521,1,0.339,0.045,9,5.59,12,39.23,0,1,1
67,Male,105145,Master,Widowed,2,West,Urban,13,1066.06,82.0,35,3,0.033,0.7,0,0.161,0.037,9,4.69,5,33.91,1,1,0
28,Male,94450,High School,Married,6,West,Urban,17,1169.34,68.78,37,2,0.091,0.298,1,0.329,0.065,8,6.29,17,48.56,1,0,0
45,Male,38059,High School,Divorced,2,Midwest,Urban,6,269.87,44.98,74,2,0.056,0.752,0,0.282,0.129,5,3.74,12,34.06,0,1,0
53,Female,75941,Bachelor,Widowed,2,Southeast,Rural,8,743.3,92.91,58,2,0.078,0.813,0,0.183,0.04,9,3.62,8,23.21,0,0,0
33,Female,45809,Bachelor,Divorced,2,Southwest,Urban,16,939.0,58.69,34,3,0.243,0.557,1,0.322,0.063,12,9.13,11,37.46,1,0,0
54,Female,85671,Bachelor,Divorced,3,West,Urban,15,733.44,48.9,37,1,0.191,0.358,0,0.317,0.069,7,4.78,9,27.42,0,0,0
23,Female,40959,Bachelor,Single,2,Midwest,Suburban,5,209.97,41.99,113,1,0.121,0.701,0,0.248,0.112,8,3.19,16,21.81,1,0,0
63,Female,74368,High School,Single,3,West,Suburban,22,1085.61,49.35,11,4,0.211,0.297,1,0.213,0.037,11,14.23,10,13.25,1,1,1
42,Male,29948,High School,Single,1,Southeast,Suburban,8,508.18,63.52,80,3,0.168,0.333,0,0.338,0.059,6,7.77,10,17.79,0,0,0
33,Male,106264,PhD,Single,3,West,Suburban,16,1087.1,67.94,21,2,0.107,0.359,0,0.336,0.146,14,17.83,11,68.35,0,1,1
37,Male,73535,High School,Single,2,Northeast,Suburban,13,1092.05,84.0,24,3,0.062,0.29,0,0.25,0.042,8,3.09,8,41.85,1,0,1
54,Female,63040,High School,Widowed,4,Southeast,Urban,9,729.46,81.05,46,1,0.251,0.621,0,0.397,0.119,6,5.42,5,8.67,1,0,0
33,Male,64973,Bachelor,Married,1,Midwest,Rural,16,1045.96,65.37,19,1,0.196,0.271,0,0.242,0.071,7,5.89,11,29.35,1,1,0
30,Male,92148,PhD,Married,3,Southwest,Suburban,22,1913.18,86.96,13,8,0.165,0.513,1,0.17,0.018,13,5.1,14,57.5,0,1,1
38,Female,88713,Master,Married,5,Southeast,Urban,16,1029.24,64.33,41,2,0.075,0.381,0,0.348,0.12,12,4.41,12,53.43,0,1,1
24,Male,74227,Master,Single,3,West,Suburban,14,1177.35,84.1,15,4,0.182,0.441,0,0.242,0.089,3,3.25,18,33.99,1,1,0
69,Female,92321,High School,Single,2,West,Suburban,12,616.38,51.37,55,5,0.026,0.434,0,0.337,0.061,9,3.88,4,1.07,0,1,0
33,Female,100495,Master,Divorced,4,West,Urban,14,993.91,70.99,34,2,0.187,0.165,0,0.05,0.017,14,6.8,10,26.67,1,0,0
54,Male,71588,Bachelor,Married,3,Northeast,Rural,12,715.69,59.64,54,4,0.061,0.547,1,0.231,0.036,10,3.41,7,19.96,1,0,0
45,Male,71960,Bachelor,Married,5,Northeast,Suburban,11,942.81,85.71,56,6,0.244,0.446,0,0.227,0.09,7,4.08,9,12.87,1,1,0
27,Female,75724,Bachelor,Single,3,Midwest,Suburban,13,1325.57,101.97,38,1,0.334,0.382,0,0.341,0.107,10,3.53,12,18.12,1,0,0
41,Female,67074,Master,Married,3,Southwest,Suburban,22,1197.63,54.44,21,3,0.117,0.459,1,0.242,0.064,15,7.1,13,68.34,0,0,0
53,Male,68439,Master,Divorced,1,Northeast,Urban,11,685.13,62.28,60,2,0.119,0.521,0,0.117,0.056,4,9.39,7,27.29,0,0,0
39,Female,90194,Master,Single,2,Southwest,Rural,26,1338.32,51.47,17,4,0.054,0.361,1,0.16,0.077,17,4.94,13,20.8,1,0,0
59,Female,125245,PhD,Widowed,2,Midwest,Suburban,15,1364.4,90.96,17,4,0.107,0.485,0,0.11,0.013,8,8.26,5,0.0,1,1,0
57,Male,60365,High School,Single,1,Southwest,Suburban,10,822.12,82.21,66,8,0.209,0.845,0,0.315,0.069,6,4.47,7,33.25,1,0,0
55,Male,75920,Bachelor,Married,4,Midwest,Suburban,10,320.45,32.04,32,3,0.097,0.319,0,0.286,0.056,8,5.93,5,2.39,1,0,0
35,Female,42197,High School,Divorced,1,Southwest,Rural,11,566.15,51.47,19,1,0.065,0.453,0,0.221,0.107,8,5.82,6,20.95,1,1,0
25,Male,62596,Master,Married,3,Northeast,Suburban,15,1134.88,75.66,35,2,0.069,0.59,1,0.197,0.034,6,7.1,12,45.94,1,0,1
32,Female,76602,Bachelor,Single,5,Southeast,Urban,12,833.3,69.44,32,1,0.389,0.802,0,0.05,0.006,11,12.75,11,28.11,1,0,0
44,Male,73092,Master,Single,2,West,Suburban,10,627.59,62.76,35,2,0.116,0.436,0,0.382,0.069,10,4.97,9,19.19,0,1,0
50,Female,76617,Bachelor,Divorced,2,Southeast,Suburban,10,858.38,85.84,48,2,0.085,0.191,0,0.327,0.131,11,10.09,11,23.79,0,1,0
18,Female,41419,Bachelor,Single,3,West,Rural,6,207.21,34.53,30,3,0.113,0.592,0,0.323,0.099,4,3.22,17,68.45,0,0,1
41,Female,36570,High School,Married,4,Northeast,Suburban,6,196.18,32.7,80,1,0.073,0.603,0,0.257,0.125,2,8.89,7,26.76,1,1,1
44,Male,88852,Bachelor,Married,3,Midwest,Urban,9,337.51,37.5,45,4,0.044,0.481,0,0.354,0.15,5,3.49,12,10.28,1,1,0
37,Male,77402,Master,Married,4,Southeast,Urban,10,752.08,75.21,40,4,0.075,0.478,0,0.301,0.054,10,7.27,8,25.03,1,0,1
61,Female,77226,High School,Married,4,West,Suburban,13,949.47,73.04,48,3,0.128,0.632,0,0.425,0.107,6,5.33,12,0.0,0,0,0
48,Male,56378,Bachelor,Married,5,West,Suburban,19,887.67,46.72,31,4,0.085,0.471,1,0.329,0.14,9,6.83,13,34.57,1,1,1
61,Male,63270,High School,Widowed,1,Southeast,Urban,12,525.14,43.76,36,12,0.242,0.505,0,0.224,0.088,6,7.72,5,15.13,0,0,0
38,Female,82341,Bachelor,Married,4,Southeast,Suburban,19,1334.22,70.22,24,6,0.027,0.582,0,0.238,0.055,12,12.51,10,7.18,0,1,0
56,Male,109209,High School,Divorced,1,Southwest,Rural,19,1644.02,86.53,31,5,0.287,0.394,0,0.304,0.102,9,4.37,8,37.22,0,1,0
66,Male,63756,Bachelor,Married,2,West,Urban,22,834.4,37.93,17,4,0.236,0.442,1,0.199,0.066,6,4.28,5,62.96,0,0,0
61,Male,101383,Master,Married,2,Southwest,Suburban,21,877.21,41.77,25,9,0.116,0.545,1,0.132,0.059,16,9.43,5,0.0,0,1,0
25,Female,66784,Bachelor,Single,2,West,Urban,12,346.61,28.88,36,1,0.057,0.453,0,0.168,0.018,10,15.81,7,45.18,0,0,0
38,Female,61758,Bachelor,Married,3,Northeast,Urban,11,349.89,31.81,38,2,0.1,0.453,0,0.238,0.048,12,4.55,8,52.34,0,1,0
36,Male,82142,Bachelor,Married,5,Southwest,Urban,22,1033.11,46.96,31,5,0.227,0.377,1,0.391,0.15,12,4.08,10,32.41,1,0,0
49,Male,51799,High School,Married,4,Southwest,Suburban,14,759.07,54.22,12,3,0.071,0.496,1,0.199,0.071,9,4.27,12,25.1,1,1,0
52,Male,84507,Bachelor,Divorced,1,Southeast,Rural,12,887.42,73.95,31,4,0.016,0.518,0,0.268,0.063,9,16.73,3,12.7,1,1,0
29,Female,55968,Bachelor,Married,2,West,Suburban,22,1201.74,54.62,30,5,0.141,0.454,1,0.251,0.112,18,20.05,12,11.28,0,1,0
43,Male,78291,High School,Single,1,West,Urban,22,1679.05,76.32,30,4,0.086,0.446,1,0.273,0.108,16,5.87,13,33.55,1,1,0
18,Female,59854,Master,Married,3,West,Urban,11,747.37,67.94,49,1,0.087,0.831,0,0.428,0.145,11,10.47,15,48.45,1,1,1
63,Male,85721,Bachelor,Divorced,1,Southeast,Suburban,14,1112.43,79.46,33,3,0.104,0.295,0,0.299,0.059,6,10.32,4,19.51,1,0,0
34,Other,96985,Master,Single,3,Southeast,Urban,17,1364.67,80.27,31,4,0.201,0.693,0,0.071,0.016,9,6.34,12,16.88,1,0,0
42,Male,88779,PhD,Single,2,Midwest,Suburban,21,1118.5,53.26,14,6,0.033,0.632,0,0.122,0.044,17,11.48,12,33.2,0,0,0
37,Female,56231,High School,Married,3,Northeast,Urban,6,188.49,31.41,64,1,0.054,0.381,0,0.332,0.161,9,8.49,12,23.23,1,0,0
59,Male,60461,Bachelor,Married,4,West,Urban,17,832.82,48.99,26,2,0.082,0.441,1,0.133,0.059,15,9.7,6,26.05,0,1,0
18,Male,38680,Bachelor,Single,2,Northeast,Urban,7,504.34,72.05,27,3,0.074,0.397,0,0.298,0.055,13,9.62,14,53.97,1,0,0
41,Female,64131,High School,Single,2,Southwest,Suburban,10,1089.5,108.95,59,2,0.128,0.526,0,0.316,0.126,6,8.78,11,21.62,1,1,0
40,Female,72739,Master,Single,2,Southeast,Urban,10,775.14,77.51,39,4,0.022,0.678,0,0.274,0.13,9,3.79,11,49.81,0,0,0
35,Male,75431,Master,Widowed,4,Midwest,Urban,14,1048.24,74.87,44,6,0.133,0.475,0,0.222,0.031,7,6.2,16,51.46,0,0,0
67,Female,101596,Bachelor,Divorced,2,Northeast,Suburban,22,2247.02,102.14,17,8,0.015,0.673,1,0.278,0.103,14,7.68,3,0.0,0,1,0
28,Female,54312,Bachelor,Single,1,Southeast,Suburban,9,786.76,87.42,40,3,0.027,0.381,0,0.196,0.026,16,6.71,12,10.12,1,0,1
53,Female,80342,High School,Widowed,3,Midwest,Rural,8,413.81,51.73,35,3,0.131,0.184,0,0.238,0.024,10,7.72,14,25.81,1,0,0
47,Male,81434,Bachelor,Married,4,Southwest,Urban,13,1674.11,128.78,38,4,0.206,0.621,0,0.221,0.108,12,4.22,9,0.0,0,0,0
60,Female,110135,Master,Divorced,2,West,Urban,13,1518.74,116.83,34,1,0.279,0.215,0,0.336,0.062,10,3.18,8,0.79,0,0,0
31,Female,84014,Bachelor,Married,2,Northeast,Suburban,25,1116.93,44.68,26,6,0.162,0.484,1,0.273,0.115,13,8.29,11,54.22,0,0,1
31,Male,70197,Bachelor,Married,5,Northeast,Urban,11,496.42,45.13,34,1,0.081,0.182,0,0.27,0.087,9,18.59,9,67.23,0,0,1
58,Female,110082,Bachelor,Single,2,Southwest,Suburban,12,1696.55,141.38,41,3,0.06,0.487,0,0.345,0.121,17,6.07,5,21.58,0,0,1
48,Male,92668,Bachelor,Married,2,West,Urban,14,1358.99,97.07,37,2,0.056,0.256,0,0.134,0.022,10,3.1,2,33.96,0,1,0
18,Male,47148,Bachelor,Single,3,Southeast,Rural,9,374.67,41.63,35,7,0.069,0.412,0,0.137,0.055,8,7.39,13,9.84,1,0,0
33,Female,86397,Bachelor,Single,1,Southeast,Urban,11,822.61,74.78,55,5,0.125,0.36,0,0.189,0.044,9,7.56,11,49.7,1,0,0
47,Female,82157,Bachelor,Single,3,Northeast,Suburban,13,1120.09,86.16,27,3,0.042,0.729,0,0.308,0.105,8,8.2,9,17.27,0,0,1
54,Male,92879,Master,Married,5,Northeast,Rural,14,1318.99,94.21,35,5,0.196,0.491,0,0.129,0.034,8,3.03,9,18.83,0,1,0
31,Male,84575,Master,Divorced,2,Northeast,Rural,12,1195.83,99.65,39,5,0.39,0.359,0,0.231,0.04,10,5.11,12,47.32,1,0,0
18,Female,56684,High School,Single,4,Midwest,Suburban,13,821.43,63.19,29,2,0.171,0.221,0,0.38,0.059,8,3.93,15,45.65,1,1,1
49,Male,116625,PhD,Divorced,3,West,Rural,20,1878.43,93.92,13,1,0.221,0.1,0,0.219,0.056,15,4.19,6,44.46,0,0,0
23,Female,86335,Bachelor,Single,1,Northeast,Suburban,14,922.48,65.89,33,3,0.089,0.293,0,0.212,0.022,8,4.1,13,23.11,1,1,0
18,Female,86297,Master,Single,4,Southwest,Urban,15,818.54,54.57,24,5,0.137,0.59,0,0.419,0.203,3,3.65,16,45.59,1,0,0
18,Male,77847,Master,Single,3,Midwest,Rural,13,642.48,49.42,27,4,0.121,0.307,0,0.108,0.023,11,3.3,16,55.9,1,0,0
54,Female,68408,Bachelor,Widowed,6,West,Suburban,10,613.29,61.33,41,2,0.241,0.335,0,0.122,0.045,5,4.09,9,45.01,1,0,0
43,Female,87304,Master,Single,2,West,Urban,28,2255.01,80.54,19,2,0.198,0.472,1,0.258,0.085,14,3.11,11,31.57,0,0,1
38,Male,57074,High School,Married,5,West,Suburban,13,382.61,29.43,41,7,0.05,0.576,0,0.318,0.125,13,7.01,14,34.29,1,0,0
62,Female,85649,High School,Married,6,Southwest,Suburban,15,1706.26,113.75,26,5,0.018,0.572,0,0.245,0.106,7,3.66,5,37.43,0,0,0
51,Female,90959,Bachelor,Married,4,West,Rural,21,1292.9,61.57,11,3,0.15,0.235,0,0.487,0.219,9,4.15,11,18.35,1,0,0
66,Female,110943,Master,Married,1,Southeast,Rural,28,1913.14,68.33,21,8,0.105,0.461,1,0.241,0.089,17,3.43,8,25.3,0,0,0
21,Female,74205,Master,Single,2,Southeast,Urban,16,1064.6,66.54,32,4,0.114,0.54,0,0.148,0.038,9,6.29,17,24.51,0,0,0
41,Male,84206,Bachelor,Divorced,2,West,Urban,20,494.08,24.7,29,4,0.11,0.56,0,0.253,0.075,18,6.45,8,31.91,1,0,1
18,Male,42121,Bachelor,Married,3,Southwest,Suburban,14,816.13,58.29,23,6,0.155,0.387,0,0.067,0.017,9,13.56,15,42.03,0,0,0
38,Male,96432,Bachelor,Divorced,4,Northeast,Suburban,22,1285.05,58.41,29,5,0.074,0.432,1,0.283,0.136,12,6.28,14,12.56,1,0,1
38,Male,70292,PhD,Married,4,West,Urban,10,267.06,26.71,29,3,0.14,0.66,1,0.29,0.066,6,4.26,11,21.51,0,0,0
51,Male,103231,Bachelor,Married,1,Southeast,Urban,17,1436.24,84.48,18,2,0.198,0.539,1,0.375,0.077,6,4.41,6,7.44,0,1,1
42,Female,88522,Master,Single,2,Southeast,Urban,13,1002.36,77.1,34,7,0.042,0.36,0,0.238,0.076,12,3.15,12,39.96,1,1,0
51,Female,96438,Bachelor,Widowed,2,Midwest,Suburban,22,2576.73,117.12,31,3,0.059,0.505,1,0.173,0.024,14,8.88,8,2.79,0,0,0
52,Female,87657,Bachelor,Married,2,Midwest,Urban,26,2012.95,77.42,10,2,0.047,0.196,1,0.326,0.148,11,7.18,4,15.47,0,0,0
74,Female,104990,Bachelor,Married,4,Midwest,Urban,12,1031.27,85.94,49,3,0.139,0.445,0,0.24,0.119,7,4.1,3,0.0,1,0,1
37,Female,108513,PhD,Divorced,6,Southeast,Suburban,14,1191.16,85.08,12,7,0.184,0.737,1,0.362,0.087,15,4.36,18,49.77,1,0,0
27,Female,74335,Bachelor,Single,2,West,Urban,15,233.99,15.6,19,2,0.18,0.686,1,0.106,0.015,14,4.25,12,22.5,0,1,0
45,Female,101667,PhD,Married,6,West,Urban,13,1070.81,82.37,26,1,0.269,0.269,0,0.109,0.023,6,11.34,10,6.67,1,0,1
29,Male,64321,High School,Single,2,Northeast,Rural,20,1223.83,61.19,25,4,0.065,0.45,1,0.156,0.042,19,11.17,10,26.11,0,1,0
64,Female,75532,Bachelor,Married,4,Southeast,Suburban,11,713.58,64.87,20,3,0.092,0.353,0,0.174,0.076,10,7.56,4,22.09,1,0,1
37,Female,85120,Master,Divorced,4,Northeast,Urban,12,670.6,55.88,19,4,0.091,0.632,0,0.33,0.161,15,23.27,10,45.92,1,0,0
33,Male,94539,Master,Married,4,West,Rural,14,1239.99,88.57,17,3,0.252,0.46,0,0.144,0.056,9,16.91,5,28.88,1,0,0
34,Female,112725,PhD,Married,1,West,Urban,15,1002.45,66.83,34,2,0.202,0.172,0,0.327,0.155,10,14.47,9,22.49,0,0,0
52,Female,74111,High School,Single,1,Midwest,Suburban,20,1623.27,81.16,11,6,0.174,0.403,1,0.12,0.021,10,4.29,10,22.8,0,0,0
39,Male,50899,High School,Married,5,West,Suburban,21,1327.47,63.21,18,3,0.113,0.447,1,0.29,0.137,15,9.28,8,29.07,0,1,0
32,Female,79650,Bachelor,Married,2,Southwest,Suburban,11,1076.6,97.87,22,5,0.003,0.487,0,0.47,0.156,7,15.93,11,20.43,1,0,0
66,Male,68359,High School,Single,1,Midwest,Suburban,17,933.28,54.9,21,2,0.205,0.566,1,0.418,0.117,7,9.91,8,0.0,1,1,0
29,Male,120071,PhD,Single,1,Southeast,Urban,17,1985.25,116.78,31,4,0.039,0.392,1,0.44,0.124,11,14.02,16,34.23,0,0,0
42,Female,57929,High School,Married,3,Southeast,Suburban,11,695.32,63.21,27,2,0.088,0.841,0,0.236,0.114,11,6.96,6,37.85,0,0,0
51,Female,58305,Bachelor,Divorced,2,Southeast,Suburban,12,691.78,57.65,40,4,0.137,0.6,0,0.466,0.115,13,3.65,7,25.01,1,0,0
18,Female,22079,High School,Single,2,Midwest,Suburban,11,263.75,23.98,26,4,0.119,0.336,1,0.306,0.05,9,11.01,22,35.37,0,1,1
49,Female,80454,Bachelor,Married,2,Northeast,Suburban,26,2031.61,78.14,21,5,0.285,0.349,1,0.328,0.11,11,3.09,8,37.63,1,1,0
26,Male,63497,Bachelor,Single,2,Northeast,Suburban,10,522.27,52.23,55,4,0.045,0.901,1,0.164,0.024,7,22.31,15,77.5,0,0,0
54,Female,98344,High School,Married,2,Northeast,Suburban,20,1572.29,78.61,16,4,0.041,0.524,0,0.173,0.067,10,7.54,6,19.2,0,0,1
27,Female,46622,Bachelor,Divorced,3,Midwest,Suburban,8,550.87,68.86,21,3,0.102,0.514,0,0.142,0.014,8,3.73,12,34.07,1,0,0
52,Other,82791,Bachelor,Married,5,West,Urban,20,1415.62,70.78,12,6,0.215,0.297,1,0.235,0.062,11,9.55,7,39.46,1,1,0
58,Male,101108,PhD,Married,6,West,Rural,10,868.99,86.9,41,1,0.166,0.196,0,0.273,0.115,10,3.57,6,22.18,1,0,0
54,Female,61410,High School,Married,4,Southwest,Rural,18,1637.6,90.98,20,3,0.308,0.355,1,0.335,0.088,11,3.58,8,26.61,0,0,0
45,Female,101859,Bachelor,Married,6,West,Rural,9,829.67,92.19,37,2,0.032,0.755,0,0.383,0.156,12,14.24,8,34.68,1,0,0
38,Female,83954,PhD,Married,2,Southeast,Suburban,11,642.33,58.39,41,2,0.145,0.24,0,0.123,0.047,13,7.69,10,16.83,0,1,1
33,Female,90805,Master,Single,2,Southeast,Suburban,12,807.51,67.29,20,4,0.073,0.709,0,0.206,0.076,5,3.86,13,32.15,1,1,0
64,Male,127693,PhD,Divorced,6,Southeast,Rural,20,1933.21,96.66,20,5,0.126,0.669,0,0.373,0.099,14,7.56,6,55.03,0,0,1
31,Female,95037,PhD,Married,2,Northeast,Urban,20,2398.99,119.95,13,2,0.165,0.353,0,0.225,0.105,4,4.29,13,23.9,0,0,0
26,Female,69191,Bachelor,Married,2,Southwest,Rural,21,795.93,37.9,32,5,0.027,0.284,1,0.26,0.063,12,4.36,17,36.32,1,1,1
51,Male,63999,Bachelor,Single,2,Northeast,Urban,7,460.62,65.8,26,7,0.124,0.52,0,0.211,0.053,5,5.39,9,21.77,0,0,0
30,Female,74444,High School,Married,4,Southwest,Urban,12,1134.13,94.51,14,2,0.122,0.52,0,0.362,0.137,4,5.7,11,28.76,1,0,0
27,Female,91072,Bachelor,Single,2,Southeast,Urban,20,1756.57,87.83,23,3,0.073,0.329,1,0.209,0.083,12,8.14,12,28.8,0,0,1
20,Male,72306,Master,Single,2,Southeast,Suburban,16,1016.16,63.51,12,2,0.143,0.28,0,0.336,0.076,10,9.29,19,24.46,1,0,1
34,Female,104146,Bachelor,Married,4,West,Urban,15,715.21,47.68,39,5,0.13,0.512,0,0.388,0.163,15,5.13,12,32.03,0,0,0
40,Male,81614,Master,Single,2,Northeast,Urban,14,1414.5,101.04,42,2,0.091,0.321,0,0.05,0.022,14,3.8,8,28.15,0,1,1
45,Male,97606,Master,Married,4,Midwest,Suburban,16,1109.42,69.34,24,5,0.124,0.393,0,0.43,0.051,12,3.67,15,29.36,1,0,0
56,Female,106878,Bachelor,Divorced,4,Northeast,Suburban,17,1094.45,64.38,35,2,0.048,0.688,0,0.373,0.107,5,11.3,7,1.36,0,0,0
49,Male,87914,Master,Married,6,Northeast,Rural,22,1737.46,78.98,25,2,0.102,0.282,1,0.442,0.161,17,9.64,8,17.23,0,0,1
39,Male,51076,Bachelor,Married,4,Southwest,Urban,10,840.81,84.08,23,4,0.073,0.522,0,0.2,0.04,6,8.8,14,35.73,1,0,0
39,Male,32624,High School,Divorced,2,Southwest,Urban,7,380.87,54.41,81,4,0.228,0.302,0,0.302,0.11,5,9.01,11,55.29,1,1,0
49,Male,125712,Master,Married,4,Southeast,Urban,23,1967.97,85.56,27,6,0.089,0.504,0,0.285,0.049,9,5.66,5,31.43,0,1,0
61,Female,81464,Bachelor,Married,3,West,Suburban,23,1740.92,75.69,14,3,0.072,0.761,1,0.215,0.022,10,8.14,5,31.15,0,1,0
43,Female,87213,Master,Widowed,3,Southwest,Suburban,15,1139.64,75.98,37,3,0.075,0.626,0,0.446,0.148,12,9.22,9,55.28,1,0,1
34,Female,51108,Bachelor,Married,2,Southeast,Urban,5,230.96,46.19,112,4,0.048,0.264,0,0.361,0.046,7,9.95,15,9.2,0,0,0
27,Female,76425,Bachelor,Single,1,Southeast,Suburban,18,1252.04,69.56,31,5,0.16,0.414,1,0.318,0.089,12,3.29,19,33.28,0,1,1
20,Male,59876,Master,Single,2,Southwest,Rural,21,912.5,43.45,10,7,0.035,0.62,1,0.214,0.058,9,4.92,19,26.15,0,0,1
51,Female,74031,Bachelor,Widowed,3,Southwest,Urban,13,614.06,47.24,16,8,0.082,0.495,0,0.503,0.242,10,8.97,6,18.17,1,0,0
50,Female,85092,Bachelor,Married,2,Northeast,Suburban,23,1922.73,83.6,30,5,0.098,0.687,0,0.232,0.034,12,4.65,10,39.82,0,0,1
50,Female,49639,High School,Single,3,Southeast,Urban,9,422.37,46.93,47,4,0.119,0.725,0,0.259,0.078,7,3.84,5,2.84,0,0,0
40,Female,84921,Master,Single,3,Southeast,Urban,16,1151.15,71.95,31,4,0.317,0.334,0,0.213,0.088,8,6.33,5,9.65,1,0,0
63,Female,97033,High School,Single,2,Southeast,Urban,25,1576.97,63.08,26,5,0.048,0.411,1,0.05,0.007,15,3.44,6,17.56,0,0,1
34,Female,89223,Master,Married,1,Southeast,Suburban,15,949.08,63.27,11,4,0.018,0.426,0,0.293,0.105,6,7.26,16,49.31,0,0,0
56,Male,87358,Bachelor,Divorced,2,West,Suburban,16,1024.16,64.01,24,2,0.069,0.668,0,0.334,0.162,7,3.32,8,49.65,1,1,1
41,Female,76622,Bachelor,Married,4,Southwest,Rural,17,961.61,56.57,27,5,0.108,0.572,0,0.323,0.034,8,3.67,11,30.03,1,0,0
32,Male,90362,PhD,Single,1,West,Rural,27,1808.56,66.98,6,5,0.234,0.499,1,0.387,0.111,18,8.88,16,23.93,1,1,1
50,Male,95542,High School,Divorced,6,Southeast,Suburban,21,1716.11,81.72,23,1,0.16,0.424,1,0.093,0.041,12,3.29,8,21.32,0,0,0
48,Male,66817,Bachelor,Married,4,Northeast,Urban,7,638.45,91.21,81,1,0.072,0.663,0,0.381,0.066,6,6.28,5,5.77,1,0,0
47,Male,96363,Master,Married,2,Northeast,Rural,16,1494.39,93.4,12,5,0.108,0.408,1,0.376,0.13,10,4.21,5,32.07,0,1,0
43,Male,91725,Master,Married,4,Midwest,Suburban,16,1106.74,69.17,36,1,0.1,0.741,1,0.348,0.114,8,6.37,12,20.89,1,1,0
41,Male,88531,Bachelor,Divorced,2,Southeast,Suburban,20,1232.28,61.61,34,5,0.11,0.668,1,0.279,0.105,14,3.81,8,0.0,1,1,1
77,Female,118747,Bachelor,Married,4,Southeast,Urban,20,1075.87,53.79,32,4,0.23,0.379,0,0.329,0.129,16,10.71,2,0.0,0,1,0
59,Female,102319,Master,Single,3,Northeast,Suburban,17,1150.84,67.7,26,8,0.064,0.599,1,0.387,0.131,12,4.04,6,28.06,0,0,0
52,Other,101559,Master,Married,4,West,Rural,22,1293.85,58.81,28,1,0.097,0.224,0,0.383,0.156,12,4.51,8,54.79,0,1,1
43,Male,94928,Master,Married,3,Midwest,Suburban,18,1413.98,78.55,31,11,0.056,0.444,1,0.267,0.051,12,20.03,10,28.95,1,0,0
57,Female,52117,Bachelor,Divorced,2,Northeast,Suburban,14,1252.02,89.43,42,3,0.072,0.607,0,0.408,0.183,17,3.04,5,20.24,0,0,0
49,Female,85965,PhD,Single,1,Southwest,Suburban,23,1496.81,65.08,16,7,0.091,0.552,1,0.274,0.127,14,7.01,13,1.14,0,0,0
42,Male,65124,Bachelor,Single,1,Southwest,Suburban,15,502.61,33.51,27,4,0.294,0.543,0,0.339,0.065,6,5.38,12,27.9,0,0,0
37,Female,46776,High School,Married,6,Southeast,Rural,3,148.4,49.47,78,2,0.228,0.644,0,0.466,0.231,6,4.91,11,28.98,0,1,0
40,Female,54610,Bachelor,Married,5,Southeast,Suburban,21,1018.26,48.49,9,1,0.066,0.396,1,0.375,0.155,13,3.14,10,27.15,1,0,1
18,Male,51243,High School,Single,5,West,Rural,11,889.28,80.84,42,1,0.035,0.396,0,0.258,0.036,9,20.04,24,48.52,1,0,0
45,Female,61631,High School,Divorced,2,Southeast,Rural,14,323.67,23.12,23,4,0.034,0.527,0,0.263,0.067,8,5.75,5,15.63,0,1,0
34,Female,64579,Bachelor,Widowed,1,West,Suburban,12,509.48,42.46,35,2,0.167,0.701,0,0.368,0.038,9,11.46,21,30.63,0,1,0
65,Male,58757,High School,Married,4,Northeast,Urban,6,447.59,74.6,101,4,0.072,0.435,0,0.313,0.088,5,3.82,6,15.82,1,0,0
42,Male,73531,Bachelor,Married,4,Midwest,Urban,11,389.12,35.37,18,3,0.203,0.61,0,0.414,0.155,6,7.41,11,60.71,1,1,1
24,Male,20000,High School,Single,2,Northeast,Rural,6,308.85,51.48,94,4,0.175,0.362,0,0.164,0.04,4,8.96,11,22.91,1,0,0
41,Male,55955,High School,Married,4,Southwest,Urban,25,1116.76,44.67,8,6,0.059,0.297,1,0.336,0.055,17,5.83,12,46.73,0,1,1
26,Female,47347,High School,Single,3,West,Suburban,7,519.39,74.2,67,5,0.024,0.355,0,0.306,0.148,7,6.56,9,18.86,1,0,0
49,Female,68428,High School,Single,1,Southeast,Suburban,14,885.29,63.23,24,5,0.105,0.531,0,0.385,0.062,10,6.9,13,34.4,1,1,0
46,Male,53938,Bachelor,Married,3,Northeast,Urban,6,322.65,53.78,33,2,0.038,0.646,0,0.408,0.199,8,3.42,5,38.49,1,0,1
56,Female,88772,Bachelor,Divorced,3,Southeast,Suburban,19,1640.88,86.36,29,2,0.061,0.132,1,0.333,0.123,5,8.04,8,11.46,1,1,0
30,Male,78978,PhD,Single,1,West,Suburban,28,1956.36,69.87,19,7,0.087,0.396,1,0.331,0.051,22,4.33,6,39.62,1,0,1
42,Male,77012,Master,Single,2,Southwest,Urban,6,262.7,43.78,76,2,0.174,0.469,0,0.342,0.149,8,17.77,10,47.48,0,0,1
21,Male,83168,Master,Single,1,Southeast,Suburban,10,611.67,61.17,64,3,0.221,0.566,0,0.121,0.055,4,5.35,10,44.9,0,0,0
52,Female,97411,High School,Married,4,West,Suburban,14,646.28,46.16,13,3,0.176,0.446,0,0.341,0.054,12,4.72,13,11.4,0,0,0
49,Male,80570,Bachelor,Married,5,Midwest,Suburban,5,264.99,53.0,70,5,0.052,0.472,0,0.393,0.131,5,4.38,8,37.51,0,1,1
49,Male,52543,High School,Married,4,Northeast,Urban,12,180.0,15.0,37,5,0.055,0.558,0,0.13,0.059,9,6.92,6,11.17,0,1,0
42,Male,92030,Master,Married,4,Midwest,Rural,8,982.23,122.78,42,7,0.049,0.385,0,0.351,0.144,7,4.42,9,28.91,1,0,0
48,Female,78085,High School,Married,2,Midwest,Suburban,16,1096.26,68.52,32,4,0.133,0.309,0,0.4,0.073,14,5.01,10,10.19,1,0,0
66,Other,102714,Bachelor,Married,5,West,Suburban,23,2116.42,92.02,28,5,0.108,0.498,1,0.332,0.046,15,3.28,2,19.12,0,1,1
37,Male,96346,High School,Married,6,Southeast,Suburban,13,799.09,61.47,40,2,0.046,0.573,0,0.299,0.099,14,5.28,10,38.32,0,0,0
44,Male,50069,High School,Married,3,West,Rural,3,196.64,65.55,123,2,0.032,0.601,0,0.324,0.095,4,8.83,10,13.54,1,1,0
25,Female,94383,PhD,Married,4,West,Suburban,11,1019.34,92.67,48,5,0.05,0.255,0,0.12,0.058,10,4.75,18,51.98,1,1,0
28,Female,101233,Master,Single,2,Southwest,Suburban,18,1788.14,99.34,12,1,0.052,0.36,1,0.277,0.076,11,12.24,9,15.0,1,0,0
43,Male,112292,Master,Married,2,Southeast,Suburban,16,1351.9,84.49,31,2,0.157,0.545,0,0.214,0.034,14,10.72,15,15.52,0,0,1
58,Female,57748,Bachelor,Single,2,West,Urban,13,1029.37,79.18,28,2,0.366,0.248,0,0.253,0.064,15,11.05,10,5.38,1,1,0
38,Female,85949,Master,Divorced,3,Midwest,Urban,10,608.21,60.82,32,6,0.135,0.566,0,0.171,0.02,7,4.81,14,46.55,1,1,1
38,Male,93267,Bachelor,Married,5,West,Urban,12,1009.4,84.12,35,4,0.109,0.473,0,0.267,0.077,9,10.76,12,29.61,0,0,1
35,Female,141959,PhD,Married,3,Southeast,Urban,15,1529.17,101.94,38,4,0.224,0.411,0,0.243,0.12,4,3.57,10,26.15,1,1,0
33,Female,77556,Bachelor,Widowed,2,West,Suburban,21,950.77,45.27,18,7,0.077,0.28,1,0.233,0.088,11,16.26,14,19.98,0,0,1
46,Female,71882,Bachelor,Divorced,6,West,Urban,11,322.79,29.34,47,4,0.098,0.41,0,0.191,0.048,8,7.61,8,44.35,1,0,0
19,Male,55661,Master,Divorced,2,West,Rural,6,311.11,51.85,72,4,0.043,0.398,0,0.353,0.163,3,7.47,16,2.75,1,0,0
61,Male,122681,Bachelor,Single,5,Southeast,Rural,23,1964.98,85.43,28,5,0.075,0.65,0,0.372,0.082,14,3.28,1,20.99,1,0,1
32,Male,92131,Master,Divorced,2,Midwest,Suburban,15,1060.09,70.67,26,2,0.03,0.483,0,0.338,0.103,10,16.98,8,22.15,0,0,1
52,Male,99478,PhD,Married,2,Northeast,Suburban,21,2115.51,100.74,28,4,0.215,0.448,1,0.281,0.12,9,6.92,6,26.15,1,1,0
22,Female,55152,Bachelor,Single,3,Northeast,Urban,5,425.5,85.1,107,1,0.109,0.266,0,0.222,0.084,5,4.1,15,50.24,1,0,0
52,Female,86852,Bachelor,Married,6,Southeast,Suburban,16,1385.12,86.57,25,4,0.038,0.189,0,0.242,0.029,6,5.11,12,15.94,1,0,1
52,Female,90357,Bachelor,Married,5,West,Suburban,15,1303.85,86.92,28,1,0.267,0.351,1,0.228,0.104,13,9.58,11,31.5,0,1,1
47,Other,79705,Master,Single,1,Southwest,Urban,20,1365.08,68.25,17,2,0.228,0.527,0,0.29,0.102,12,10.81,12,16.37,0,0,1
27,Male,52987,Bachelor,Single,1,Southeast,Urban,14,840.35,60.03,30,2,0.064,1.0,1,0.248,0.123,11,3.12,15,40.61,1,0,0
45,Female,36805,High School,Divorced,3,West,Suburban,22,1253.87,56.99,13,2,0.044,0.657,1,0.165,0.076,9,4.28,8,1.38,1,0,0
24,Female,75396,Bachelor,Single,1,Southwest,Suburban,8,563.99,70.5,72,5,0.081,0.486,0,0.492,0.141,14,4.93,12,34.92,1,1,0
38,Male,50875,High School,Married,4,West,Suburban,14,942.04,67.29,21,2,0.173,0.328,1,0.342,0.139,9,3.82,14,0.0,0,1,0
57,Female,108194,Master,Married,4,West,Rural,14,1190.18,85.01,21,4,0.073,0.627,0,0.224,0.09,7,11.21,8,56.89,0,1,0
53,Male,104333,Bachelor,Widowed,3,Southwest,Suburban,24,1734.29,72.26,26,3,0.149,0.749,0,0.154,0.018,13,3.56,7,1.27,1,1,1
42,Female,77498,Bachelor,Single,3,Southeast,Urban,16,1183.66,73.98,27,1,0.168,0.753,0,0.07,0.022,9,3.74,17,0.0,1,0,0
27,Female,75505,Master,Single,1,West,Suburban,19,1197.62,63.03,12,5,0.033,0.367,1,0.348,0.095,11,10.0,6,14.64,1,0,0
51,Male,69308,High School,Married,4,Southeast,Suburban,16,1499.2,93.7,21,5,0.025,0.795,0,0.33,0.065,8,9.03,9,17.14,0,1,0
42,Female,60147,High School,Divorced,2,Southwest,Suburban,15,772.89,51.53,35,5,0.051,0.867,0,0.276,0.034,9,6.03,9,22.51,0,1,0
18,Female,73692,Bachelor,Single,4,West,Rural,11,1364.44,124.04,33,3,0.075,0.76,0,0.265,0.092,6,6.72,17,30.95,0,1,1
53,Male,72662,High School,Married,5,Northeast,Urban,15,1486.87,99.12,25,5,0.033,0.545,1,0.329,0.089,10,5.8,6,6.04,1,0,1
41,Male,65233,Bachelor,Married,6,Midwest,Urban,12,479.57,39.96,35,2,0.023,0.424,0,0.222,0.024,10,9.64,10,48.58,1,1,0
60,Male,134317,PhD,Widowed,3,Southeast,Suburban,19,2321.64,122.19,15,3,0.164,0.314,0,0.4,0.197,11,4.77,6,21.5,0,1,1
25,Female,94057,Master,Single,4,Southeast,Urban,21,1564.9,74.52,18,4,0.196,0.243,0,0.286,0.143,15,14.92,18,49.13,0,0,1
18,Female,49925,Master,Single,3,Northeast,Suburban,7,463.91,66.27,37,2,0.127,0.277,0,0.302,0.141,7,9.35,19,41.05,0,1,1
46,Female,130391,PhD,Single,3,West,Suburban,19,2407.85,126.73,18,3,0.242,0.448,0,0.297,0.066,6,3.79,12,28.92,1,0,1
46,Female,82870,Bachelor,Widowed,4,Northeast,Urban,20,1118.69,55.93,22,5,0.095,0.56,0,0.343,0.128,10,4.2,9,0.0,0,0,1
18,Female,59249,Bachelor,Single,3,West,Suburban,6,302.14,50.36,80,2,0.057,0.292,0,0.329,0.138,5,5.99,12,37.97,1,0,0
27,Male,77299,Bachelor,Single,1,Midwest,Suburban,9,753.46,83.72,52,2,0.064,0.365,0,0.199,0.032,6,4.63,12,23.04,0,0,0
80,Female,111095,Master,Married,6,Midwest,Urban,31,2424.58,78.21,15,3,0.119,0.369,1,0.335,0.098,17,6.88,2,36.36,1,0,1
37,Male,84512,Bachelor,Married,3,West,Suburban,23,638.46,27.76,21,6,0.132,0.468,1,0.367,0.145,12,8.74,9,47.16,0,1,1
52,Male,61548,High School,Married,4,Midwest,Suburban,16,1280.77,80.05,27,2,0.157,0.673,0,0.329,0.072,10,15.78,12,36.84,1,1,1
32,Female,44075,Bachelor,Married,6,Southeast,Suburban,8,475.41,59.43,57,2,0.034,0.697,0,0.365,0.051,7,3.3,12,27.07,0,1,0
18,Male,40033,Bachelor,Divorced,2,Northeast,Suburban,9,445.95,49.55,38,1,0.008,0.207,0,0.29,0.093,7,4.22,14,43.47,1,1,1
39,Female,80305,Bachelor,Married,3,Midwest,Suburban,11,799.21,72.66,56,4,0.223,0.304,0,0.216,0.057,13,3.88,4,44.54,0,1,0
38,Female,71817,Master,Divorced,3,Midwest,Urban,12,1328.1,110.67,38,1,0.103,0.433,0,0.414,0.116,14,4.23,9,45.89,1,1,0
36,Male,93551,Bachelor,Single,3,Southeast,Suburban,25,2425.72,97.03,26,7,0.023,0.612,1,0.27,0.117,15,10.99,9,32.99,1,0,1
40,Male,120439,PhD,Divorced,2,Midwest,Suburban,11,803.0,73.0,33,3,0.16,0.255,0,0.493,0.129,10,10.37,9,60.75,0,1,0
45,Female,96601,Bachelor,Married,2,Midwest,Suburban,25,2019.05,80.76,15,3,0.325,0.488,1,0.289,0.097,18,3.82,8,36.66,1,0,0
39,Female,88671,Master,Married,4,West,Urban,10,980.55,98.05,64,5,0.024,0.326,0,0.358,0.162,9,5.52,16,31.63,1,0,0
23,Male,92867,PhD,Single,2,Midwest,Urban,19,1894.89,99.73,29,6,0.062,0.289,0,0.397,0.142,11,4.05,12,43.44,1,0,0
49,Male,91894,PhD,Married,2,West,Rural,17,780.27,45.9,25,4,0.065,0.378,1,0.271,0.106,3,3.6,9,12.29,0,0,1
18,Female,54936,High School,Married,5,Midwest,Suburban,7,332.1,47.44,71,2,0.152,0.546,0,0.161,0.057,6,9.45,17,44.39,0,1,0
18,Female,60697,Bachelor,Single,2,West,Suburban,19,715.72,37.67,19,5,0.077,0.561,0,0.207,0.053,11,4.39,10,42.59,0,0,0
53,Male,91509,Bachelor,Married,2,Midwest,Suburban,17,1505.31,88.55,33,6,0.088,0.706,0,0.322,0.046,14,5.16,8,23.47,0,0,1
49,Male,105124,Bachelor,Single,2,Midwest,Suburban,13,837.46,64.42,21,5,0.164,0.882,0,0.402,0.102,15,4.02,11,20.45,0,1,1
41,Female,64310,Bachelor,Married,6,Southeast,Urban,26,2424.46,93.25,26,1,0.076,0.735,1,0.304,0.104,12,4.73,11,0.85,0,0,0
21,Female,85507,PhD,Single,3,Southeast,Urban,12,1183.92,98.66,33,5,0.067,0.628,0,0.234,0.026,11,4.47,10,27.81,1,0,0
31,Other,55300,High School,Married,2,West,Urban,10,527.14,52.71,21,5,0.11,0.583,0,0.348,0.147,7,12.97,12,50.16,1,1,1
38,Female,56968,Bachelor,Married,3,Southeast,Suburban,10,331.88,33.19,58,4,0.015,0.426,1,0.122,0.055,11,5.41,11,7.14,0,0,0
18,Female,52186,Bachelor,Married,3,Northeast,Rural,12,483.76,40.31,51,3,0.178,0.709,0,0.362,0.041,9,5.04,15,47.52,1,1,1
30,Male,86994,Master,Married,6,West,Suburban,5,412.59,82.52,97,1,0.213,0.522,0,0.226,0.073,8,8.72,18,24.79,0,1,0
51,Female,106518,PhD,Married,2,Midwest,Suburban,19,1905.75,100.3,26,5,0.265,0.457,1,0.275,0.131,8,6.28,11,31.07,0,0,0
63,Male,110634,Bachelor,Divorced,3,Southeast,Urban,18,1521.86,84.55,36,6,0.073,0.329,0,0.361,0.104,13,4.8,6,13.57,0,0,0
35,Female,30936,High School,Single,2,Midwest,Rural,6,90.0,15.0,74,3,0.073,0.43,0,0.206,0.093,6,12.54,7,24.55,0,0,0
53,Male,114841,Master,Divorced,2,Midwest,Suburban,26,2626.56,101.02,22,4,0.141,0.311,1,0.152,0.027,12,3.72,5,28.47,0,1,1
18,Male,79917,Master,Single,2,Midwest,Suburban,12,354.6,29.55,33,2,0.103,0.454,0,0.328,0.044,8,4.67,12,58.04,1,0,0
51,Female,72867,Bachelor,Divorced,2,West,Suburban,26,625.33,24.05,21,1,0.049,0.382,1,0.184,0.081,11,7.37,18,25.74,0,1,0
29,Female,64933,Master,Single,2,Southeast,Suburban,9,741.89,82.43,72,3,0.142,0.406,0,0.312,0.09,3,7.43,12,39.3,1,0,1
46,Male,76195,PhD,Married,3,Southwest,Urban,21,931.94,44.38,17,5,0.032,0.319,1,0.27,0.063,14,14.27,15,34.77,0,0,1
38,Female,59072,Bachelor,Married,4,West,Urban,8,516.39,64.55,64,1,0.025,0.32,0,0.254,0.081,12,5.11,10,53.35,0,0,0
61,Male,105107,Bachelor,Single,2,West,Urban,19,1603.46,84.39,13,4,0.114,0.485,0,0.361,0.142,15,5.49,7,14.64,0,1,1
28,Male,62158,Bachelor,Single,1,Southeast,Suburban,15,674.59,44.97,33,7,0.033,0.717,0,0.323,0.095,10,3.49,14,40.05,1,0,0
51,Female,98844,Bachelor,Married,6,Southeast,Rural,24,2005.07,83.54,14,3,0.079,0.332,0,0.161,0.038,13,3.2,14,48.22,1,0,0
37,Male,60901,Bachelor,Divorced,2,Midwest,Urban,7,346.11,49.44,82,1,0.095,0.52,0,0.255,0.117,6,4.41,9,26.89,1,0,0
39,Female,82406,Bachelor,Married,4,West,Suburban,21,1515.24,72.15,17,3,0.092,0.295,1,0.384,0.134,15,3.05,9,39.15,0,0,1
39,Male,46037,High School,Married,4,West,Urban,16,724.71,45.29,25,1,0.059,0.407,1,0.339,0.117,6,4.09,11,37.99,0,0,1
29,Female,49316,Bachelor,Single,2,Midwest,Urban,13,580.18,44.63,51,7,0.039,0.398,0,0.182,0.061,7,4.26,11,37.05,0,1,0
41,Female,56793,High School,Married,4,West,Suburban,23,1039.68,45.2,12,3,0.185,0.573,1,0.539,0.13,14,5.81,9,26.66,1,1,0
41,Male,63425,Bachelor,Married,5,Midwest,Suburban,19,831.13,43.74,24,6,0.155,0.374,1,0.345,0.166,9,4.0,11,28.95,0,0,0
45,Male,53457,Bachelor,Divorced,2,West,Urban,14,1032.9,73.78,43,4,0.132,0.705,1,0.132,0.063,9,6.29,9,37.99,0,1,0
43,Female,72265,Bachelor,Married,3,West,Suburban,28,1598.08,57.07,12,5,0.041,0.589,1,0.333,0.128,12,4.17,7,32.16,0,0,0
53,Female,84596,Bachelor,Single,2,West,Urban,13,645.66,49.67,13,2,0.04,0.773,0,0.314,0.081,7,5.92,6,10.92,1,0,1
55,Male,103625,Bachelor,Married,6,West,Suburban,32,2356.25,73.63,20,3,0.089,0.685,1,0.356,0.076,12,6.61,4,35.69,1,0,0
26,Female,90452,Master,Single,1,Midwest,Suburban,19,1228.72,64.67,26,7,0.057,0.318,1,0.069,0.033,14,6.24,11,50.39,1,0,1
55,Male,102899,Bachelor,Divorced,2,Southeast,Urban,11,809.25,73.57,25,2,0.121,0.66,0,0.353,0.089,9,6.51,10,7.58,1,0,1
24,Male,100605,PhD,Single,2,Midwest,Suburban,16,1513.14,94.57,19,2,0.081,0.681,1,0.384,0.091,8,7.71,13,50.42,1,0,1
50,Female,85589,Bachelor,Widowed,1,West,Urban,13,783.11,60.24,44,5,0.083,0.465,0,0.074,0.036,7,3.7,10,61.67,1,0,0
51,Male,62965,Bachelor,Married,2,West,Urban,10,538.91,53.89,48,2,0.105,0.491,0,0.488,0.102,11,4.23,3,25.57,1,0,1
18,Female,42248,High School,Single,1,Southeast,Urban,11,703.86,63.99,48,3,0.062,0.624,0,0.145,0.031,13,7.47,13,11.34,0,0,0
43,Female,83951,Bachelor,Single,2,Northeast,Suburban,10,808.54,80.85,45,5,0.018,0.632,0,0.311,0.081,2,7.55,14,6.86,0,0,0
34,Female,104661,Master,Divorced,2,Midwest,Urban,14,960.24,68.59,41,1,0.11,0.568,0,0.297,0.142,12,4.45,11,46.02,0,0,0
30,Female,104894,PhD,Married,3,Midwest,Suburban,14,1424.75,101.77,42,4,0.132,0.331,0,0.208,0.034,9,6.03,18,28.53,0,1,0
62,Female,138805,PhD,Married,3,Northeast,Urban,35,4115.68,117.59,10,3,0.025,0.37,1,0.131,0.046,21,4.93,3,12.57,0,1,0
32,Female,50720,Bachelor,Divorced,2,West,Urban,21,1515.01,72.14,30,5,0.102,1.0,1,0.248,0.087,9,8.83,20,12.73,1,1,0
29,Female,58903,Bachelor,Single,1,Southeast,Rural,27,1768.57,65.5,16,4,0.113,0.519,1,0.139,0.054,11,6.23,15,25.62,1,0,0
43,Other,81440,Bachelor,Married,6,Southwest,Suburban,10,672.47,67.25,24,4,0.072,0.744,0,0.32,0.067,5,5.44,15,28.56,0,1,0
52,Female,99614,Bachelor,Divorced,2,Northeast,Urban,22,1283.11,58.32,13,3,0.091,0.701,0,0.361,0.079,14,9.25,2,21.86,0,0,1
39,Male,54621,High School,Married,6,West,Suburban,14,414.94,29.64,38,3,0.174,0.487,1,0.179,0.036,10,6.49,11,35.96,1,1,0
59,Female,101563,Master,Widowed,1,Southwest,Suburban,28,2214.4,79.09,13,5,0.034,0.326,1,0.356,0.105,21,4.06,5,23.31,1,0,0
49,Female,120107,PhD,Divorced,1,Southeast,Urban,26,2348.78,90.34,12,4,0.175,0.47,1,0.394,0.108,10,3.81,10,15.65,1,0,1
18,Female,38111,Bachelor,Widowed,2,Midwest,Suburban,17,745.14,43.83,28,1,0.093,0.264,0,0.145,0.051,12,5.17,9,30.28,1,1,1
34,Female,91911,Bachelor,Single,2,Southeast,Rural,13,958.56,73.74,43,1,0.128,0.497,0,0.201,0.077,9,4.35,15,56.26,0,0,0
33,Female,38812,High School,Married,1,West,Suburban,23,1763.6,76.68,10,4,0.122,0.657,1,0.313,0.133,13,3.22,12,50.28,0,0,1
49,Other,51021,Bachelor,Married,2,West,Suburban,7,616.4,88.06,53,4,0.168,0.431,1,0.2,0.056,3,11.46,10,34.82,0,0,0
18,Male,55151,Bachelor,Married,6,West,Suburban,9,319.11,35.46,60,4,0.096,0.519,0,0.267,0.093,9,3.02,12,47.73,1,0,0
80,Female,160076,PhD,Married,3,Northeast,Suburban,27,3126.82,115.81,24,4,0.146,0.179,0,0.294,0.056,15,4.61,4,0.0,0,0,0
49,Male,88596,Bachelor,Single,2,Northeast,Suburban,11,828.71,75.34,15,6,0.081,0.453,0,0.052,0.02,11,4.09,11,32.61,1,1,0
44,Female,87066,Bachelor,Divorced,3,Midwest,Suburban,20,1740.65,87.03,25,3,0.089,0.387,0,0.272,0.134,17,6.79,14,28.89,1,1,0
59,Female,88420,Bachelor,Widowed,3,Northeast,Suburban,12,1306.57,108.88,39,3,0.178,0.343,0,0.291,0.126,12,11.92,6,40.34,1,0,1
77,Male,84914,High School,Married,3,West,Urban,17,1975.69,116.22,25,5,0.045,0.247,1,0.196,0.049,7,6.18,5,8.76,1,1,0
55,Male,91426,PhD,Married,4,Southeast,Suburban,18,1621.9,90.11,14,6,0.091,0.289,1,0.069,0.02,15,5.4,8,0.0,0,0,1
56,Female,51509,Bachelor,Single,2,Southeast,Suburban,17,961.45,56.56,32,4,0.074,0.663,1,0.209,0.031,10,14.69,6,21.72,0,1,0
43,Male,107944,PhD,Single,2,Northeast,Urban,22,1687.86,76.72,17,3,0.094,0.419,1,0.271,0.08,11,3.66,11,42.43,0,1,1
39,Male,91488,Bachelor,Married,1,West,Suburban,36,4517.27,125.48,8,7,0.165,0.577,1,0.122,0.036,13,9.66,16,31.68,0,1,1
34,Female,87962,Master,Divorced,2,West,Rural,11,644.96,58.63,53,1,0.115,0.644,0,0.282,0.077,6,3.83,19,20.99,0,1,0
29,Male,58153,High School,Single,6,Northeast,Rural,10,755.31,75.53,31,6,0.147,0.732,0,0.315,0.083,7,5.44,16,21.92,1,0,0
31,Female,89155,Bachelor,Married,5,Southeast,Suburban,8,554.35,69.29,32,2,0.008,0.67,0,0.29,0.03,6,8.85,14,25.31,1,0,1
21,Female,77331,Master,Single,2,Southeast,Urban,15,628.39,41.89,22,1,0.119,0.49,1,0.159,0.023,4,4.18,15,40.89,0,0,1
40,Male,85760,Master,Married,4,Southeast,Suburban,27,2894.14,107.19,10,3,0.095,0.298,1,0.324,0.061,11,7.32,11,55.04,1,1,0
18,Male,57722,Master,Single,1,West,Urban,10,240.16,24.02,55,4,0.138,0.381,0,0.144,0.037,9,5.98,7,26.45,1,0,0
44,Female,91133,High School,Married,4,Southwest,Suburban,20,651.82,32.59,13,7,0.178,0.273,0,0.276,0.099,10,5.09,8,41.51,0,1,0
41,Female,111298,PhD,Divorced,3,West,Suburban,14,1395.12,99.65,38,5,0.072,0.215,0,0.357,0.051,10,4.57,20,16.99,0,0,0
44,Female,91645,PhD,Married,3,West,Rural,11,767.1,69.74,22,4,0.367,0.624,0,0.291,0.121,5,14.01,10,33.49,0,0,0
34,Female,35232,High School,Married,4,Southwest,Rural,11,618.73,56.25,25,3,0.169,0.344,0,0.233,0.066,8,8.19,9,43.71,0,0,0
80,Female,153395,PhD,Married,5,Southwest,Urban,17,1811.43,106.55,20,5,0.061,0.572,0,0.209,0.03,10,3.12,2,16.97,0,0,0
62,Male,74638,Bachelor,Married,5,West,Urban,11,872.64,79.33,58,1,0.153,0.511,0,0.371,0.145,5,4.45,3,42.78,0,0,1
23,Male,101807,Master,Single,4,Southwest,Rural,24,1799.75,74.99,27,6,0.056,0.429,1,0.245,0.025,10,3.96,20,34.57,0,1,0
45,Male,35253,Bachelor,Married,3,Southeast,Rural,7,459.7,65.67,28,6,0.055,0.448,0,0.341,0.15,9,5.15,7,19.21,0,1,0
32,Male,117538,PhD,Single,1,Southwest,Suburban,23,2469.97,107.39,15,4,0.098,0.626,0,0.211,0.096,18,4.93,14,38.79,1,1,0
26,Female,53703,High School,Single,1,Midwest,Suburban,6,526.98,87.83,53,5,0.034,0.263,0,0.138,0.05,6,4.47,12,39.66,1,0,0
21,Female,59178,Bachelor,Single,1,West,Suburban,33,2800.7,84.87,8,8,0.115,0.392,1,0.05,0.022,17,4.38,12,24.14,1,1,1
48,Male,76368,Bachelor,Married,5,Midwest,Suburban,5,330.28,66.06,70,2,0.104,0.395,0,0.221,0.055,3,14.53,9,50.26,0,0,1
31,Female,93760,Bachelor,Single,3,Northeast,Urban,22,1997.67,90.8,25,4,0.173,0.728,1,0.113,0.052,14,12.4,12,13.93,1,1,1
56,Male,96005,Bachelor,Married,4,Southeast,Suburban,14,1208.9,86.35,15,3,0.082,0.421,0,0.261,0.04,14,7.29,6,12.86,0,0,0
56,Male,56851,High School,Married,6,West,Suburban,15,1002.71,66.85,34,5,0.293,0.571,1,0.227,0.061,11,5.58,6,2.21,0,1,1
62,Female,79416,Master,Married,4,West,Urban,7,302.63,43.23,40,2,0.071,0.64,0,0.345,0.087,9,4.28,3,2.23,1,0,0
29,Male,96459,PhD,Single,2,Southwest,Rural,23,2145.76,93.29,22,4,0.185,0.493,0,0.185,0.082,10,5.51,13,29.07,0,0,1
49,Male,94783,Master,Married,6,Northeast,Urban,17,1522.63,89.57,30,5,0.036,0.428,0,0.183,0.022,6,3.58,10,0.0,0,0,1
51,Male,73601,Master,Single,3,Northeast,Suburban,7,722.44,103.21,72,3,0.072,0.665,0,0.41,0.119,10,4.26,3,16.67,1,0,1
34,Male,66969,Bachelor,Married,3,Midwest,Suburban,14,1215.15,86.8,43,4,0.016,0.573,0,0.387,0.126,11,9.31,14,25.23,1,0,1
30,Female,55990,Bachelor,Single,1,West,Suburban,14,853.81,60.99,45,5,0.024,0.406,0,0.315,0.11,14,7.36,13,45.98,0,0,0
66,Female,93539,Bachelor,Single,2,West,Urban,17,1270.49,74.73,33,1,0.136,0.478,1,0.299,0.066,14,7.09,5,20.66,1,0,1
45,Male,72488,High School,Widowed,2,West,Suburban,23,1061.74,46.16,18,2,0.159,0.278,1,0.349,0.168,11,11.12,8,26.35,1,1,0
51,Male,133789,PhD,Married,6,Midwest,Urban,14,1865.48,133.25,13,3,0.089,0.747,0,0.259,0.121,14,9.0,7,38.47,1,1,1
29,Female,62433,High School,Single,1,West,Suburban,25,997.7,39.91,26,4,0.051,0.269,1,0.05,0.014,17,3.24,10,44.9,1,0,0
23,Female,78178,PhD,Married,5,Southeast,Urban,21,665.89,31.71,23,6,0.053,0.391,1,0.131,0.059,14,16.84,9,50.45,1,1,1
33,Male,57533,High School,Single,4,Northeast,Urban,22,1688.81,76.76,20,5,0.031,0.388,1,0.426,0.109,9,8.03,15,25.34,1,0,0
40,Male,88546,Master,Single,4,West,Rural,23,1748.28,76.01,13,4,0.16,0.663,0,0.403,0.056,19,11.13,15,27.01,0,0,0
26,Female,41418,Bachelor,Married,1,Southeast,Suburban,3,167.99,56.0,139,5,0.141,0.51,0,0.329,0.055,4,3.85,15,42.98,1,0,0
41,Female,64373,High School,Divorced,3,Southwest,Urban,7,461.43,65.92,90,1,0.186,0.842,0,0.272,0.111,10,9.99,9,24.67,1,0,0
18,Male,97850,Master,Single,3,Southwest,Rural,17,981.99,57.76,20,6,0.247,0.535,0,0.163,0.034,8,3.39,14,59.1,0,0,0
25,Female,61086,Bachelor,Single,2,Northeast,Urban,9,611.28,67.92,62,4,0.228,0.349,0,0.129,0.057,4,3.47,9,52.79,1,0,0
52,Male,73287,Master,Divorced,3,Southeast,Urban,12,722.25,60.19,26,5,0.196,0.387,0,0.462,0.213,9,3.95,9,19.96,1,0,1
51,Female,81854,Bachelor,Married,3,Southeast,Urban,13,801.73,61.67,32,1,0.097,0.347,0,0.412,0.077,10,5.74,11,24.84,0,0,0
36,Female,36194,High School,Single,4,Southwest,Suburban,10,765.58,76.56,27,4,0.165,0.329,0,0.492,0.051,8,11.79,5,47.35,1,1,0
26,Female,104354,PhD,Single,3,Northeast,Suburban,17,1665.98,98.0,25,4,0.024,0.804,0,0.27,0.071,9,4.0,17,3.99,1,0,1
26,Male,69272,Bachelor,Single,2,Southeast,Urban,15,279.26,18.62,27,4,0.078,0.581,0,0.36,0.037,9,3.1,9,22.4,1,0,0
36,Male,81836,Master,Single,3,Southwest,Urban,8,601.95,75.24,22,1,0.291,0.354,0,0.165,0.033,5,3.81,11,28.66,1,1,0
51,Male,76432,Bachelor,Married,1,Northeast,Suburban,17,1522.13,89.54,21,4,0.006,0.289,0,0.498,0.15,14,6.92,4,16.14,0,1,0
55,Female,81416,Bachelor,Divorced,1,Northeast,Suburban,13,595.26,45.79,15,3,0.078,0.871,0,0.276,0.078,9,5.75,9,26.59,1,1,0
34,Male,67924,Bachelor,Married,4,Southeast,Rural,12,560.26,46.69,33,5,0.061,0.458,0,0.424,0.15,11,7.75,15,36.14,0,1,0
24,Male,48216,Bachelor,Single,1,Southeast,Suburban,18,1334.04,74.11,37,4,0.289,0.711,1,0.18,0.02,9,3.09,17,10.28,1,0,0
46,Male,56583,Bachelor,Married,4,Southwest,Suburban,12,590.54,49.21,26,2,0.162,0.771,0,0.393,0.114,13,3.52,4,21.98,0,0,1
29,Female,80880,Bachelor,Married,3,West,Suburban,8,247.0,30.88,51,4,0.233,0.335,0,0.233,0.062,5,3.42,14,26.78,1,1,0
34,Male,62018,Bachelor,Single,1,Northeast,Suburban,19,1615.07,85.0,12,5,0.4,0.314,1,0.288,0.057,13,7.32,11,50.53,0,0,1
61,Male,91905,Bachelor,Single,2,West,Suburban,14,1014.53,72.47,17,1,0.114,0.403,0,0.311,0.117,5,7.95,9,33.75,0,0,0
54,Male,88079,Bachelor,Married,3,Midwest,Urban,17,1385.73,81.51,20,1,0.075,0.251,0,0.221,0.051,8,5.3,12,0.67,1,0,0
44,Female,65630,High School,Single,2,Southwest,Suburban,14,865.61,61.83,30,4,0.104,0.392,0,0.222,0.066,10,5.74,8,25.31,1,0,0
22,Female,40592,Bachelor,Married,5,West,Suburban,13,945.3,72.72,40,1,0.057,0.453,0,0.183,0.033,12,3.85,13,8.03,0,1,0
45,Female,51462,Bachelor,Married,2,Midwest,Urban,15,506.27,33.75,27,1,0.135,0.402,0,0.345,0.059,10,3.53,12,21.48,0,0,0
57,Female,62369,High School,Married,2,Northeast,Suburban,15,1117.0,74.47,12,2,0.213,0.32,0,0.276,0.09,11,5.98,11,31.66,0,1,0
36,Female,60335,High School,Married,2,Northeast,Suburban,15,1298.12,86.54,20,3,0.118,0.56,0,0.462,0.063,11,3.75,11,14.02,0,1,0
62,Male,64280,High School,Married,2,West,Urban,11,386.68,35.15,16,4,0.074,0.586,0,0.346,0.163,9,8.0,11,21.73,0,0,1
61,Female,114076,PhD,Single,1,Southeast,Urban,19,1372.7,72.25,34,3,0.028,0.469,0,0.311,0.152,8,6.11,7,11.76,0,1,0
66,Male,140309,Master,Married,2,Midwest,Urban,38,5055.79,133.05,5,8,0.126,0.368,1,0.291,0.045,24,7.75,2,2.4,1,0,0
46,Male,34718,High School,Married,3,Midwest,Suburban,7,482.88,68.98,26,3,0.05,0.503,0,0.338,0.057,4,4.99,5,3.9,1,1,0
50,Female,54274,High School,Single,1,Southeast,Suburban,4,163.0,40.75,69,1,0.176,0.317,0,0.351,0.108,7,3.02,7,2.96,0,1,0
63,Male,134449,Master,Married,3,West,Suburban,38,2771.51,72.93,13,2,0.095,0.275,1,0.377,0.079,15,4.85,8,11.71,1,0,1
48,Male,78331,Bachelor,Single,3,Southwest,Urban,8,598.55,74.82,42,2,0.138,0.703,0,0.243,0.05,8,5.76,11,62.88,1,1,0
34,Male,72210,Master,Single,3,Southwest,Suburban,14,1017.76,72.7,14,3,0.093,0.337,0,0.391,0.145,6,6.58,8,20.73,0,0,0
35,Female,116131,PhD,Married,5,Southeast,Urban,21,1824.54,86.88,29,2,0.181,0.431,0,0.145,0.06,10,4.93,10,21.34,1,1,0
45,Male,77428,Bachelor,Divorced,3,Southeast,Urban,12,1384.57,115.38,43,4,0.125,0.305,0,0.394,0.117,11,4.13,11,35.23,0,1,0
22,Female,52975,Bachelor,Married,3,Midwest,Suburban,5,347.11,69.42,66,4,0.114,0.81,0,0.25,0.051,6,3.41,17,29.33,1,0,0
39,Female,89685,Master,Married,6,West,Suburban,22,1276.74,58.03,24,2,0.109,0.447,0,0.276,0.127,21,4.05,8,32.17,1,1,0
58,Female,107128,PhD,Widowed,1,Midwest,Suburban,26,2722.64,104.72,12,2,0.219,0.304,1,0.23,0.088,17,3.41,12,41.55,0,0,1
18,Male,39737,Bachelor,Single,1,West,Urban,21,1071.67,51.03,21,5,0.157,0.381,1,0.172,0.063,15,5.14,15,43.95,0,1,0
65,Female,90896,Bachelor,Married,3,Northeast,Suburban,16,990.62,61.91,39,3,0.032,0.47,0,0.174,0.061,15,7.94,7,7.1,0,0,1
58,Male,71835,Bachelor,Married,2,West,Suburban,16,1343.01,83.94,14,3,0.097,0.336,0,0.241,0.11,10,6.19,7,44.14,1,0,0
35,Male,68760,Bachelor,Married,2,Southwest,Suburban,23,2159.51,93.89,26,4,0.244,0.406,1,0.249,0.043,14,5.5,9,49.85,1,0,0
50,Male,100916,Master,Married,5,West,Urban,18,1525.95,84.77,32,4,0.155,0.539,0,0.365,0.124,17,3.85,5,34.46,1,0,1
42,Female,116995,PhD,Single,2,Southeast,Suburban,16,1103.24,68.95,41,5,0.103,0.41,0,0.554,0.168,22,11.02,15,40.63,0,1,1
60,Male,105518,Bachelor,Single,2,Midwest,Suburban,17,1445.36,85.02,25,2,0.014,0.573,1,0.141,0.042,9,6.47,6,25.07,1,1,1
56,Male,94313,Master,Married,3,West,Suburban,20,1160.66,58.03,15,2,0.169,0.505,1,0.305,0.046,11,6.69,5,12.51,1,1,1
20,Male,64091,Bachelor,Married,5,Southwest,Rural,11,732.33,66.58,31,1,0.198,0.502,0,0.235,0.04,8,6.63,22,58.88,1,1,0
50,Male,72987,High School,Married,6,Southeast,Rural,18,1468.5,81.58,28,3,0.055,0.409,1,0.29,0.092,11,4.55,13,14.19,0,0,0
38,Female,75917,Bachelor,Single,1,Southeast,Suburban,26,739.08,28.43,9,2,0.041,0.546,1,0.479,0.098,14,3.84,8,0.0,0,1,0
43,Female,52808,High School,Married,3,Southwest,Rural,13,919.29,70.71,26,3,0.073,0.798,0,0.225,0.107,7,7.57,9,42.59,1,0,0
31,Female,49978,Bachelor,Married,4,West,Urban,10,475.14,47.51,52,3,0.154,0.36,0,0.16,0.029,10,5.72,12,15.7,1,0,0
68,Male,102530,Bachelor,Married,5,Midwest,Urban,10,700.19,70.02,45,2,0.169,0.67,0,0.336,0.108,9,5.01,4,0.0,1,0,0
57,Male,75597,Master,Married,3,Southeast,Suburban,11,453.77,41.25,18,2,0.11,0.259,0,0.144,0.039,12,8.54,7,10.28,0,0,0
30,Other,75582,Master,Married,6,West,Rural,14,648.49,46.32,30,1,0.072,0.363,0,0.295,0.096,9,3.52,11,56.28,1,0,0
21,Male,20000,Bachelor,Married,3,Southwest,Suburban,3,225.88,75.29,117,5,0.142,0.672,0,0.395,0.115,7,4.64,16,32.83,1,0,0
36,Female,34353,High School,Married,6,Southeast,Urban,6,384.98,64.16,80,2,0.063,0.755,0,0.181,0.037,8,3.52,10,37.77,1,1,0
48,Male,65842,Bachelor,Married,5,Northeast,Suburban,9,799.33,88.81,18,5,0.09,0.448,0,0.188,0.09,11,3.27,8,53.12,0,1,1
45,Female,123050,PhD,Married,5,Southwest,Urban,14,1041.3,74.38,27,7,0.124,0.201,0,0.397,0.059,10,23.08,11,14.78,1,1,1
60,Male,98921,Bachelor,Single,2,Southeast,Suburban,13,1500.64,115.43,47,5,0.054,0.612,0,0.285,0.04,10,5.51,4,24.59,1,1,1
53,Male,59690,High School,Widowed,2,Northeast,Urban,8,468.1,58.51,21,2,0.292,0.4,0,0.322,0.154,6,7.79,5,27.41,0,1,1
56,Female,81340,High School,Married,1,Midwest,Urban,18,988.08,54.89,28,3,0.173,0.274,0,0.357,0.097,5,4.85,6,32.06,1,1,1
46,Female,90714,Bachelor,Single,2,Southeast,Urban,18,968.33,53.8,16,3,0.047,0.282,1,0.324,0.09,7,7.01,7,37.5,0,0,0
21,Male,54990,Bachelor,Single,3,Southeast,Suburban,16,584.45,36.53,23,6,0.12,0.397,0,0.212,0.041,10,6.75,18,36.78,0,1,0
39,Female,66034,Master,Married,4,Midwest,Suburban,13,625.09,48.08,47,3,0.036,0.498,0,0.268,0.083,10,26.04,8,15.79,1,0,0
57,Female,98081,Master,Widowed,2,Southwest,Urban,25,1529.07,61.16,14,4,0.061,0.453,1,0.16,0.031,12,3.02,7,27.74,0,1,0
41,Male,71931,Bachelor,Divorced,4,Southeast,Suburban,15,1260.77,84.05,30,6,0.194,0.613,0,0.326,0.157,11,7.49,18,0.0,0,0,0
49,Male,61313,Bachelor,Single,3,Northeast,Suburban,24,2704.31,112.68,9,3,0.082,0.493,1,0.193,0.027,12,5.6,17,44.46,0,0,0
37,Male,60705,High School,Married,3,Midwest,Rural,8,443.3,55.41,40,1,0.221,0.45,0,0.157,0.038,14,9.09,8,34.01,0,0,0
26,Male,95597,PhD,Single,1,Northeast,Rural,9,659.2,73.24,26,8,0.161,0.384,0,0.39,0.119,8,6.5,12,40.74,1,1,0
40,Female,79275,Bachelor,Single,2,Southwest,Urban,11,357.29,32.48,40,6,0.146,0.674,0,0.323,0.144,10,4.7,12,25.07,1,1,0
46,Male,81583,Bachelor,Married,6,West,Urban,25,1307.16,52.29,16,7,0.144,0.517,1,0.065,0.007,18,3.4,5,20.45,0,0,1
32,Male,77147,Bachelor,Married,5,Southwest,Urban,15,542.34,36.16,20,5,0.389,0.325,0,0.232,0.075,15,4.06,12,43.96,1,0,0
38,Male,68310,Bachelor,Single,2,Southeast,Suburban,18,1447.63,80.42,38,5,0.078,0.371,1,0.16,0.024,10,5.18,10,22.49,0,0,0
27,Female,65226,Bachelor,Single,4,Southeast,Suburban,9,911.53,101.28,26,3,0.057,0.229,0,0.314,0.043,7,4.25,15,26.59,1,0,0
58,Male,81033,Bachelor,Married,6,Southeast,Urban,12,586.75,48.9,48,2,0.19,0.378,0,0.245,0.117,6,3.65,11,25.62,0,1,1
37,Male,61432,Bachelor,Single,1,Southeast,Rural,10,566.55,56.65,18,1,0.047,0.384,0,0.334,0.037,6,3.24,10,25.78,0,0,0
63,Male,111073,Bachelor,Married,3,Southeast,Suburban,17,1369.64,80.57,35,5,0.127,0.276,1,0.354,0.073,8,4.84,6,9.08,0,1,0
64,Female,61143,Bachelor,Married,4,Northeast,Suburban,10,742.39,74.24,40,2,0.287,0.365,0,0.339,0.161,9,9.73,5,23.22,0,1,0
40,Male,70751,High School,Single,2,West,Suburban,16,1079.71,67.48,37,4,0.168,0.28,0,0.348,0.087,7,4.95,6,56.14,1,1,1
26,Female,52091,Bachelor,Married,6,West,Suburban,8,786.68,98.33,65,5,0.215,0.499,0,0.325,0.08,7,4.06,10,66.14,0,1,0
18,Male,43749,Bachelor,Single,4,Midwest,Suburban,12,442.69,36.89,38,6,0.017,0.327,1,0.307,0.069,11,6.23,21,31.74,1,0,0
19,Male,59723,Bachelor,Single,3,Northeast,Rural,12,934.23,77.85,29,8,0.02,0.474,0,0.41,0.082,10,13.36,20,41.99,0,1,0
21,Female,65055,PhD,Single,2,West,Urban,27,1366.82,50.62,19,2,0.4,0.454,1,0.162,0.028,13,7.64,12,39.09,0,1,0
62,Male,62959,High School,Married,3,Northeast,Suburban,9,264.98,29.44,63,3,0.151,0.692,0,0.269,0.053,5,6.83,9,15.49,0,0,0
43,Female,47262,High School,Married,5,Northeast,Urban,9,739.47,82.16,45,4,0.123,0.733,0,0.155,0.018,9,5.75,9,36.28,0,0,0
47,Female,59879,High School,Married,4,Southeast,Suburban,13,1266.31,97.41,29,3,0.353,0.509,0,0.288,0.07,12,3.33,12,31.44,1,0,0
18,Female,42937,Bachelor,Single,2,Midwest,Suburban,8,477.35,59.67,28,1,0.066,0.224,0,0.193,0.023,12,12.48,10,46.26,1,0,1
24,Female,83816,Bachelor,Married,5,Southeast,Urban,19,1126.81,59.31,33,1,0.1,0.897,0,0.174,0.061,12,3.66,21,33.76,1,0,0
55,Male,126555,Master,Single,3,Northeast,Urban,27,1903.69,70.51,11,9,0.134,0.519,1,0.113,0.047,9,3.89,11,27.53,0,0,1
46,Male,32070,High School,Married,4,Northeast,Urban,6,343.48,57.25,35,1,0.117,0.489,0,0.431,0.07,5,3.86,8,20.41,0,1,0
39,Female,79964,Bachelor,Single,2,West,Suburban,14,384.25,27.45,14,3,0.074,0.451,0,0.168,0.071,10,7.09,10,18.51,0,0,1
50,Female,108479,Master,Single,1,Southeast,Suburban,15,1525.11,101.67,37,3,0.113,0.362,0,0.226,0.027,9,3.57,6,59.82,0,0,1
66,Female,131544,PhD,Married,3,Southeast,Rural,20,1748.29,87.41,26,3,0.171,0.612,0,0.407,0.11,18,4.46,5,45.16,0,0,1
38,Male,91128,PhD,Single,3,Midwest,Urban,15,1001.64,66.78,15,1,0.065,0.667,0,0.272,0.119,11,3.82,15,32.13,0,0,0
43,Male,86338,Master,Married,4,Northeast,Urban,9,465.36,51.71,47,4,0.069,0.144,0,0.196,0.075,11,10.85,12,47.79,0,1,0
44,Female,94575,PhD,Divorced,2,Midwest,Suburban,27,1310.66,48.54,9,5,0.083,0.526,1,0.265,0.069,13,3.17,16,27.21,1,1,0
77,Male,80896,High School,Married,2,Southeast,Urban,26,1801.41,69.29,14,3,0.089,0.652,1,0.365,0.14,17,3.68,3,0.0,0,1,0
18,Male,36850,Bachelor,Married,4,Midwest,Urban,9,471.02,52.34,61,1,0.084,0.231,0,0.276,0.037,7,3.02,13,41.34,1,0,0
52,Male,65478,High School,Divorced,1,Midwest,Suburban,15,913.57,60.9,19,3,0.169,0.576,0,0.232,0.041,7,6.59,6,24.99,0,0,0
40,Female,65057,Master,Married,4,West,Rural,16,1350.77,84.42,11,6,0.072,0.865,0,0.299,0.121,10,4.72,15,23.21,0,0,0
50,Male,107597,PhD,Married,4,Southeast,Rural,11,934.96,85.0,24,8,0.035,0.572,0,0.142,0.041,8,9.33,6,3.97,1,1,0
32,Female,47471,Bachelor,Married,2,Midwest,Urban,13,884.61,68.05,28,3,0.075,0.342,0,0.284,0.066,8,3.61,9,29.5,0,1,0
41,Male,76502,Bachelor,Single,2,West,Urban,12,466.53,38.88,24,1,0.089,0.667,0,0.087,0.012,13,7.19,12,27.34,0,0,0
52,Female,87008,Master,Widowed,2,Southwest,Suburban,6,388.0,64.67,82,3,0.1,0.354,1,0.274,0.07,9,7.41,8,9.86,1,0,0
80,Female,138958,PhD,Married,6,West,Suburban,19,2453.83,129.15,30,5,0.091,0.326,0,0.162,0.036,11,3.61,3,0.0,1,1,0
54,Male,100023,Bachelor,Widowed,2,West,Suburban,21,2088.36,99.45,14,5,0.168,0.681,0,0.183,0.028,11,4.04,9,14.17,1,1,0
29,Female,117641,PhD,Married,5,Midwest,Suburban,16,1527.89,95.49,19,2,0.067,0.413,0,0.301,0.092,15,3.37,18,44.69,0,0,1
